,one,two,three,four,key
0,0.467976300189,-0.0386485396255,-0.295344251987,-1.82472622729,L
1,-0.358893469543,1.40445260007,0.704964644926,-0.200638304015,B
2,-0.50184039929,0.659253707223,-0.421690619312,-0.0576883018364,G
3,0.204886212202,1.07413396504,1.38836131252,-0.982404023494,R
4,0.354627914484,-0.133115852296,0.283762637978,-0.837062961653,Q
5,1.81748001608,0.742272722638,0.419394843928,-2.25103520513,Q
6,-0.776764319165,0.935517747061,-0.332871759623,-1.87564085416,U
7,-0.913134961617,1.53062351168,-0.572656719239,0.477252252981,K
8,0.358479538224,-0.49757199147,-0.367016188009,0.507701778685,S
9,-1.74087710829,-1.16041658062,-1.63783027929,2.17220101238,G
10,0.24056373835,-0.328249185208,1.25215525783,1.07279626643,8
11,0.764018252198,1.16547617218,-0.639544262638,1.49525751956,R
12,0.571034923177,-0.310537224251,0.582437274651,-0.2987651796,1
13,2.31765810894,0.430709506296,-1.33421573445,0.199679483557,P
14,1.54777073472,-1.11975292512,-2.27763354506,0.329585909852,J
15,-1.31060811665,0.401719086645,-1.00098707369,1.15670834954,E
16,-0.0884964396951,0.634711729043,0.153323985774,0.415334751149,B
17,-0.0186628260149,-0.247487241047,-1.44652215689,0.750937748749,A
18,-0.0701272145463,-1.57909726069,0.120891794918,0.671431885035,F
19,-0.194677940725,-0.492039150308,2.35960484963,0.319810396195,H
20,-0.248617847177,0.868706587235,-0.492226143765,-0.717959381922,W
21,-1.09154895394,-0.867110226119,-0.647760443099,-0.832561559975,C
22,0.641404300148,-0.138821578977,-0.621962804042,-0.284839425379,C
23,1.21640846838,0.99268666512,0.165161778012,-0.0696186082242,V
24,-0.564474180519,0.792832268133,0.747052842907,0.57167515791,I
25,1.75987899507,-0.515665834496,-0.230480686323,1.36231722352,S
26,0.126266090531,0.309281375664,0.38281996138,-0.239199054993,L
27,1.33436047951,-0.100152166835,-0.840730552173,-0.643966598255,6
28,-0.737620017711,0.278087463151,-0.053235240431,-0.950971590734,J
29,-1.1484864849,-0.986292150868,-0.144963115417,0.124362404338,Y
30,1.63059449241,0.243886206002,0.468368306354,1.25804787443,F
31,1.04488953219,0.0807175385621,0.857885542829,-0.298381802517,J
32,-0.262542542362,-1.61519874791,-1.08723871374,0.759029075237,T
33,0.0201440713103,1.10779156618,-0.559435335039,-0.481925210095,M
34,-1.20391554609,1.88534310731,-0.0804704068388,0.25064589327,J
35,0.366914548813,-2.43008643092,-1.05344696342,0.346278884194,A
36,0.434220473424,-0.0798625386706,-0.422976747932,-0.0742721760915,I
37,0.0406656980213,-1.81021570262,-0.189192727269,1.22926636581,G
38,1.33845943246,0.338489099729,-0.213446105129,2.32592341971,Q
39,0.572981073363,0.782663875351,1.30767321124,1.61995725335,X
40,0.762428447112,-0.648528798886,1.93651473707,-1.15966561312,J
41,-1.25204557796,-1.53853949038,1.0422813822,0.623835121823,A
42,-0.0475302140596,-0.494310199706,-0.165460018905,0.472929032513,J
43,0.124547711991,0.730791450242,-0.25752685093,-1.51125664924,G
44,0.801889237656,-0.462780621429,-1.73462083332,0.674768319362,R
45,-0.992306666472,-1.09683007882,-2.0617943017,0.035390605957,R
46,-0.109662774864,2.57709376617,0.91356252242,0.613594050216,V
47,-0.541680906279,1.5100313553,0.467944825377,0.553225037837,N
48,-0.0795865737601,-0.609923697841,0.35383422895,1.10803005914,M
49,-0.0437516462601,-0.410666385961,-0.729599036366,0.263223371713,P
50,-0.761490177447,1.10418191625,1.27060866366,-0.319284452382,O
51,-0.804975073037,0.559520138339,1.05223226496,-0.645574265818,F
52,0.35394105397,1.82996269805,0.398922026361,-1.52223131661,O
53,1.54163640493,0.478316068959,-0.666760327343,1.36717494756,X
54,-0.987620842341,0.337534288405,0.386934953004,1.99614391761,Z
55,-0.353462320307,-0.448433452071,-0.420520291568,0.606223206634,N
56,-0.275687122051,0.127910363851,0.877755572144,0.141774294303,6
57,0.448882070123,-0.0164103203039,-0.0414342913919,0.483096480304,6
58,-0.0437649578253,-0.878445916853,1.52507535186,0.00822316479269,Q
59,-0.0644155835746,0.080920574987,0.644715202274,0.393025120766,T
60,0.0150183089497,-1.62030091273,0.465865552616,1.63737662602,X
61,0.579715377177,-0.565645982402,-0.812128961966,1.53280260401,H
62,-0.324507167079,1.85335063636,-2.26860910203,-0.355131709073,F
63,-0.100246742541,-1.9546139579,0.132518774906,0.83692675288,K
64,0.275725087798,0.349561138652,-0.617722975053,0.675990898106,F
65,0.300486311556,-0.914367342324,-1.6046088239,-0.90545849944,P
66,-0.362382393314,0.708360644964,-0.388316739311,-2.32876299592,I
67,0.805330955425,0.0736168178539,0.481166223853,0.632620759249,Q
68,0.786095366054,0.0951374087988,-1.04996472851,1.82879833145,K
69,0.20781502657,1.40727518965,-1.04479960125,0.140207499487,2
70,1.80974963809,0.592023139186,-0.146214836643,-0.113817691749,J
71,0.190562146781,-2.88635875932,0.514364781284,-2.2081180574,F
72,0.844977118094,-0.164290184848,0.218672395512,0.0990115476933,D
73,0.195035085082,-0.649590655548,2.17166386104,0.453465558806,I
74,-0.0564333653869,1.75865043501,-0.448091017018,0.346784396043,C
75,-0.11260915388,-2.64245701436,-0.487309941502,-0.220507107741,K
76,-1.39531912204,0.573474013814,-0.0133236905274,-1.30707048628,C
77,-2.08027277833,0.0974981483635,0.321489166278,0.0126076722626,E
78,0.88317164615,0.490426984887,-0.799299286482,-0.699668792454,U
79,-0.138631966525,-1.41784482297,-0.199678277638,1.19929867533,V
80,-0.961579329566,1.16624685822,-1.12495332265,0.201727835778,D
81,1.30145347696,1.07711713668,0.56050246064,0.859991127179,U
82,0.0636793444679,-0.995532083484,0.879547223724,-0.0124713077028,R
83,-0.373381111798,0.982861169257,-0.0375341446861,-1.33785580601,G
84,1.49229222711,0.485490431128,0.129313292844,1.73356873962,Y
85,-0.908491526543,0.498234275772,-0.588843697186,-0.903956188452,8
86,1.13713975779,0.977509103934,-0.940993915461,0.149012866744,7
87,-1.04983803109,2.45342509904,1.23008741443,-2.06850760711,K
88,1.48519893861,-0.806453458123,-0.475087116613,0.936801368414,D
89,-0.790436911077,1.8238515301,0.470826739735,0.898781975943,J
90,2.02480808353,0.0322506496307,1.31529742078,-0.156432529592,S
91,0.379253002685,-1.05940924098,-1.13206803173,1.22229604428,I
92,2.40321605952,-1.79252836422,-0.917572680139,-0.88669297209,T
93,1.24997470755,1.49152996563,0.371475805897,-0.000464620420962,C
94,0.501130600702,-1.8524509796,1.11035434692,0.508864733821,E
95,1.10652128242,0.0981530997183,0.789793234562,1.19269254286,T
96,-0.540542595454,1.78256921968,0.0519310959987,0.463867655906,Q
97,-0.101979890355,0.981720222277,1.10699018111,-1.75226932921,M
98,0.632107381338,-0.761419236427,1.42793044112,-0.0469283588887,F
99,1.00977860887,-0.608379336968,-1.40510505648,-1.17505405942,F
100,-0.602747944659,-0.182503514402,-0.768163968379,1.26068635765,X
101,-0.0391054339894,-0.0695099824413,-1.35805194008,-0.292858620366,0
102,-0.345100573788,-0.179476870638,-0.904657664386,-0.0712867473108,T
103,-0.759495118894,0.225916245652,2.2358717609,-0.00448980823071,X
104,-1.6867705196,0.742275516539,0.48587599627,1.79850711251,Q
105,0.145697316417,0.805037295613,0.350361830434,-0.540234679436,O
106,2.48765369604,-0.147867121811,0.580688201183,-0.305696173077,S
107,0.38016591287,-0.592483279562,0.393693377794,-0.463216602736,M
108,0.96354902595,-1.55030192705,-0.944962257052,0.121546253521,K
109,-0.0403846130388,-0.312648567879,-1.19660390862,1.0750431857,S
110,0.938356628434,-0.235761104349,-0.0773603113055,1.16215015537,4
111,0.190303261201,-0.425472860755,0.362347382137,-0.688710660785,U
112,0.256419161128,0.0826694187979,-2.30275824842,-0.446115220145,6
113,0.690971664806,0.871498395659,0.948468891564,0.644683368429,7
114,-1.15778132548,0.0936961784472,-0.765272815741,-0.724766824934,Q
115,-0.295462233706,-0.832817149695,1.49020373854,-0.420786204612,F
116,0.132722962244,-1.25578038911,1.37000771682,1.14448991761,I
117,-0.111380676194,0.572076202947,1.8079619052,1.09020474362,N
118,0.178699745816,-1.60883234776,2.1746148394,-1.35173849821,6
119,1.20218256712,0.179582552204,0.202061214889,-0.731213132128,F
120,-0.674446571006,-0.184702666166,0.706721251292,0.718680803788,H
121,1.76553544644,-0.951931579911,0.320146510176,-1.15934952511,Z
122,-1.2478849863,-0.725490485007,0.541997606469,-0.126572143755,W
123,-1.1640445457,-0.647618961239,-0.550283265919,1.16494340443,H
124,1.81613255613,-0.393382465546,-1.21291011478,-0.317186597786,C
125,0.499882890819,-1.18363110139,-0.638619314755,-0.785336775967,Y
126,1.22849889391,1.25347911733,-0.221459415048,-0.0654131965162,H
127,1.01895127853,-0.423936860698,-1.72455343475,-0.823409084355,A
128,-0.169892938696,0.301071840312,1.40996063006,-0.516055941099,X
129,0.883067867689,0.950612783539,0.783765906001,0.776406924195,6
130,1.03277821333,-0.0929303289895,0.600042004986,0.173515461043,C
131,-0.249224588436,-0.0648201009871,-0.0127630546134,0.0304726487395,N
132,0.556590447301,1.97690140411,0.130668936682,2.71966409048,I
133,0.16107564162,-1.3149395378,-0.605192051164,-0.732212975124,S
134,-1.84206221975,0.0109146960347,-0.0132330195161,-0.29825942451,C
135,1.72723710088,1.67458417387,-0.988291322079,0.512445217364,H
136,-0.190386389574,-0.184385010197,1.16329213344,-1.05989578865,Y
137,0.69311133934,0.815751494672,-2.38869472458,-0.201710174422,J
138,-0.0621126729433,-0.00984964476467,0.658452659654,0.782909762977,X
139,0.880939751586,-0.707391129783,-0.750939055668,-0.0423814584647,Y
140,-0.592837623954,-0.700117210885,0.831351965158,-1.15891084185,V
141,1.62834979618,0.404618215489,0.0863343325974,0.278913544915,V
142,0.210544278316,-0.909438189136,0.903899753529,0.471579103734,0
143,0.033606494896,-0.882900260313,-0.345729265059,-0.317833493034,C
144,-0.0755744023429,-0.616260178437,-0.342470997941,0.850522271235,F
145,-1.26295070974,-0.167273237609,1.45780742884,-0.37563609476,H
146,-0.289513268133,-0.927606335239,0.950207336839,1.23406721349,R
147,1.34653227067,1.08338934179,-0.840822696227,0.525032166375,N
148,0.698212579575,-1.2635370225,0.0345888504173,-1.08271314806,U
149,-0.798004160565,-1.30179455306,-1.95685241187,-1.2841200757,H
150,0.042611218243,-0.175943187928,-1.01597727921,0.668173594623,B
151,1.52264922941,2.29139247927,1.5064450569,-0.448051016456,I
152,0.54911837215,-0.439673137424,0.651228776652,2.6480462772,4
153,0.119467771322,0.224633361843,-0.462936521536,1.41015553196,B
154,-0.323899441166,-0.115278120343,-2.24762512685,0.271304098854,S
155,-0.569092884953,1.86005610394,-2.5526005446,-0.433538185597,8
156,0.112111473607,-0.845797840143,1.00631020207,1.13883188261,S
157,-0.499492134991,0.91641467488,-1.04521512609,-0.50757820342,F
158,0.376336174588,0.764118507122,0.935520356664,-0.594284323631,E
159,0.0435519604575,-1.13311390808,1.83995995892,1.07689076788,8
160,0.08521566085,2.51096445751,-1.05481405994,0.673699680303,M
161,-1.78187926997,-1.08540212875,-0.0523621760075,-1.07072106964,S
162,0.895674400067,1.2217782908,0.354943949672,-2.72080073957,D
163,0.178964296545,-1.24036038336,0.216703259507,-0.931038265768,N
164,0.751110935945,-1.67754135722,-1.84529427201,0.472624179004,5
165,-0.174065305457,0.41737570589,0.67568579441,0.976129682648,8
166,0.469285344255,0.468042648048,0.740358197771,-3.17350880211,N
167,-0.414343091707,-0.847569597434,0.321460576581,-2.57576740455,T
168,0.947170681816,0.328539010454,0.194054760004,-0.530855170507,0
169,0.280983721958,2.21810968243,0.0430190102528,0.105970933337,M
170,1.36877536297,0.314364311301,0.237928036312,0.826479814371,X
171,-0.556653869652,0.677243772286,-0.0487451867473,0.481484592223,T
172,1.27535225202,-1.63660490059,-0.907082516741,-0.842150166534,H
173,0.354484776486,0.336961106409,-0.877360547161,1.94340295455,N
174,1.63041080339,-0.107837334831,-0.452669704243,0.511911011614,A
175,2.13082174199,-0.513612858636,-0.589272751532,0.270246731148,K
176,1.1330300851,-0.920498984072,-0.41147778905,-0.00125773317809,C
177,-0.022368446588,-0.165693213389,1.48750250694,-1.5609710846,X
178,-1.59781750388,-0.544169575971,0.565075786079,1.28817666767,U
179,-0.641428915759,0.376689595468,-0.153789313646,-0.512960526573,G
180,0.314357377289,-0.962541936748,-0.541512534494,-1.1561648896,Y
181,0.0883395556165,0.814274132271,-0.304655359037,0.792676034143,K
182,-0.241961771733,-0.629315403013,-2.21260233427,-0.374105157708,G
183,-1.18173491365,-0.596941681158,0.2743443978,0.273126365442,5
184,-0.216653074676,-0.736039143474,-0.695235903991,0.421187733859,O
185,-0.210084441042,0.708076753126,1.54565512016,-1.58704505966,G
186,-0.194803690607,-0.215578248302,0.691829450352,-0.0992752966404,Z
187,0.555034364088,-0.628948162163,-0.550886205331,-1.30358538455,Z
188,-0.00132553343873,0.234979080439,0.305587215001,1.17498471846,X
189,-0.505884715251,0.289074547151,-1.01753668504,0.086234836138,L
190,0.818458302751,-0.0774239427346,-1.53559692163,-0.727323013995,I
191,-0.739837815235,0.654747515967,0.775892880451,0.911725982352,L
192,-0.157668660717,0.0105765369843,-0.473290818785,-0.114977254557,J
193,1.582072755,1.21135077234,0.277131433192,0.637144296923,W
194,-0.704190048658,0.12787599735,1.05250272942,0.209073871078,B
195,-0.389367804328,-0.93291366124,-0.998024963481,0.563616911143,D
196,-0.558272131251,-0.161774896289,-1.53806659646,0.613443319356,G
197,-0.158497066494,1.34901324395,-0.475157789661,-1.0330587238,0
198,0.407671432137,0.254556508037,-1.56082456407,1.12562760798,F
199,-0.653921366863,0.0275790877175,-1.39629369836,0.913825226594,B
200,-2.57692549898,0.338165036668,0.519442976393,-2.30330714219,I
201,-0.842865347335,1.0821650933,-0.646397860835,-1.13500686925,U
202,-0.494181289099,0.104939493471,0.827236857824,1.05511433215,U
203,1.15576168508,-0.0660077704386,0.23605882151,0.309968188821,2
204,-0.687534473898,-0.0263544937825,0.106619281446,2.47490163593,N
205,0.649517559904,-1.17781051518,-0.954277458301,-0.339043658202,G
206,-0.423467777754,0.638837715089,-0.0390346575333,0.145446357589,Q
207,0.0827382882553,-0.472712215521,0.480072117744,2.01998684041,J
208,0.268893320742,-1.48484562253,-1.63763986608,-2.3255800776,I
209,-0.107129695053,-1.11241995795,-1.27069822508,0.848296771646,D
210,-1.04544077775,0.797202720191,-0.350622812646,-1.15411164074,B
211,0.419680914033,-1.20255497117,0.374432783263,-0.556201528434,F
212,0.203280886034,0.947044539757,0.990641967636,0.0618586714995,R
213,2.09212414836,0.906692467548,1.3274444574,1.09801998125,D
214,0.426330491605,0.77543138121,-0.540806606851,0.483395084815,G
215,1.65203944937,-0.887319814636,-2.17453333781,1.28661777145,D
216,1.01408518893,0.771958446614,0.391397552654,1.34960477211,D
217,-0.268733296954,0.145778431561,1.14838487859,-0.0558591686879,G
218,1.17460855008,0.611714412276,0.515178519961,-0.185847595552,M
219,-2.40501866212,-0.160283329726,2.32208248639,-0.944042520795,I
220,0.423191686836,0.0957867735118,-0.887767669303,-0.741621278186,W
221,-1.24207952376,0.371923550534,0.16677714031,1.0104893326,C
222,1.2934718078,1.14453036376,-1.4812669881,-0.441601572264,E
223,-1.12685300658,-1.03722648479,-0.239714171379,1.17321878409,7
224,-1.0622089135,1.19226182583,-0.77544757706,-1.22501175108,G
225,-0.372656417204,-0.485827702989,0.534654941088,-1.21224456369,A
226,-0.020036253405,-1.33303514247,2.18945039442,-0.24919015118,1
227,-0.577762744277,-0.389902047992,0.488137595884,0.626000837653,3
228,-0.766540645184,0.713716560555,-1.01825632674,1.88936116726,S
229,-1.73870003681,-0.336053519267,-0.992538495353,1.42120418055,A
230,-0.568215850256,-1.84814384541,0.863834662405,1.32228142724,4
231,1.32185817098,1.00887344786,0.254607528649,-1.34209930073,E
232,-1.44311819447,0.240571274358,0.792943937286,0.0736683310364,Z
233,0.440871905275,1.12257403393,-0.755518791048,-0.716928210258,I
234,1.51509585736,1.33547436495,-0.910115691199,0.0511775765034,1
235,2.02357956321,1.09680739934,-1.3481784049,0.264341887714,O
236,-0.361315167468,1.01065213956,2.55387890981,-0.0895751091802,H
237,-0.994547758775,-0.457568170876,2.21848280827,-1.2782514738,S
238,0.132032388144,-1.3051371475,-0.536163371291,-1.28005533132,T
239,1.16176432633,0.818181671369,0.0151191881992,0.283321533309,D
240,-1.03942080599,1.13451743559,-2.22579019681,0.0592040052355,G
241,-0.867388839047,0.398072218402,2.05379725736,0.734562840374,7
242,1.45300175913,0.569163454607,0.198247662356,0.46520554845,L
243,-0.0954282988118,0.428386420293,-0.405097533928,-1.39724911033,S
244,-1.17327031236,0.159077812036,1.9276511382,-0.210691347031,D
245,1.04396635963,-0.104110599839,-0.249275629159,-0.0207793012098,I
246,0.280528850972,1.60109135858,0.561331365945,0.868630989409,Q
247,-0.659952829242,-2.30316016277,0.248001069221,0.942725735947,5
248,0.790583884393,-0.983115534038,0.874530999569,0.809282002383,E
249,-1.17591092941,2.15198696697,-0.0809277136982,-0.431623621004,N
250,-0.261109738898,-0.516069628221,1.13538791735,-0.761319800575,V
251,0.703423839947,0.449614099105,-1.593578247,-1.15539989748,V
252,1.11645041825,-0.274068941169,-0.0297477874901,-0.433413276523,V
253,-0.357308670313,-0.529398311787,0.205417525617,0.108428490163,K
254,0.423229026993,2.08909611309,0.923674782142,1.50272651831,Q
255,0.217126083205,1.28236141456,-0.978428564074,0.263613449525,C
256,-0.443397941574,0.676989997986,0.638588633657,-0.873794918749,P
257,1.00534200238,0.682462254711,1.20027333585,0.193455111389,Q
258,1.37620985675,1.14804621775,-1.19493291425,-0.0246510549904,G
259,0.745346522906,-0.886025029683,-0.437063213681,2.12474074181,A
260,0.620059226462,-1.3714426877,0.722629755468,1.63796007884,A
261,0.00630699376911,-1.33134152729,0.0649616494499,-0.572398251742,A
262,-0.198477349779,0.684455814174,-0.147475221075,0.581648940506,8
263,0.681178436604,0.283488752572,-0.20125716997,-0.837272455076,Y
264,-3.72686372556,2.15263217662,0.986711235344,-1.27395629167,E
265,1.23296534957,-0.872075211571,1.12573394106,-1.26969198429,1
266,1.68071777569,-0.795061674656,0.429541561971,0.907959685749,1
267,0.0126033461146,-0.559557999613,1.17009301533,-0.755084321136,D
268,0.478687852114,-0.923803097176,-1.62141331544,1.12210892346,E
269,0.654912901411,0.0515714367429,2.0161479636,0.652618167303,4
270,-0.840524554435,-0.155627932446,0.992245693988,0.818994762669,T
271,0.167651456358,-0.126483159859,-0.2159230909,-0.551816953755,9
272,-1.69486905349,-0.251793821628,0.643791694262,1.05148438879,X
273,1.15891064075,1.19204131316,-0.474725241124,-1.1885329973,X
274,-0.359609404441,-0.742869703536,-1.43423198616,-0.412530336918,I
275,0.527893710782,0.0840680255476,2.36852964741,-0.00302369910935,B
276,0.388307345228,0.969655421373,-0.16239111452,-0.256349189716,J
277,-0.270080229648,-1.25575148996,-0.356178529128,1.23140641525,D
278,0.0820128039793,-0.523347238177,-0.29892608064,-2.25924648718,F
279,-1.40152899868,0.293567238208,0.915068680577,-0.697823682964,1
280,-0.34203915437,0.204837022753,0.965391319534,0.21957721666,N
281,1.58845583063,-0.269371964148,-0.298398891617,-0.0173215631696,S
282,0.367102716772,-0.208086567685,-0.251701415964,-0.522192758844,G
283,0.197511460601,-0.502179218169,-1.73685418123,1.23451645845,L
284,1.55252757473,-1.33235367105,-0.227917886077,-0.817040668057,I
285,0.304381622491,1.40660303091,0.373171731372,0.446836979475,6
286,-1.40555861862,-0.701879470135,1.7938014939,-0.370494730707,U
287,-0.290145817461,0.466116593833,1.01992419248,-0.0913182440873,Y
288,-0.0461043106532,0.873557369774,0.660301204101,0.463093389561,E
289,-1.57701158808,-2.11928449832,1.8056211286,-0.283501178844,S
290,0.34037236652,0.382560935847,0.000310750462007,0.452416589048,G
291,1.61748513305,0.325101331381,-0.56004210719,0.944086448958,O
292,0.268348057071,-0.373019728317,0.433140418073,-0.868285773218,L
293,0.599410556722,-1.05300636777,-0.0612465004706,0.890921720842,F
294,-1.76732355314,0.564682563134,-0.274611661673,-0.174666490025,R
295,0.00758863980265,1.50644674792,1.90347761211,0.416104168602,G
296,-0.109962464506,-0.92011662808,1.82319172674,-1.42793478629,5
297,0.645940278964,0.441283164828,0.724278886156,0.72679455762,R
298,1.18991277757,-0.453600708269,1.20712924318,-0.241784995613,T
299,1.20958260767,0.65135204117,0.384909738967,0.560129899922,N
300,-0.835033146253,0.186814148387,0.0994207791387,-0.540764053646,7
301,0.923118167978,-1.34952513551,1.98628884937,1.09994393543,U
302,-0.169421148516,1.09333515534,-0.0476520705247,-0.0857051252725,L
303,-0.367094822957,-0.764236642365,0.525876450542,0.358030321448,O
304,-1.1500069318,0.824940600187,-0.871590899842,0.058123757859,X
305,1.49739986205,-0.819334159838,0.0173922939101,-0.0373138831218,E
306,-0.317808432798,1.23565305224,0.129119462254,-0.750614454962,L
307,0.89532447686,1.73828940595,-0.789496165367,1.56141462002,R
308,-2.32337594373,-0.0864840810099,-0.937811232637,0.975500070851,Z
309,0.749856964401,-1.46987067396,2.67443377359,-0.835017756629,L
310,-0.631610955098,-0.828862135897,-0.120593931393,-1.00073677846,6
311,-0.722216454,-0.507615853758,0.252700306067,-0.196934531941,R
312,-1.12139973048,-0.830073503932,-1.55615056655,1.3721124891,F
313,1.25533425487,-0.09154850985,-1.09204964199,1.43161043377,6
314,-2.088979558,-1.03384018998,-0.175709666863,-0.0449589141002,H
315,-0.593835822312,-0.125592399728,-0.148472855001,0.824293452333,J
316,-0.853371415484,-1.05039203696,-1.63655218727,-0.531499124856,X
317,0.184960336992,0.724280895102,-1.30361378129,0.0427831967716,B
318,-0.234229356882,-2.15677620777,0.665154262535,0.652184895711,O
319,-0.54299503992,0.391323100562,-0.623618972537,-0.638090845749,E
320,1.03698614841,0.499677025358,1.1483637071,-0.467138973178,X
321,0.76271339487,-0.337945754488,-0.2394130161,-0.662794634356,R
322,0.749977252066,0.712538194104,1.00191689839,-0.996523167443,X
323,0.171084490966,-0.255490209155,0.10204825688,-0.316482514731,P
324,1.93252529985,0.246312840195,-0.141026811591,-0.530162228416,P
325,-1.05774509068,-0.974924406809,-0.138163668084,0.50749427439,M
326,1.45092529268,-0.757698387582,-0.0953520457199,-0.783242478344,S
327,-0.85149196031,0.531830081401,-0.000884832874349,1.09008844783,J
328,-1.45522992648,-1.65130642134,0.176941162469,0.872048144356,H
329,1.61492737297,-1.21321204424,-0.481253085157,-0.417013545521,Y
330,-0.0844707071002,-0.277350251414,1.45142975013,0.084764073742,V
331,-0.5181126395,0.226027523031,-0.511796004744,-0.919189801343,I
332,-0.972865815785,1.00420510815,0.120233141304,0.0420245997512,U
333,2.83389146282,-2.10126036599,-0.429481838014,-0.463515049932,V
334,-0.128270349801,-0.543379557898,-0.221872914332,-1.02900699991,W
335,1.2479672656,0.12885030993,-1.5591854335,0.0442225359338,O
336,0.273832207653,0.522074012213,-0.308342079956,2.69927626674,P
337,0.702012139939,0.711724433547,1.16333553945,0.296342565636,W
338,-1.01616433854,-0.354133698994,0.344964062178,-0.991717145794,B
339,1.06324882728,-1.60978016501,1.58545234186,0.266229477001,N
340,-0.345091855756,-1.7837325519,0.99536338098,-0.133127352441,L
341,0.58027291123,0.858169734642,-0.411593834311,0.237032769553,B
342,0.242251380141,-0.0145725002239,-0.546432249808,0.329856322069,Y
343,0.399690118727,1.88321678065,-0.567522295935,0.406623115363,2
344,-0.388245285516,1.91955177908,-0.905066936826,0.678331150429,F
345,0.533743889572,1.90674601442,0.543798074993,-1.30882802925,V
346,-0.978300644853,-0.936582646346,0.0904091533885,-0.218279913589,G
347,0.339442344569,-0.280249621951,-1.00701185586,-2.80808361019,3
348,-1.67040365215,0.0766646690072,1.29803020109,-0.763384229448,A
349,0.673709173872,1.49274874214,0.54797402281,-0.21453004323,M
350,-0.860414392152,-1.05417317622,-0.213906071213,2.00459404389,5
351,-0.697103088091,0.482458727851,-0.618269289508,0.46832546042,X
352,-1.595699258,0.747178514991,0.439321734363,0.375915183795,W
353,0.640864163329,-0.928822634893,0.139355578476,-0.740331951841,F
354,0.504642371483,0.0813011615781,-0.524630774609,0.122069394944,A
355,-1.56057635517,-1.40874130154,0.544640810174,0.939580399542,P
356,0.876947072215,0.969391778742,-1.06937456045,0.173287156582,W
357,-0.99574766653,-0.962385194582,1.25743132987,-0.631645560594,O
358,0.500235549767,-0.891189447424,0.463303711582,-0.39450123141,Q
359,-2.68733452364,-0.240996973166,-0.588066956412,-0.355681965761,X
360,1.11229192519,-0.0268625158011,-0.144076658429,0.364360511234,B
361,0.236182901499,0.113043321335,-1.38045374982,0.0287923325092,B
362,-1.09349419073,-0.94656249728,0.149382352342,-0.190454424156,Q
363,0.676450248634,0.904576346819,0.854621267822,0.323596422009,V
364,1.84171173892,0.439631156345,-1.26512150935,-0.7130287437,Z
365,-1.12860527791,-0.498973014223,-0.0799628298771,0.176692485018,V
366,0.767857131539,-0.511653489057,-2.18141435994,-0.225151027299,I
367,2.21922339462,-1.50715786572,0.901498948231,0.474151148398,7
368,-0.0304388705899,0.912498133079,1.78049729509,0.437121618886,O
369,1.03866081951,-0.390588986449,1.52163398484,1.43129877901,6
370,-0.562847699886,0.630243211028,-0.055076707411,-2.03174199858,T
371,-0.838190893841,1.91050059234,1.78492448135,-0.128931948702,H
372,0.289629648945,1.53067290722,-1.67807010088,1.18281868986,2
373,-0.458333386443,1.22967156917,-0.038086863698,0.961370489165,M
374,0.607270919702,-1.16172766879,1.128580891,0.477947174106,7
375,1.13675096117,-0.617244498209,-0.103224928341,1.27397470921,L
376,-0.499357001246,0.0824176514851,0.886325430417,-0.889349932532,N
377,-0.0530786331086,-0.431909164702,-0.819709901449,-0.184382551556,Q
378,0.554388857689,-3.41544808181,-1.00800794735,0.0956364361786,Z
379,-0.437517905883,1.41621800826,-1.22369560488,-0.983090516508,3
380,-0.562207056126,0.26643240258,0.282217485754,-0.572416652579,8
381,0.282379064814,0.261255125512,0.38970012658,-1.35030545437,7
382,1.03683079029,0.417989492642,-0.203445978253,0.483798676157,6
383,-0.468093396047,0.346607093628,-1.77374773202,0.778592939632,G
384,0.439716272699,-0.543873067464,0.113143588946,-0.889963518532,H
385,-1.37494706434,1.85812561095,0.670141349612,1.64345039722,R
386,-0.854070607979,0.0151225979044,0.606645377924,-0.924788887394,C
387,-1.06491417838,-0.75226427386,0.635654031495,-0.847768533913,Y
388,0.328037718826,-2.20103509075,-0.640834771785,-0.762974021399,O
389,-0.454491340371,-1.29681690578,2.02138698688,0.740482200426,6
390,0.495932976806,-0.706393240953,0.515892204902,-1.66452889496,C
391,1.01509811308,0.25448136615,0.284005106318,0.0846178898836,E
392,1.11009050854,-1.07843735256,-0.415990547218,-2.49707209912,Q
393,-0.787877349072,0.0236297063864,0.7913470345,-0.153286527989,Z
394,0.0741205418627,2.94673670796,0.432237323415,-1.32222208221,3
395,0.35342855129,-0.247717312554,0.0270991093519,-0.8727517262,D
396,1.22420513996,0.710345339979,0.406203541908,1.36239436326,O
397,-0.350708061042,-2.26332804205,0.280187557964,0.996977921218,J
398,0.207885888902,1.21936259874,0.120394429028,1.4164817797,S
399,0.321767430171,0.997814544627,-0.141008953383,-0.214223069583,E
400,-1.34352840794,-0.396485091799,-1.63834733693,-1.00633153068,S
401,0.0223192577748,-0.704375089347,0.789894079467,-1.78064925419,W
402,-1.53943926339,0.535849749487,1.97650932326,1.14605246914,R
403,1.72177032018,0.110357738361,-1.42699106961,0.302452803603,M
404,-0.122782703232,1.0179528959,-0.485182089307,-0.757532732116,P
405,1.43788156947,0.462308988083,0.645183803592,-0.488187632764,I
406,0.252518543508,-0.893763986209,-1.45102014416,-0.0375714708079,Q
407,1.42814001855,-0.307382228111,0.83523623261,0.318658934567,9
408,-0.653512584303,-0.826898221622,0.365600388917,-0.343441776258,E
409,0.648526065008,0.382165727931,0.837119818479,2.05771302981,T
410,-0.294030957524,1.86694743373,-2.42464104529,-0.594399243629,G
411,0.546135512764,-1.1652909911,-0.0694930860228,0.839442562258,F
412,0.0555903173585,0.460796082116,1.48077737332,-1.17394972208,W
413,0.911487343891,0.336340804591,-0.890389890144,-0.131222395415,U
414,-0.907505123734,-0.773818498491,0.12346139694,1.7238138304,A
415,0.118950459723,0.898642337493,1.35942348119,-0.0251395016419,U
416,-0.878654567323,-1.64017262638,-1.32403367272,1.13121059108,S
417,-0.0195090687534,0.876112935533,-1.54975781181,1.65096516971,S
418,-0.00394339077814,-0.100710552307,0.0893260410262,1.22039805412,R
419,-0.047169296907,-0.834209871166,-1.41768037596,-0.992629006235,T
420,1.40810880852,-1.29737317132,0.331663635673,0.227962745993,T
421,-1.2548590158,0.379769430064,0.234047833903,-0.412161262918,M
422,0.532226558002,-0.576430066769,0.43398252735,-1.03456633891,1
423,-0.440185697792,-0.920559501068,-0.886908087445,-0.717393448213,L
424,1.75584352847,0.583304752123,-0.0230017894854,-1.24022240905,S
425,0.326275027406,1.11890023602,2.10019897659,-0.302665366483,U
426,0.0248800828258,-0.717322432289,1.40819580332,0.961345834295,S
427,-2.33818700445,1.44802661918,-1.88231862791,0.0909206150754,M
428,-2.32939753655,0.226032598024,-0.359550306075,-0.5455516848,W
429,-0.203604287816,-0.371016242329,-0.120284759296,-1.31681269188,0
430,1.62664704134,0.296329948808,0.314340903553,-0.0317415498562,D
431,1.91553837462,0.902880160713,0.408402965813,0.380035754502,Q
432,-1.09537790015,-1.43646233529,-0.136635738729,-0.0764722286529,V
433,-1.58854993692,-0.192420492975,-0.125518628071,-0.116337654564,9
434,0.677292248175,0.0215356207764,-1.54365114036,-0.254481873178,O
435,0.146032559378,0.956711496135,-0.116032917948,-1.11825909448,Z
436,0.162938608377,-0.176831264211,-0.517488651292,-0.0864830176844,B
437,0.446003820737,1.42139105029,1.8642327115,-0.231943635664,D
438,-0.766637482273,0.849321807088,-2.2714823531,0.0979413653458,L
439,-2.21232557542,0.371240253681,0.0767079166135,0.579677915908,X
440,0.449887859227,-0.382981989997,0.535168018616,-0.139049020421,G
441,-0.22639148269,-0.360102264648,-0.256502694834,-0.591465556768,U
442,0.731659744695,-1.8953074595,-0.977830033843,0.609794571862,H
443,0.0931606166309,-0.941322320321,0.948940099357,0.907185151192,R
444,-0.473135155994,-0.1540750458,-1.01919773462,0.46338232721,G
445,-0.360482350751,1.12928193,-0.520626158038,-0.583512350911,S
446,0.398427752894,0.931626627109,0.126570487381,-0.359562151167,6
447,0.0564556589296,0.94288979243,0.4874905816,-0.32511113966,Z
448,0.919765871956,1.27189320756,0.325628696606,1.43833768786,5
449,0.826459617836,-0.25257759857,-0.935144634831,1.41416706578,8
450,0.239816750433,0.200545908818,0.676697575328,0.3592047039,G
451,1.00425814123,0.137819747451,0.340929542235,-0.534090208875,K
452,-0.0229073465848,-1.52309532595,0.641033356976,-0.104280827356,X
453,2.4553294856,-0.190568706751,0.302308755128,-0.480748487426,0
454,-1.152558702,-1.85773366532,0.187128405436,-1.99597450275,R
455,-1.5768358269,-1.95803125115,-0.140601892229,0.632314680729,4
456,0.426067806495,-0.167195260612,-1.07538196693,-1.09232824787,4
457,-0.716211974377,1.01534940901,0.488514171093,-0.6992617504,Z
458,-1.1598671543,-0.775871164631,0.605492118368,-0.297011919996,W
459,-0.0882782310477,-0.206925043349,0.104637765647,0.87542263029,M
460,-0.610495420468,0.557744325186,0.931148741404,0.436779495531,B
461,0.379393939959,-1.31754650069,0.00140961496578,0.96985594288,R
462,0.864210601103,1.51959270512,1.2602381929,0.654337294173,J
463,1.35042386322,0.345149395659,-0.829000624479,0.185953000235,T
464,0.956002398058,0.566695204857,1.15097765137,-0.360039348231,A
465,-1.01271561372,-1.02089482455,0.650649332577,-1.21644042254,K
466,-1.08723895963,-0.949828161359,-0.645357741883,-0.859970423632,M
467,1.61426399023,0.488728492246,2.35284924877,0.268150788043,A
468,0.662645364559,-0.887112505745,0.476253176239,0.0604539992241,3
469,0.00581733342224,-2.76375520888,-1.30054320118,0.542560717341,N
470,0.763452968026,0.438033043611,-1.23117308352,0.806291070585,4
471,0.0248338278421,1.11800758559,1.7370337438,-0.374937943514,V
472,-0.355464724764,-1.07655406598,0.96589934481,0.659140527992,8
473,-0.74518760691,-0.782876983092,-1.2584832296,-1.05593621566,L
474,0.202093188944,-1.28208773942,-0.779934818834,1.44364991599,X
475,0.760750512349,0.0220584686976,-0.351377425527,0.211099278376,Y
476,0.557157571393,-1.87664885531,-1.43015225415,-1.65496850295,H
477,1.31963869033,-0.215069650367,-0.362025126756,0.518274727985,M
478,-2.28647075909,0.411293577858,-1.53916240694,-0.0914176934627,M
479,-0.573243668227,-0.422649981043,1.46408364419,0.542438619748,O
480,-0.55759050633,-0.698957716726,-0.993514769196,0.0759295578585,S
481,1.33450280232,0.51301671119,-0.587333955623,-0.251175850978,X
482,-1.49677491659,0.744357087817,-0.482187240495,-1.30800591706,Y
483,-1.17452662221,0.387195589984,-1.71853862967,-1.28141022865,P
484,-0.675109833043,1.19326561206,0.997501924819,-0.521572741003,V
485,0.157038349596,-1.61630838977,-0.903543566356,0.350487107514,S
486,-0.130342012064,-0.80397169943,-0.113091442772,-0.381548987444,R
487,-1.34876562152,0.714155966661,0.0434317396693,-0.05786274716,O
488,0.760157458407,-0.318976319748,0.433242506698,-0.439731006754,O
489,-0.526895796936,-1.08364487888,-0.161763453781,0.660052577321,P
490,-0.461581875405,-1.05073081656,-0.426426617924,0.887175023523,P
491,-0.222515257586,0.753492078298,-0.409288872365,-0.295382020178,S
492,0.721114129926,1.01171595253,-0.271546139347,1.21177601187,Q
493,1.12135600853,0.468571303309,-0.336326278748,0.0786054495786,Z
494,0.164942302327,-0.266020553863,-2.14393727282,-2.11347073409,E
495,1.34582221279,2.363194536,-1.40556763539,2.59980012504,3
496,0.173217293679,-0.116328659231,0.373465620635,0.381805231146,K
497,-0.289274079692,1.43935233765,-0.799853033499,-1.20854339236,O
498,1.09400792323,0.049683461924,-1.44582026124,0.54020866487,9
499,0.290745099581,0.590175351162,0.895260240084,-0.0255184294724,Y
500,-0.264040070601,-1.20405142085,0.504198843251,0.602873258819,9
501,2.02758398889,-0.0975764987238,-0.44568920093,1.96501777344,I
502,1.34257307405,1.23139980051,1.72325729019,1.33221620567,B
503,1.53604235709,1.58526435383,0.904740054914,0.972696763647,G
504,-0.494592694128,0.00841829950128,1.51264658499,-0.114530825559,L
505,0.796604424508,0.242222970311,-0.381732463187,-0.0061868522974,L
506,-0.103387973006,0.690856569055,-0.217870281818,-0.399363176723,4
507,-1.055039179,1.26349828146,-0.294832615343,-0.131289713245,Y
508,0.769964218459,-0.077620842945,-1.56905718062,1.75986614729,H
509,-0.38048180046,-0.444606035908,-0.959612675019,0.375137657139,Z
510,0.343651826068,1.65349651861,0.361989871334,1.41352143336,Q
511,-1.03716945797,0.466150540788,-0.483780259262,1.75466268238,W
512,-1.37065976358,-0.0666614534728,0.780668543488,-0.341960144064,S
513,-1.21895291966,-1.18545421346,-0.313376693344,0.509476841755,L
514,0.32065739782,-2.37113525461,1.32758927225,-1.32668776082,5
515,-0.0213784655609,-0.062101449849,0.573616579247,-0.603958067001,I
516,0.703793274237,0.0942090900064,0.212398830103,-0.698489941514,Y
517,0.126526890866,-0.597758058424,0.772461830038,0.406615119685,Y
518,0.47291713682,-0.828901504522,-0.236531944139,1.13817993646,3
519,-0.903719219671,-1.37777727709,-1.8441900683,-0.472677417323,I
520,1.02434428182,-0.450260593235,-0.683783461487,-0.661728619468,3
521,0.127562373998,0.164954534788,0.302059134943,-0.774068740856,V
522,1.11430950795,0.0405451436899,-1.94560480062,-0.051612735138,3
523,-1.10512139069,2.33019862975,-1.632063769,-0.64205644547,C
524,-0.638923156693,2.08778360298,-0.664266873688,1.27975890117,7
525,0.394658235781,-1.41518093447,0.909132595548,-1.03002663758,R
526,0.229628659311,1.2214494688,0.267325253875,1.54696487169,X
527,-0.754185676927,-1.42834340554,1.64293143918,1.2988582937,5
528,0.276273761718,0.759065379096,-0.779599533024,0.224756024803,D
529,0.701377406387,0.12016209526,1.43200656513,-0.151164008576,E
530,-0.595784982731,-1.44838128717,-1.43480865047,-1.8786321848,J
531,0.500948697905,0.0705001032279,-0.443116787062,0.457912429478,9
532,0.859546396113,2.78597107686,-0.532928794639,-1.13682821581,J
533,0.711861098639,0.00273640226251,-0.400844152141,0.551365228914,6
534,-1.44506248283,-0.611055479629,-0.322966946617,0.54738361468,J
535,0.954099726062,-1.25736008385,1.00890258372,-0.906557894159,U
536,-0.833364012238,1.0406937031,1.19796801517,-1.3129231091,I
537,-1.29261411516,0.276692468154,-1.05074080457,1.53401268267,B
538,-1.01376004699,-0.0665722579385,-0.620853922909,0.730213584512,H
539,-0.97616887528,-0.974598183313,-2.19737016739,1.8523709141,X
540,-1.32972968472,1.08533137785,1.98057404207,1.17684100975,K
541,-0.218698468277,0.0846662862322,-0.173542400081,-0.651511227568,Q
542,-1.98299142137,1.64359853045,1.46859789992,1.51674179275,J
543,1.16488438917,0.0207641547176,-0.533329246529,-1.14503459564,A
544,-1.49179906211,0.00756441213769,0.616604667771,-1.03741379671,J
545,-0.996030372591,0.137300541492,1.73178153808,0.175898039776,J
546,0.30386104738,-1.05266161509,-0.970054546841,-0.785081314528,I
547,-1.0013319354,0.0171807790538,1.78241016157,-1.19056781967,D
548,-0.336102391466,-0.821629065309,-0.62618517135,0.571428907549,L
549,0.422549798973,0.500042040825,0.513455808678,0.488155853567,U
550,1.86787067037,1.4845820321,-1.35744289817,-2.62663711933,N
551,2.00516672617,-0.685621936559,-1.56103048138,0.182441223881,I
552,0.597000248932,0.22270846446,0.305167804049,-0.0805328901916,X
553,-0.508773249441,1.02173424726,1.10864419183,0.943291270943,F
554,-1.17902006177,0.0363309270846,1.04283678364,1.0882222048,E
555,0.951402041644,-0.307577808863,-0.368335406758,0.251812938517,B
556,1.21833862783,0.713224474064,-1.29350675867,-0.760256789836,Q
557,-0.637574912267,0.26430508117,-1.31830080924,-0.356750794756,P
558,-0.27995191575,-0.48078795117,0.570095362591,0.0642803216313,O
559,0.0701601952182,1.67139199387,-0.799068307941,1.15237521915,J
560,0.765127419982,1.03266114891,0.20223758582,-0.111697075821,A
561,-0.164872077134,-0.20505213879,-1.35280785366,1.07098723558,E
562,-0.921248785596,0.130183091856,-0.494699786632,1.20031965974,4
563,-0.772597691428,0.971765757827,-1.17280715891,-0.629113714662,Y
564,-1.1680476192,-0.763391523445,-1.10101726786,-1.2252818223,L
565,-0.487140834685,-1.57001419911,2.02370105914,0.942097604306,U
566,-0.960109537535,-0.599788708126,-0.420131232746,-1.06030457269,K
567,1.14577395971,0.271638101868,0.158536461126,-0.138008496423,8
568,-0.193084172498,0.966615598408,-1.28847490105,-0.604217202991,F
569,-0.32850330582,0.848667855713,-0.0465495757159,-0.34978376267,F
570,-0.350641166323,0.682651801838,1.21311000355,-0.422607458982,G
571,1.62355806957,-0.389625926884,2.02048547686,-0.204084789532,W
572,-0.281836288141,0.799263959008,-0.0336468325356,0.0417077579466,C
573,-1.37962724985,-1.12480709842,0.0765727947042,-0.908952629489,V
574,-0.481684847988,1.31709990956,-0.913979033311,-0.677304004251,X
575,0.574355859415,-0.732227953104,-0.158524395444,-1.79488993722,O
576,-0.556245520489,-0.972948130828,-0.358833604218,-0.229476947367,H
577,-0.66214197248,-0.182813043716,0.328314602924,2.25219423183,7
578,-0.209264365144,1.11609716094,-0.839968459552,0.4917501115,2
579,0.412336945722,-0.46401227835,0.112052135657,0.829024115073,S
580,-0.292731179187,0.152551896658,0.17142074717,-1.67651412448,E
581,-0.810217142812,1.70764467309,-0.29562259442,0.205511313282,A
582,0.443111229087,0.546865887965,-0.815407176367,-0.814718294187,K
583,0.421462014369,-0.836823207563,1.42580423759,0.0523787733167,O
584,-0.761552831379,-2.15348119654,-1.24191736203,-1.00006613764,O
585,-1.74084323204,-1.61840533097,-0.206716811748,0.0885236732286,Z
586,0.862218665973,-1.02809105415,0.132115501033,0.920400144314,D
587,1.15134711632,0.109755691825,-0.987296792559,0.763409498777,R
588,-0.910334540236,-0.982107231739,0.4902264385,0.643449468038,W
589,0.761674334864,-0.617405895191,-1.65258477842,1.8755176619,J
590,-0.994851042536,-0.10349657939,-1.57733488725,-0.537262764861,Y
591,0.41050036481,2.35197116378,-0.97447979132,0.163615325464,S
592,0.36384323618,-0.331078602072,0.00841093443977,-1.8089522996,R
593,-0.726562578488,-0.26114074372,0.243103290471,0.142010741304,C
594,-1.01093123725,1.01473905996,-0.925784490381,-0.869490578157,O
595,0.938798717736,0.421109969898,-0.105712068891,-0.563259551723,Z
596,-0.639066820623,-1.28946905741,1.12461840654,0.608780169403,W
597,0.853379697811,-0.51483754096,0.0973156399369,-0.29752252718,B
598,0.94774937481,0.259260159951,0.549507330206,-2.63681423282,U
599,1.90534954455,-0.0120548434312,2.43179146247,1.23799691129,Q
600,-0.516668359351,-1.80923618898,0.416144059504,-2.28058797373,Q
601,1.02777951126,-0.0274045926422,-0.564503030393,-0.119946714041,Q
602,1.55120387297,0.466685124976,-0.641259955201,-0.18174401076,J
603,0.926318464366,0.927290601245,0.117345511973,0.68985159387,O
604,-0.632273080236,0.324688408795,0.298192933386,-1.0172733559,O
605,-0.0158740950265,0.788400793745,0.638824670639,0.372047899762,L
606,-0.010017321895,-0.32695451286,-0.31823590213,1.04604419541,4
607,-0.634580292563,-0.522507979102,0.0685666156492,-0.884559531219,I
608,2.05065268465,-1.18154915066,-0.533822033696,-2.12531292737,V
609,-0.908868231614,-0.793014142453,-0.335109038577,0.0374922559769,W
610,1.2241099505,0.958274145663,1.32975751534,-0.253768391221,F
611,1.71814352165,-0.648634472817,0.1424226142,-0.403444926023,J
612,-0.533004856114,-0.214491349788,-0.235922689724,0.9149299398,D
613,-1.39075910696,0.211406286469,0.590674181073,0.0832624575212,7
614,-0.928091152254,0.70195625048,1.03917784458,-0.762259190043,S
615,0.72867183608,-0.383445985935,-0.562925808581,0.423290394881,M
616,0.370023897628,0.0320204251703,-1.26304989909,-0.661189728673,A
617,-0.174517541449,-0.253561303185,1.36344112483,-0.352336950599,F
618,-1.46212349337,-1.02408033265,0.516048048624,-0.274181111882,M
619,0.149626247552,-1.25849281879,-3.14701156647,0.64737731324,F
620,0.718572411262,0.122686536106,-0.264683241279,-0.0124673163138,G
621,-0.583261123227,1.86609585372,-1.29196176134,0.501720480034,S
622,-0.215772191528,0.0962581533943,0.500505854044,1.26603239651,V
623,-2.00888695665,-0.463262449711,0.235280097167,1.5763809331,2
624,-0.389030855657,0.756333089626,-0.7271883968,-0.241930389347,L
625,0.0947555661679,1.44339510027,0.421278686475,0.521303731115,A
626,0.2113972845,-1.09106242295,-0.885884935981,-1.17421052926,Z
627,0.86797079808,0.0598448838376,2.11767405721,-0.275678335507,U
628,-0.689219615703,-0.498567456429,-0.75448693175,0.249617849825,M
629,-1.42231259979,-0.799299043152,-0.81816832882,0.175178717878,A
630,0.12105782063,-1.39175755391,0.540613703281,0.610207516437,C
631,0.320296932058,2.23958793722,-1.14674139894,-0.510207686705,Z
632,-0.690141911162,0.491000756184,1.05833166104,-0.00898897852961,R
633,-0.521702563056,-2.2992284354,1.04297429809,0.0224880517746,O
634,0.255020814038,0.547389566602,-0.590398411856,1.0408746278,N
635,1.17362315346,-1.47036633704,0.391081992179,2.61473306864,S
636,0.408012033378,0.666054476474,-1.33205131558,-1.77327000572,4
637,-0.40466508765,-1.82679566163,0.0510815643387,-0.38915532463,Y
638,1.31123318219,1.07163583275,-0.691517208418,-0.197166005505,Y
639,1.32948333693,-0.314181397961,1.1552500717,-0.310137704948,X
640,-1.33495964376,-1.37341691193,0.0212635301145,0.902418238064,X
641,2.26828155848,-0.00732947160686,0.394682682766,-1.67980344276,9
642,-0.304685066971,-1.35629610351,-1.62041924033,-0.569421791226,A
643,-0.530817561108,0.800831462137,-2.27478067246,0.170541062213,H
644,-0.00179986983782,-3.4653558453,-0.827826077789,1.43080821594,V
645,-0.261444375509,1.48631429918,-1.03957864586,0.719062435257,D
646,0.62762234217,-0.46919389474,-0.101264239068,1.89167555183,H
647,-0.329298496659,0.0717152253405,0.479169387265,-1.0790751319,F
648,-0.742764960953,0.759029529798,-1.11810900429,0.884686955416,A
649,0.383763774827,1.11581944114,1.33311278763,0.371440405137,R
650,0.137338425346,-0.662399039657,1.7571400095,-0.909404566909,O
651,-1.53960538842,-0.895458217211,-0.233274750243,2.66655612119,P
652,0.0353039138924,-1.94248713729,1.24211758155,-0.184326342353,H
653,0.182066404508,0.434355323079,-0.583836351776,0.616159546221,R
654,-1.25990105329,-1.11409988744,0.283941450122,0.797891659445,0
655,0.988201686454,-1.16336690726,0.115797150455,-0.048534985658,H
656,0.236979548584,-1.60238488736,1.11837989374,-0.554615854672,U
657,0.900937660768,0.716453965152,1.81187532375,-1.33070373795,J
658,0.727674783924,-0.938173916416,0.479873744399,0.347832185007,P
659,0.287110072224,-0.346400077377,-1.15967566037,1.04924310759,Z
660,-1.09946636266,0.356532775254,-0.167410152699,-1.17486770267,G
661,2.1283707566,0.678285501341,-1.13497406993,0.492645207942,E
662,-0.839113824688,-0.00629898159072,0.822816731551,-1.68470741455,W
663,0.883543016678,-1.08390836156,-0.0563487493394,0.571913010804,E
664,0.394935659169,0.935667577549,0.401927372893,-0.0626312737887,K
665,-1.23974059305,-1.06399123524,0.117355131206,0.529984300876,N
666,-0.921698915115,2.01375842574,0.578415807888,-0.832472037503,Q
667,-0.438838985571,-1.68872582237,-0.772547963494,-1.13887365375,T
668,0.367193623945,0.588573768007,0.63705434795,0.636911713473,E
669,-1.39824091937,0.701901911749,-1.6039740305,-0.00191015659499,C
670,-0.759556384559,-1.76728167174,1.90306987097,-0.191658537688,W
671,-0.0325374154026,0.924378833659,-0.148703780094,0.321012177688,F
672,0.209908624091,1.62333189849,-1.14475403621,0.412215898863,B
673,-0.457389497523,-0.117801477433,-0.32397183724,0.87981619223,N
674,0.126167352241,-0.170581518245,-0.086927529729,1.42652676089,V
675,1.38530572842,-1.47087255798,0.59369209983,-1.33194260542,L
676,0.411997030112,-0.792781344662,1.11709531707,3.37295110815,W
677,-0.794808010698,0.294574039582,-1.23511365799,-1.03851383432,B
678,-0.400434824925,-0.0408743084732,-1.53988520595,1.30612484373,S
679,0.0699993363635,0.856248596248,-0.599017277237,-0.766095044295,C
680,0.480274367534,0.934570545918,-1.23317116217,-1.02728893157,F
681,0.169191485435,-0.24147182354,-0.199200577419,-0.42158335915,2
682,-0.274242841274,1.46520620864,0.0983658151306,-0.166066319638,H
683,0.350213524144,0.375084339419,-1.31954575896,-0.105641098649,V
684,0.238529004497,0.37315459461,0.75596221298,-1.68183628998,S
685,-0.222048141486,2.13619965929,0.197332538369,-0.539230303526,H
686,0.375308784071,1.16542736895,-1.35745312889,0.612016863226,9
687,-0.463572516619,1.76608711618,0.455837038526,0.255511649762,S
688,0.279987620365,0.420717170016,0.805524014081,-0.755125227341,M
689,0.930874248303,0.0606505882541,1.62367108664,0.0860153472264,F
690,-0.292948973947,-0.880245087659,-0.58117838012,0.654814808604,X
691,-0.204133216404,0.333148655006,0.406851809035,-1.16939138914,P
692,-0.242473906162,0.331982023684,0.290742328485,-0.278749501439,X
693,0.145993094168,1.9304475604,1.72013936155,1.37752246006,F
694,-0.617593289332,-1.61459102215,0.016190729139,-0.604622352054,I
695,0.922978305801,-1.29205533331,-1.35199744332,0.283805565248,A
696,-0.928138328936,0.852961137271,0.0244439954446,2.34055255809,T
697,-0.821975954987,0.817373988272,0.451824760042,-1.5700276798,8
698,1.32173710851,-0.400620518794,-0.807798064685,1.01563144261,U
699,0.711289457197,0.923190427705,-0.455170176161,1.06781436898,O
700,-0.0473042822119,1.39417991714,2.34460962441,-0.0023966537126,S
701,-1.68833560877,-0.34635181462,0.425520384037,-0.224832006719,Z
702,0.160532758569,-0.687899003181,-1.42119553711,-0.272782612488,1
703,-1.06680985591,1.25993735104,-0.206259375156,-0.970698643303,T
704,0.745745145667,0.218009162287,-1.16438909867,0.998143664553,1
705,-1.11369373771,1.71432477317,0.0812320103556,-0.774843957654,H
706,0.836288834404,-0.640711544732,0.214117823982,0.672352803796,S
707,-1.25373252201,1.75515388592,1.00968391267,0.813606878515,N
708,0.688122013016,0.107562816071,1.26869029345,1.58572469791,L
709,-1.0009468033,0.543779192221,1.70153691822,-0.824417749374,T
710,0.259233095573,0.384970064867,0.623987326179,-2.26782692831,G
711,0.681097356909,1.81924389122,0.669091092328,-1.13871377546,1
712,0.0795039851048,-0.515797218581,0.0340167738489,0.533996611324,D
713,0.408100718791,0.314262768717,-2.7008336357,0.8859132187,3
714,-1.04382757147,-0.659637977971,-0.383559155064,3.06084605348,D
715,-0.559462647597,0.347588219136,-1.73081163024,0.51756309002,F
716,0.980145396606,1.3943268393,-1.45622420078,0.791639097546,3
717,-0.723501045729,2.55827129575,-0.850818278873,-0.475866884991,A
718,0.100228489579,-0.570544048368,-0.00256505707677,-2.14829278736,G
719,-2.00615363112,1.06267593795,0.56906021752,0.418153033207,R
720,1.69852127828,-0.877714779877,2.72960265078,1.44346405127,E
721,0.151382624623,-0.519385612794,0.389304096496,-0.481319320882,Z
722,0.945800588359,0.619985495344,2.09055348836,-0.437160156717,U
723,-0.921652202904,0.748417609237,-1.99396792327,-0.438938179369,4
724,1.93629465427,1.16277968735,-2.15459014518,0.718838726399,V
725,1.55096996594,0.188206649625,-0.850501609279,-0.990649082908,V
726,0.482061362676,-0.204229296934,-0.500644028219,0.319990573079,M
727,0.223549309464,-0.195633062902,-1.18184207473,0.874798163863,S
728,0.152340481812,-1.23936177911,-0.572878483917,2.02312146268,H
729,0.364105113863,0.911929576062,-0.0565181763893,-0.468410058252,U
730,-0.76629382399,-0.268946105462,0.72287957043,-0.744594427195,G
731,0.769704932653,-1.63963520121,0.49883531679,-0.237019181977,U
732,-2.18986993218,0.334059256748,-0.248977380577,-0.303729944929,O
733,-1.21916745213,-0.0941635031273,-0.759448590448,-0.373387208339,T
734,-1.33130261999,0.159015019349,0.488239986316,-0.421206185344,O
735,5.66223950651e-05,1.47588379362,-0.493882954239,-1.34734418967,A
736,0.427966081718,-0.46214280229,2.54893104406,-0.643161909124,L
737,0.326544941745,-0.360347945999,-1.71274713701,-1.03105326798,I
738,-0.85799476887,0.301968676798,-1.46687613655,0.306274571171,V
739,-1.09745814607,0.394401226267,-1.25529302567,-0.439218073891,A
740,0.172591073062,-0.264389854116,-1.4983040704,-0.0724826418581,Y
741,-0.537247253004,0.98716575092,-0.415319198617,-0.91104583769,P
742,0.736183451939,0.215746005899,-0.396431235406,-0.0117007054873,U
743,-1.91678390826,-1.35673032742,0.109771433938,-1.22650908046,8
744,-0.583047285811,1.13782871975,-0.592200591531,0.409020223143,I
745,-0.377472167522,0.867823616265,0.14636073339,0.649429871836,U
746,-0.669547665812,0.118215338219,-1.47648593903,0.535221716864,K
747,0.94305029621,-2.48024260876,0.571788750306,-1.37133136033,I
748,-0.556300424355,2.47179482559,0.387172042862,-0.374153804257,O
749,1.12951868617,0.415313347837,-0.0370965086442,-0.150884904396,Q
750,-1.60041251525,0.159826095085,0.150359408882,0.0880602196173,V
751,-0.792301914625,-0.76524690822,-1.02191016877,-2.05883831483,L
752,0.492471995323,1.07503848839,0.85528879451,-0.0210789627351,S
753,-1.0371043808,0.431853941696,2.73007053165,0.452413048807,K
754,0.486590504702,0.122527086827,1.38833975452,0.014269667216,D
755,0.0316208497834,0.222669440668,3.02527302239,0.412352352536,L
756,-0.516121355321,0.433223672609,-1.82153673285,0.666071365629,V
757,-0.127360692927,-1.41909321855,0.364285103981,0.709469209782,H
758,1.28661958577,-1.32458630079,0.498088685367,0.00187521138031,B
759,0.941217850379,0.937460704898,0.993775149075,-1.54101090001,7
760,0.140539288686,-0.675597555628,-0.0505261131976,-0.392512773928,Y
761,1.10081124131,-0.0718888144294,0.748639496112,0.926795818871,B
762,0.904096042076,-0.387636017016,-1.83255018555,-0.0250052448144,A
763,-0.723900813821,0.389482891181,2.04158480652,-0.193698755926,E
764,-1.55629369485,-0.358824351591,0.0940718408771,-1.16363196789,C
765,0.257939508589,-1.34435565921,-1.61586307322,0.534847399684,Y
766,-0.955549393968,0.72161034695,0.544828820953,-0.773343863284,S
767,0.0849826475437,0.643734355643,0.924384402933,0.820763855794,R
768,0.339438074384,-0.512475033534,-0.140745455826,1.77211735938,J
769,0.738018907393,-1.09093175979,0.936386888804,-0.0371964282075,P
770,0.498951192333,-1.60979591379,0.202239168837,0.333631436537,D
771,-1.42127543108,-0.892238364289,-1.07919052889,1.36187145509,Q
772,0.571228139723,1.10725894135,-0.489435902443,0.439029935288,4
773,2.34310409946,-0.0528592816379,0.536494792421,-0.256877717049,Y
774,-1.64971917155,-0.588895770961,-0.542998010496,-1.42952856916,9
775,-1.23145473495,-0.141106337919,-0.0452990875334,-2.03329026729,Q
776,2.04617613644,0.00349119312846,-0.419639438874,0.338628978631,0
777,0.455333559288,0.586218618595,-1.65973347887,0.745404258902,R
778,1.08503958745,-0.416365170868,-2.09440497656,-0.291052618483,4
779,0.223690415104,1.39966068901,-1.0526317556,-1.19815587788,6
780,0.285272152024,0.16757342445,-0.111291986358,0.310478952482,L
781,0.063792644617,-0.837654458103,-0.677238472193,-0.626083547637,F
782,0.0872846336079,-0.517900176368,-1.18433247226,-1.08661011473,Z
783,0.131171319839,1.34071851793,-0.134506607695,-0.599765053446,P
784,0.413138822462,0.297188164955,-0.674360984798,-0.868656779474,0
785,-0.725957164077,-0.998949099333,0.592401903876,-0.818485681309,M
786,2.01910601018,-0.870474209704,1.63956888769,-0.0186482972906,C
787,1.52281658748,0.863990876198,-1.08472489824,0.995037186146,K
788,1.59949539848,0.878765691631,-0.0318207476758,-1.5411366179,D
789,0.0325844034946,-0.830247392859,0.0935280139959,-0.88542083393,K
790,-0.218408198958,-0.479249697084,0.269820430019,0.587702567725,T
791,-0.811632885386,0.880449044913,-0.355220991965,1.26746285098,K
792,-0.331629285299,0.758538821203,-1.84899196322,-1.41798317763,W
793,0.732672048983,-0.744897874133,0.512209365425,1.41749465308,M
794,-1.28084916124,1.2000188395,-0.946479986539,-1.23655019214,M
795,-0.154020827453,-0.413900354315,-0.475061072166,-0.452329618785,Q
796,-0.232235333519,-0.36847173223,0.993501179895,-1.02101002345,7
797,0.781139612664,1.34234562331,0.913417802472,1.77422225806,Z
798,1.68121039922,0.372873798085,1.31129817203,-1.13375682387,L
799,-1.24054657395,-1.16822655788,-0.580810292768,1.07676416929,H
800,-1.29491390531,0.331681667567,-0.085695222413,-0.380569203981,R
801,-0.049305332823,-2.43881064713,-0.682628072115,-0.573967632167,E
802,-0.650771376287,-0.881442495616,-1.6948258761,1.43701618875,I
803,-0.3963280984,-0.0452369599772,-0.82059866906,0.975118263886,P
804,1.39805690189,-0.416834817448,-0.527764816545,0.655062660925,I
805,-0.491837526362,0.252637810754,-0.712339559884,-0.134047513446,2
806,-0.336568550864,-2.26989907835,-1.0710227466,0.943109716272,K
807,0.756196944988,0.732624671297,-1.37274103159,2.87887107534,J
808,-0.269079207469,0.639092505229,1.24410594108,-2.13611141214,7
809,-0.308117543971,1.03423229452,-0.431444965322,0.994420033434,N
810,-0.477304770346,0.350103060467,-0.825060983305,-1.61021866996,W
811,-0.197311266495,1.49938437912,-0.450783103794,-0.543043564902,X
812,-1.05625253562,1.32937402811,0.133393393512,-0.675953526835,O
813,1.65880033704,1.2109383643,0.302966029029,-1.9723372194,I
814,0.754500105805,-2.84593272352,1.25348652021,0.339283681809,T
815,0.297284273164,0.420508090238,0.580422608514,0.909306175305,H
816,-0.76321762939,-0.644610022908,0.200416889937,1.01539426888,J
817,-0.193426879311,-0.461657552917,-0.340601033085,0.79847612844,P
818,-0.0863577789857,0.278118692284,-0.796804928082,-0.224211991875,F
819,-0.349744701235,0.754808662329,1.09616927863,-1.31170459798,U
820,0.961266099257,-1.46778844208,-0.381348688075,3.41273351296,J
821,0.673155528024,-0.895039545756,-0.887768316474,1.03686108804,3
822,1.67472533372,1.31104788835,-2.12170769834,0.744071402699,Z
823,-0.855255037706,-1.54022504577,-0.44504266492,-0.937946606221,C
824,1.67778291259,0.670607667605,1.07874713842,0.26864676133,N
825,0.951291266659,-1.04088336394,1.45237389809,0.205420588348,H
826,-0.683097887861,2.9216360691,-2.35528521138,-0.835637235212,E
827,1.34426326251,-0.900980064491,0.568158456451,1.05577289501,S
828,-1.10859803141,-0.652089420449,-0.564324183872,0.768528153968,H
829,0.866475879819,1.01904456102,-1.3055447184,-0.511820733324,K
830,0.0336227249884,-0.521880676982,0.35910131472,-0.119273822888,D
831,1.31906604769,-0.396321693019,-1.24960484384,0.121016911634,L
832,-0.199601266224,1.00674727456,-1.41558472498,0.691379397029,W
833,-1.02301936727,1.19496379397,0.255706928476,-0.457100512662,7
834,0.0652278045305,-0.575107373281,0.182695662891,-0.828034532989,1
835,-2.82599726093,-1.29774434477,1.04919134315,1.84040399386,S
836,-0.179054955592,1.17439327596,1.73468010559,-1.91880005489,O
837,-0.729083204046,-1.31977350694,1.5283421117,-1.09292106377,B
838,0.104814349187,-0.552227972234,1.35323818987,0.630351971381,Q
839,-0.255672483988,0.775342891726,0.387702137828,0.0418494551318,D
840,-0.587911322785,0.873910372309,-0.304845920201,-1.05027521033,R
841,-1.33426075553,0.244746876054,0.467975323645,-0.815458542903,J
842,0.438789581994,0.395960469908,0.579843229114,-0.738805475948,Z
843,0.000146530085908,-0.713570904478,-0.727029685305,0.207665206445,T
844,-0.693389161461,0.133031836655,-1.81038531981,-0.206715974803,V
845,0.312562281614,0.702847315732,0.531875411792,-0.419881861122,8
846,-0.72994891374,0.909011091713,-0.368559501292,0.712992749964,1
847,0.0295548609596,-0.0529727450304,0.687465466262,-1.87728427811,P
848,1.04361055558,-0.0838950974768,-0.563813578305,-0.637313722505,G
849,1.33212030119,0.432326957381,-1.0716308531,-0.353301446466,G
850,0.433454205741,0.493090342954,-0.430091219215,-1.24739175022,U
851,-0.388183036252,0.717130413588,0.104644785048,-1.34474922968,H
852,-0.309841435596,-0.0556518391709,-0.471842937587,0.286450798247,J
853,-0.10828356148,-1.61065829236,0.452592196848,1.94223950052,X
854,-0.124121110466,-0.454045802778,0.0193995787656,0.700822612342,R
855,1.11394609825,-1.85683176362,0.81443068184,1.19548157654,U
856,-0.685256694272,0.124450265983,-0.505895355436,0.642685156877,4
857,-0.631721617603,-0.143666478319,1.08793628245,0.219917483414,U
858,-0.187874760576,-1.48158409815,-1.0547680998,0.20038830298,K
859,2.41239638962,-0.338503880638,-3.23439138156,-0.688067285952,K
860,-1.9462312239,1.37207972876,-0.221379762679,-1.12699594624,4
861,-0.226293445835,0.0401963494412,-2.77001770957,1.11509332768,H
862,1.00806977374,-0.423869233278,1.8897126832,0.348197686869,2
863,0.971149249318,-1.32616582025,-0.354045936994,-0.327411143482,X
864,1.36353051114,0.135903703892,1.46731318356,-0.127779495965,J
865,-0.19197145977,-0.123172297399,0.510274218386,0.399055290176,7
866,-0.751564616688,1.86823193803,0.0886936677273,0.470142846466,E
867,-0.699964735883,-1.76355121411,1.82848889807,-0.880434405584,R
868,0.0260083276047,0.920829784862,0.371928190593,1.21384797207,O
869,0.680894289163,0.578016409835,-1.21484038451,1.44762363744,W
870,1.39327052397,0.0435632544791,-1.146234218,1.17880695603,K
871,-2.19086950852,0.44790006442,0.982867191279,-0.103476657828,E
872,0.849065019414,-0.657636267962,-1.70064256543,-1.23527182936,O
873,0.356928303944,0.729238575934,-1.16525974664,0.0969562541038,D
874,-0.615839157106,-1.02152825853,-0.775866788286,-0.585817912809,I
875,0.0941280496711,-0.637392107258,2.35679915261,-0.716469860111,R
876,1.38850825692,-0.0234837365833,0.376429178738,1.64489617536,J
877,0.418292759723,-0.817763260527,0.0175127262705,-1.00715977501,T
878,-1.02322878472,-1.66426790996,1.29433373219,0.333396239157,P
879,-0.357209186505,-0.812384920199,0.164543846545,0.395520652446,3
880,0.243235091968,0.198340970477,0.146675326609,-0.912407950633,S
881,0.100768448376,-0.111568568318,0.442554649842,0.655966490529,G
882,0.202153755435,-0.403594279834,1.08693821044,0.0571988931779,O
883,0.682939474818,-1.25740887569,-1.03095120356,-0.695575887968,W
884,0.224673650561,-1.28298191411,0.170885761371,-0.72666181024,V
885,-0.81574968852,0.0416703835773,0.449463712687,-2.60614480621,N
886,-0.670342332976,-0.181165069273,1.51316512869,0.241033275228,V
887,-0.421222629323,-0.506196052729,0.667947006081,-0.252557001408,E
888,0.0356510040138,-0.0349447892103,-0.354961292903,-1.00323924187,Q
889,-0.853609950686,-0.436814381594,-0.871246067907,-0.0162318805644,I
890,0.720569698538,-0.12368692566,-1.70015409095,0.301859068104,T
891,1.00600208149,-0.282086676389,2.90520202543,1.60357122905,K
892,1.33078157887,1.25342207656,-0.876879953169,-0.939893841763,F
893,-1.13908371589,0.521191884293,-0.693467894987,0.703674352254,D
894,0.32237578151,0.314142765689,0.260488034437,-0.496940556074,5
895,0.998554474257,-0.814302246659,1.04821975405,-0.0615903771574,M
896,-0.00502519161042,-0.711575161614,-1.7320073944,-0.517527817753,J
897,-1.57729022239,0.516398621773,1.19967266911,-0.512883724356,3
898,-0.856402921327,0.0317180388109,-0.48867731018,-0.819806621925,Z
899,0.879164164607,-6.87039017353e-05,0.0851421932229,-0.737687908672,G
900,-0.917820624958,0.0583672724068,-0.531512220961,-0.812805362046,B
901,-0.759938801046,0.10565513117,0.0517595045228,1.12498746591,Y
902,-0.179007752923,0.577350578,0.638650462054,1.51324343654,V
903,-0.792080993285,0.311284469838,-0.154407809749,-0.351270888659,E
904,-1.33130391846,0.893180615133,-0.0818464184847,-0.294822978963,C
905,-1.1975743343,0.568163820583,1.98516367888,0.583706200654,R
906,-0.0910102711284,-0.72764821894,0.315931873022,-0.0314558889142,Y
907,-0.228641076424,0.00979227123029,0.409629522564,0.028353200635,S
908,1.42908929255,-0.0297455723289,-0.140590061656,1.00768745361,F
909,-0.851548444586,-0.260413376981,-0.407416098231,0.0683278470549,N
910,0.451367134559,0.434449932361,0.70073558306,0.190064683453,Q
911,1.27320362836,1.48258566991,-2.01227159324,-1.37778539264,C
912,0.665903957171,0.656232757675,0.304479707619,0.159378844096,6
913,0.206585239638,-1.10114726087,-0.707540897003,-0.978277029763,C
914,0.990034482357,0.111278235777,-0.503771947105,-0.895681219964,K
915,-0.684401120074,0.509116920103,-0.957427019668,0.130915958699,D
916,0.034603865237,0.769922070912,0.168947506298,-1.61044278835,Q
917,2.48734717001,-0.258828717066,-0.970272174128,-0.531656068783,H
918,0.842772347254,2.66506017346,-0.0933887692822,-1.22298581578,J
919,0.556821533814,2.10532106684,0.408342363677,-1.06952799595,6
920,-0.566608487663,-1.80612311106,0.00723679397273,1.14246042313,1
921,-0.347958047771,-1.70329780095,-1.27677896747,0.016063414931,Q
922,1.68928528604,-0.243741291762,-0.0328599153251,-0.699973544707,F
923,0.512343746976,1.10588560379,0.996068399717,1.86630341595,X
924,-0.695322671369,-1.13816410412,0.995712525369,-0.789439880785,9
925,-0.494161886817,-2.27768988196,-0.0927977432127,-0.0412041183027,V
926,0.102128255696,-0.497692506439,-1.2404019268,-1.37668191774,S
927,0.532616345844,-0.955477479034,0.825892603513,2.39044789991,V
928,-1.27174117295,2.01804584008,0.124696038762,-1.1380608374,T
929,1.16388529444,-2.19758759565,-1.19805498631,-0.422572367407,F
930,-0.679812513384,0.274314278446,-0.178447578753,-0.426898618812,2
931,0.933633898912,0.350503634407,-0.468304135728,1.15617294229,H
932,0.648978269635,-0.0959148686079,-0.0638389788879,0.0860773134828,J
933,0.611148995312,-0.742646729166,-0.250950798954,1.6108752152,9
934,-0.141520498289,-0.351262783086,1.96506991024,0.297953599083,J
935,-0.684331972915,1.01187460935,0.70650636507,-0.181270681137,N
936,0.268776734778,0.214678354876,0.42727178463,0.521098868458,E
937,1.16729953082,-0.0180285216823,1.08684065028,-0.686287395778,F
938,0.329986083788,0.299002867554,-1.50203698932,-1.86698381909,K
939,1.02625695504,0.389163275741,-0.433496404284,0.159209973881,W
940,1.47801112182,-0.29544722812,-0.276814207824,-0.3162505872,O
941,-0.343394172769,-0.0835139027575,3.05334492778,-0.57314918205,M
942,-0.0304983004796,-0.380566259652,0.482507158938,0.00452875346031,F
943,1.00378858999,-0.688903430455,-0.627384063578,0.704902457771,H
944,-1.46697079336,-0.0862892733564,-1.82922699204,-0.21229006081,S
945,-1.07101254008,-1.46101742425,1.33743575745,2.29750830376,P
946,-1.59475998689,-1.0956867318,-0.941550586512,-1.54025750712,R
947,-0.621688855453,0.613429557372,-0.756052306212,0.647458293632,H
948,-0.891974106918,0.507887559927,-0.220682668061,0.0622325247424,O
949,-1.18633164337,-0.45056234874,-0.546765766983,-1.05726599285,O
950,-0.166791134618,-1.10568393926,-0.0788695450821,0.0521644667501,G
951,-0.188106064548,-0.248578049448,0.490971120252,1.54771167874,O
952,-0.138187582345,1.18774063338,1.90246012098,0.953902720226,Q
953,0.104037779949,-0.113550963079,0.764308215447,-0.918112487536,S
954,-0.0105891245446,1.30018068416,0.796238870636,0.982547428655,2
955,-1.02515245618,0.896530652279,-2.33638014354,1.03323190369,N
956,1.85135657271,-1.35936736304,2.39693285678,0.21464761982,T
957,0.683998573878,0.638675296326,-0.27729610029,-0.996665031687,Y
958,0.0861463712494,-0.918117142863,-0.541719770848,0.536130968068,S
959,0.84185677345,0.913906538505,-2.57507869955,0.794486917428,W
960,-0.890223307632,0.58286442763,-0.999817944464,0.472839464612,U
961,0.365284774282,1.43914146245,1.54964189908,-0.181554052833,A
962,0.172716412222,0.202306824443,0.956202781979,-0.145276849671,A
963,-0.830696473284,2.15207551169,1.15964228021,1.23727862354,W
964,1.07897929966,0.0313087868678,-0.134672010112,0.438420092912,L
965,0.505521795956,0.563120003372,0.752423766826,1.25290897961,3
966,0.120993682064,0.416448592196,-0.643344448819,0.585661214561,7
967,-0.686920732051,0.439469047074,0.320119462122,0.84197659869,G
968,1.54067741422,-0.824946411537,1.04644435733,-0.890283085945,U
969,-1.63069019177,0.467838170439,0.299393737409,-0.0865049052479,I
970,0.633494778804,-0.186524009218,0.927626965339,0.143163919205,P
971,0.308635854456,-0.112857308281,0.762842218963,-1.07297708256,X
972,-1.62705067432,-0.97815141263,0.154744635774,-1.22903670661,O
973,0.3148469838,0.0979888456607,0.199608299962,0.95519346772,R
974,1.6669071275,0.992005251442,0.496127673055,-0.686391014806,W
975,0.0106028383268,0.708539635302,-1.25871092114,0.226540952916,O
976,0.11869281378,-0.714454714392,-0.50134244455,-0.254763929933,S
977,0.302616230947,-2.01152735667,-0.628084547049,0.768826864455,R
978,-0.0985721257172,1.76908645538,-0.215026976047,-0.053076199659,G
979,-0.0190579326345,1.96499405621,0.738537929544,-0.883775928618,X
980,-0.595349058225,0.00178120547993,-1.42335533545,-1.45847723898,O
981,1.39217049077,-1.39655962763,-1.42530626093,-0.847535140771,K
982,-0.896028542768,-0.152287244864,1.92448322383,0.365183971059,M
983,-2.27464172743,-0.901873739278,1.50035163127,0.996540537761,Q
984,-0.30189755765,1.01990578818,1.10216033286,2.62452608968,Q
985,-2.54838896657,-0.585373738403,1.496201467,-0.718814745545,R
986,-0.0645879626599,0.759291883006,-1.56841485777,-0.420933037922,N
987,-0.143365411354,-1.11175954725,-1.81558086703,0.435273612751,C
988,-0.070412399543,-1.05592096242,0.338016708521,-0.440762523974,X
989,0.649148000252,0.994272913069,-1.38422724628,0.485120032364,I
990,-0.370768721563,0.404356340287,-1.05162846226,-1.05089891162,V
991,-0.409980111625,0.155627076006,-0.81898965427,1.27735013287,4
992,0.301213589188,-1.11120335047,0.668257684091,0.671921855703,Q
993,1.82111702878,0.416444799351,0.173874079053,0.505118430246,O
994,0.0688036448846,1.32275858021,0.802346253327,0.223617809159,W
995,2.31189587899,-0.41707032545,-1.40959852635,-0.515820726027,M
996,-0.479892969973,-0.650418530998,0.745152119818,-0.646037876591,H
997,0.523330748868,0.787112113221,0.486066142508,1.09315580825,D
998,-0.362559431988,0.598893993038,-1.84320146381,0.887291508481,W
999,-0.0963755510259,-1.01299883547,-0.657431480807,-0.573315211841,K
1000,0.467976300189,-0.0386485396255,-0.295344251987,-1.82472622729,T
1001,-0.358893469543,1.40445260007,0.704964644926,-0.200638304015,J
1002,-0.50184039929,0.659253707223,-0.421690619312,-0.0576883018364,R
1003,0.204886212202,1.07413396504,1.38836131252,-0.982404023494,S
1004,0.354627914484,-0.133115852296,0.283762637978,-0.837062961653,B
1005,1.81748001608,0.742272722638,0.419394843928,-2.25103520513,Q
1006,-0.776764319165,0.935517747061,-0.332871759623,-1.87564085416,Z
1007,-0.913134961617,1.53062351168,-0.572656719239,0.477252252981,X
1008,0.358479538224,-0.49757199147,-0.367016188009,0.507701778685,R
1009,-1.74087710829,-1.16041658062,-1.63783027929,2.17220101238,4
1010,0.24056373835,-0.328249185208,1.25215525783,1.07279626643,5
1011,0.764018252198,1.16547617218,-0.639544262638,1.49525751956,A
1012,0.571034923177,-0.310537224251,0.582437274651,-0.2987651796,J
1013,2.31765810894,0.430709506296,-1.33421573445,0.199679483557,L
1014,1.54777073472,-1.11975292512,-2.27763354506,0.329585909852,N
1015,-1.31060811665,0.401719086645,-1.00098707369,1.15670834954,I
1016,-0.0884964396951,0.634711729043,0.153323985774,0.415334751149,6
1017,-0.0186628260149,-0.247487241047,-1.44652215689,0.750937748749,T
1018,-0.0701272145463,-1.57909726069,0.120891794918,0.671431885035,R
1019,-0.194677940725,-0.492039150308,2.35960484963,0.319810396195,4
1020,-0.248617847177,0.868706587235,-0.492226143765,-0.717959381922,Z
1021,-1.09154895394,-0.867110226119,-0.647760443099,-0.832561559975,K
1022,0.641404300148,-0.138821578977,-0.621962804042,-0.284839425379,B
1023,1.21640846838,0.99268666512,0.165161778012,-0.0696186082242,O
1024,-0.564474180519,0.792832268133,0.747052842907,0.57167515791,G
1025,1.75987899507,-0.515665834496,-0.230480686323,1.36231722352,F
1026,0.126266090531,0.309281375664,0.38281996138,-0.239199054993,I
1027,1.33436047951,-0.100152166835,-0.840730552173,-0.643966598255,K
1028,-0.737620017711,0.278087463151,-0.053235240431,-0.950971590734,L
1029,-1.1484864849,-0.986292150868,-0.144963115417,0.124362404338,O
1030,1.63059449241,0.243886206002,0.468368306354,1.25804787443,Z
1031,1.04488953219,0.0807175385621,0.857885542829,-0.298381802517,F
1032,-0.262542542362,-1.61519874791,-1.08723871374,0.759029075237,A
1033,0.0201440713103,1.10779156618,-0.559435335039,-0.481925210095,W
1034,-1.20391554609,1.88534310731,-0.0804704068388,0.25064589327,K
1035,0.366914548813,-2.43008643092,-1.05344696342,0.346278884194,G
1036,0.434220473424,-0.0798625386706,-0.422976747932,-0.0742721760915,U
1037,0.0406656980213,-1.81021570262,-0.189192727269,1.22926636581,L
1038,1.33845943246,0.338489099729,-0.213446105129,2.32592341971,T
1039,0.572981073363,0.782663875351,1.30767321124,1.61995725335,8
1040,0.762428447112,-0.648528798886,1.93651473707,-1.15966561312,G
1041,-1.25204557796,-1.53853949038,1.0422813822,0.623835121823,U
1042,-0.0475302140596,-0.494310199706,-0.165460018905,0.472929032513,A
1043,0.124547711991,0.730791450242,-0.25752685093,-1.51125664924,X
1044,0.801889237656,-0.462780621429,-1.73462083332,0.674768319362,U
1045,-0.992306666472,-1.09683007882,-2.0617943017,0.035390605957,M
1046,-0.109662774864,2.57709376617,0.91356252242,0.613594050216,K
1047,-0.541680906279,1.5100313553,0.467944825377,0.553225037837,J
1048,-0.0795865737601,-0.609923697841,0.35383422895,1.10803005914,1
1049,-0.0437516462601,-0.410666385961,-0.729599036366,0.263223371713,A
1050,-0.761490177447,1.10418191625,1.27060866366,-0.319284452382,W
1051,-0.804975073037,0.559520138339,1.05223226496,-0.645574265818,X
1052,0.35394105397,1.82996269805,0.398922026361,-1.52223131661,H
1053,1.54163640493,0.478316068959,-0.666760327343,1.36717494756,R
1054,-0.987620842341,0.337534288405,0.386934953004,1.99614391761,5
1055,-0.353462320307,-0.448433452071,-0.420520291568,0.606223206634,O
1056,-0.275687122051,0.127910363851,0.877755572144,0.141774294303,Q
1057,0.448882070123,-0.0164103203039,-0.0414342913919,0.483096480304,8
1058,-0.0437649578253,-0.878445916853,1.52507535186,0.00822316479269,C
1059,-0.0644155835746,0.080920574987,0.644715202274,0.393025120766,I
1060,0.0150183089497,-1.62030091273,0.465865552616,1.63737662602,4
1061,0.579715377177,-0.565645982402,-0.812128961966,1.53280260401,Y
1062,-0.324507167079,1.85335063636,-2.26860910203,-0.355131709073,L
1063,-0.100246742541,-1.9546139579,0.132518774906,0.83692675288,E
1064,0.275725087798,0.349561138652,-0.617722975053,0.675990898106,5
1065,0.300486311556,-0.914367342324,-1.6046088239,-0.90545849944,N
1066,-0.362382393314,0.708360644964,-0.388316739311,-2.32876299592,K
1067,0.805330955425,0.0736168178539,0.481166223853,0.632620759249,6
1068,0.786095366054,0.0951374087988,-1.04996472851,1.82879833145,I
1069,0.20781502657,1.40727518965,-1.04479960125,0.140207499487,Y
1070,1.80974963809,0.592023139186,-0.146214836643,-0.113817691749,M
1071,0.190562146781,-2.88635875932,0.514364781284,-2.2081180574,L
1072,0.844977118094,-0.164290184848,0.218672395512,0.0990115476933,R
1073,0.195035085082,-0.649590655548,2.17166386104,0.453465558806,Y
1074,-0.0564333653869,1.75865043501,-0.448091017018,0.346784396043,T
1075,-0.11260915388,-2.64245701436,-0.487309941502,-0.220507107741,I
1076,-1.39531912204,0.573474013814,-0.0133236905274,-1.30707048628,V
1077,-2.08027277833,0.0974981483635,0.321489166278,0.0126076722626,C
1078,0.88317164615,0.490426984887,-0.799299286482,-0.699668792454,U
1079,-0.138631966525,-1.41784482297,-0.199678277638,1.19929867533,L
1080,-0.961579329566,1.16624685822,-1.12495332265,0.201727835778,Q
1081,1.30145347696,1.07711713668,0.56050246064,0.859991127179,Q
1082,0.0636793444679,-0.995532083484,0.879547223724,-0.0124713077028,G
1083,-0.373381111798,0.982861169257,-0.0375341446861,-1.33785580601,4
1084,1.49229222711,0.485490431128,0.129313292844,1.73356873962,D
1085,-0.908491526543,0.498234275772,-0.588843697186,-0.903956188452,A
1086,1.13713975779,0.977509103934,-0.940993915461,0.149012866744,A
1087,-1.04983803109,2.45342509904,1.23008741443,-2.06850760711,L
1088,1.48519893861,-0.806453458123,-0.475087116613,0.936801368414,6
1089,-0.790436911077,1.8238515301,0.470826739735,0.898781975943,I
1090,2.02480808353,0.0322506496307,1.31529742078,-0.156432529592,R
1091,0.379253002685,-1.05940924098,-1.13206803173,1.22229604428,G
1092,2.40321605952,-1.79252836422,-0.917572680139,-0.88669297209,O
1093,1.24997470755,1.49152996563,0.371475805897,-0.000464620420962,D
1094,0.501130600702,-1.8524509796,1.11035434692,0.508864733821,0
1095,1.10652128242,0.0981530997183,0.789793234562,1.19269254286,8
1096,-0.540542595454,1.78256921968,0.0519310959987,0.463867655906,Z
1097,-0.101979890355,0.981720222277,1.10699018111,-1.75226932921,L
1098,0.632107381338,-0.761419236427,1.42793044112,-0.0469283588887,E
1099,1.00977860887,-0.608379336968,-1.40510505648,-1.17505405942,Z
1100,-0.602747944659,-0.182503514402,-0.768163968379,1.26068635765,D
1101,-0.0391054339894,-0.0695099824413,-1.35805194008,-0.292858620366,N
1102,-0.345100573788,-0.179476870638,-0.904657664386,-0.0712867473108,D
1103,-0.759495118894,0.225916245652,2.2358717609,-0.00448980823071,E
1104,-1.6867705196,0.742275516539,0.48587599627,1.79850711251,V
1105,0.145697316417,0.805037295613,0.350361830434,-0.540234679436,H
1106,2.48765369604,-0.147867121811,0.580688201183,-0.305696173077,W
1107,0.38016591287,-0.592483279562,0.393693377794,-0.463216602736,0
1108,0.96354902595,-1.55030192705,-0.944962257052,0.121546253521,X
1109,-0.0403846130388,-0.312648567879,-1.19660390862,1.0750431857,S
1110,0.938356628434,-0.235761104349,-0.0773603113055,1.16215015537,T
1111,0.190303261201,-0.425472860755,0.362347382137,-0.688710660785,F
1112,0.256419161128,0.0826694187979,-2.30275824842,-0.446115220145,D
1113,0.690971664806,0.871498395659,0.948468891564,0.644683368429,0
1114,-1.15778132548,0.0936961784472,-0.765272815741,-0.724766824934,S
1115,-0.295462233706,-0.832817149695,1.49020373854,-0.420786204612,A
1116,0.132722962244,-1.25578038911,1.37000771682,1.14448991761,Q
1117,-0.111380676194,0.572076202947,1.8079619052,1.09020474362,H
1118,0.178699745816,-1.60883234776,2.1746148394,-1.35173849821,V
1119,1.20218256712,0.179582552204,0.202061214889,-0.731213132128,R
1120,-0.674446571006,-0.184702666166,0.706721251292,0.718680803788,R
1121,1.76553544644,-0.951931579911,0.320146510176,-1.15934952511,Z
1122,-1.2478849863,-0.725490485007,0.541997606469,-0.126572143755,1
1123,-1.1640445457,-0.647618961239,-0.550283265919,1.16494340443,I
1124,1.81613255613,-0.393382465546,-1.21291011478,-0.317186597786,F
1125,0.499882890819,-1.18363110139,-0.638619314755,-0.785336775967,L
1126,1.22849889391,1.25347911733,-0.221459415048,-0.0654131965162,H
1127,1.01895127853,-0.423936860698,-1.72455343475,-0.823409084355,Q
1128,-0.169892938696,0.301071840312,1.40996063006,-0.516055941099,5
1129,0.883067867689,0.950612783539,0.783765906001,0.776406924195,O
1130,1.03277821333,-0.0929303289895,0.600042004986,0.173515461043,F
1131,-0.249224588436,-0.0648201009871,-0.0127630546134,0.0304726487395,O
1132,0.556590447301,1.97690140411,0.130668936682,2.71966409048,X
1133,0.16107564162,-1.3149395378,-0.605192051164,-0.732212975124,P
1134,-1.84206221975,0.0109146960347,-0.0132330195161,-0.29825942451,Q
1135,1.72723710088,1.67458417387,-0.988291322079,0.512445217364,S
1136,-0.190386389574,-0.184385010197,1.16329213344,-1.05989578865,J
1137,0.69311133934,0.815751494672,-2.38869472458,-0.201710174422,T
1138,-0.0621126729433,-0.00984964476467,0.658452659654,0.782909762977,A
1139,0.880939751586,-0.707391129783,-0.750939055668,-0.0423814584647,S
1140,-0.592837623954,-0.700117210885,0.831351965158,-1.15891084185,G
1141,1.62834979618,0.404618215489,0.0863343325974,0.278913544915,D
1142,0.210544278316,-0.909438189136,0.903899753529,0.471579103734,5
1143,0.033606494896,-0.882900260313,-0.345729265059,-0.317833493034,H
1144,-0.0755744023429,-0.616260178437,-0.342470997941,0.850522271235,C
1145,-1.26295070974,-0.167273237609,1.45780742884,-0.37563609476,P
1146,-0.289513268133,-0.927606335239,0.950207336839,1.23406721349,H
1147,1.34653227067,1.08338934179,-0.840822696227,0.525032166375,M
1148,0.698212579575,-1.2635370225,0.0345888504173,-1.08271314806,Y
1149,-0.798004160565,-1.30179455306,-1.95685241187,-1.2841200757,B
1150,0.042611218243,-0.175943187928,-1.01597727921,0.668173594623,P
1151,1.52264922941,2.29139247927,1.5064450569,-0.448051016456,7
1152,0.54911837215,-0.439673137424,0.651228776652,2.6480462772,3
1153,0.119467771322,0.224633361843,-0.462936521536,1.41015553196,6
1154,-0.323899441166,-0.115278120343,-2.24762512685,0.271304098854,K
1155,-0.569092884953,1.86005610394,-2.5526005446,-0.433538185597,X
1156,0.112111473607,-0.845797840143,1.00631020207,1.13883188261,F
1157,-0.499492134991,0.91641467488,-1.04521512609,-0.50757820342,S
1158,0.376336174588,0.764118507122,0.935520356664,-0.594284323631,S
1159,0.0435519604575,-1.13311390808,1.83995995892,1.07689076788,Y
1160,0.08521566085,2.51096445751,-1.05481405994,0.673699680303,J
1161,-1.78187926997,-1.08540212875,-0.0523621760075,-1.07072106964,1
1162,0.895674400067,1.2217782908,0.354943949672,-2.72080073957,F
1163,0.178964296545,-1.24036038336,0.216703259507,-0.931038265768,8
1164,0.751110935945,-1.67754135722,-1.84529427201,0.472624179004,L
1165,-0.174065305457,0.41737570589,0.67568579441,0.976129682648,Q
1166,0.469285344255,0.468042648048,0.740358197771,-3.17350880211,L
1167,-0.414343091707,-0.847569597434,0.321460576581,-2.57576740455,N
1168,0.947170681816,0.328539010454,0.194054760004,-0.530855170507,G
1169,0.280983721958,2.21810968243,0.0430190102528,0.105970933337,S
1170,1.36877536297,0.314364311301,0.237928036312,0.826479814371,Q
1171,-0.556653869652,0.677243772286,-0.0487451867473,0.481484592223,8
1172,1.27535225202,-1.63660490059,-0.907082516741,-0.842150166534,M
1173,0.354484776486,0.336961106409,-0.877360547161,1.94340295455,D
1174,1.63041080339,-0.107837334831,-0.452669704243,0.511911011614,5
1175,2.13082174199,-0.513612858636,-0.589272751532,0.270246731148,T
1176,1.1330300851,-0.920498984072,-0.41147778905,-0.00125773317809,I
1177,-0.022368446588,-0.165693213389,1.48750250694,-1.5609710846,M
1178,-1.59781750388,-0.544169575971,0.565075786079,1.28817666767,W
1179,-0.641428915759,0.376689595468,-0.153789313646,-0.512960526573,X
1180,0.314357377289,-0.962541936748,-0.541512534494,-1.1561648896,X
1181,0.0883395556165,0.814274132271,-0.304655359037,0.792676034143,G
1182,-0.241961771733,-0.629315403013,-2.21260233427,-0.374105157708,Q
1183,-1.18173491365,-0.596941681158,0.2743443978,0.273126365442,Z
1184,-0.216653074676,-0.736039143474,-0.695235903991,0.421187733859,M
1185,-0.210084441042,0.708076753126,1.54565512016,-1.58704505966,N
1186,-0.194803690607,-0.215578248302,0.691829450352,-0.0992752966404,3
1187,0.555034364088,-0.628948162163,-0.550886205331,-1.30358538455,P
1188,-0.00132553343873,0.234979080439,0.305587215001,1.17498471846,N
1189,-0.505884715251,0.289074547151,-1.01753668504,0.086234836138,F
1190,0.818458302751,-0.0774239427346,-1.53559692163,-0.727323013995,2
1191,-0.739837815235,0.654747515967,0.775892880451,0.911725982352,Q
1192,-0.157668660717,0.0105765369843,-0.473290818785,-0.114977254557,N
1193,1.582072755,1.21135077234,0.277131433192,0.637144296923,X
1194,-0.704190048658,0.12787599735,1.05250272942,0.209073871078,5
1195,-0.389367804328,-0.93291366124,-0.998024963481,0.563616911143,O
1196,-0.558272131251,-0.161774896289,-1.53806659646,0.613443319356,3
1197,-0.158497066494,1.34901324395,-0.475157789661,-1.0330587238,U
1198,0.407671432137,0.254556508037,-1.56082456407,1.12562760798,I
1199,-0.653921366863,0.0275790877175,-1.39629369836,0.913825226594,C
1200,-2.57692549898,0.338165036668,0.519442976393,-2.30330714219,R
1201,-0.842865347335,1.0821650933,-0.646397860835,-1.13500686925,X
1202,-0.494181289099,0.104939493471,0.827236857824,1.05511433215,N
1203,1.15576168508,-0.0660077704386,0.23605882151,0.309968188821,C
1204,-0.687534473898,-0.0263544937825,0.106619281446,2.47490163593,T
1205,0.649517559904,-1.17781051518,-0.954277458301,-0.339043658202,D
1206,-0.423467777754,0.638837715089,-0.0390346575333,0.145446357589,U
1207,0.0827382882553,-0.472712215521,0.480072117744,2.01998684041,F
1208,0.268893320742,-1.48484562253,-1.63763986608,-2.3255800776,E
1209,-0.107129695053,-1.11241995795,-1.27069822508,0.848296771646,T
1210,-1.04544077775,0.797202720191,-0.350622812646,-1.15411164074,R
1211,0.419680914033,-1.20255497117,0.374432783263,-0.556201528434,L
1212,0.203280886034,0.947044539757,0.990641967636,0.0618586714995,W
1213,2.09212414836,0.906692467548,1.3274444574,1.09801998125,I
1214,0.426330491605,0.77543138121,-0.540806606851,0.483395084815,Y
1215,1.65203944937,-0.887319814636,-2.17453333781,1.28661777145,H
1216,1.01408518893,0.771958446614,0.391397552654,1.34960477211,U
1217,-0.268733296954,0.145778431561,1.14838487859,-0.0558591686879,7
1218,1.17460855008,0.611714412276,0.515178519961,-0.185847595552,P
1219,-2.40501866212,-0.160283329726,2.32208248639,-0.944042520795,T
1220,0.423191686836,0.0957867735118,-0.887767669303,-0.741621278186,6
1221,-1.24207952376,0.371923550534,0.16677714031,1.0104893326,F
1222,1.2934718078,1.14453036376,-1.4812669881,-0.441601572264,O
1223,-1.12685300658,-1.03722648479,-0.239714171379,1.17321878409,H
1224,-1.0622089135,1.19226182583,-0.77544757706,-1.22501175108,9
1225,-0.372656417204,-0.485827702989,0.534654941088,-1.21224456369,P
1226,-0.020036253405,-1.33303514247,2.18945039442,-0.24919015118,I
1227,-0.577762744277,-0.389902047992,0.488137595884,0.626000837653,D
1228,-0.766540645184,0.713716560555,-1.01825632674,1.88936116726,U
1229,-1.73870003681,-0.336053519267,-0.992538495353,1.42120418055,2
1230,-0.568215850256,-1.84814384541,0.863834662405,1.32228142724,0
1231,1.32185817098,1.00887344786,0.254607528649,-1.34209930073,6
1232,-1.44311819447,0.240571274358,0.792943937286,0.0736683310364,T
1233,0.440871905275,1.12257403393,-0.755518791048,-0.716928210258,J
1234,1.51509585736,1.33547436495,-0.910115691199,0.0511775765034,K
1235,2.02357956321,1.09680739934,-1.3481784049,0.264341887714,3
1236,-0.361315167468,1.01065213956,2.55387890981,-0.0895751091802,C
1237,-0.994547758775,-0.457568170876,2.21848280827,-1.2782514738,J
1238,0.132032388144,-1.3051371475,-0.536163371291,-1.28005533132,C
1239,1.16176432633,0.818181671369,0.0151191881992,0.283321533309,W
1240,-1.03942080599,1.13451743559,-2.22579019681,0.0592040052355,J
1241,-0.867388839047,0.398072218402,2.05379725736,0.734562840374,H
1242,1.45300175913,0.569163454607,0.198247662356,0.46520554845,C
1243,-0.0954282988118,0.428386420293,-0.405097533928,-1.39724911033,0
1244,-1.17327031236,0.159077812036,1.9276511382,-0.210691347031,J
1245,1.04396635963,-0.104110599839,-0.249275629159,-0.0207793012098,W
1246,0.280528850972,1.60109135858,0.561331365945,0.868630989409,1
1247,-0.659952829242,-2.30316016277,0.248001069221,0.942725735947,M
1248,0.790583884393,-0.983115534038,0.874530999569,0.809282002383,M
1249,-1.17591092941,2.15198696697,-0.0809277136982,-0.431623621004,W
1250,-0.261109738898,-0.516069628221,1.13538791735,-0.761319800575,Z
1251,0.703423839947,0.449614099105,-1.593578247,-1.15539989748,O
1252,1.11645041825,-0.274068941169,-0.0297477874901,-0.433413276523,Q
1253,-0.357308670313,-0.529398311787,0.205417525617,0.108428490163,0
1254,0.423229026993,2.08909611309,0.923674782142,1.50272651831,S
1255,0.217126083205,1.28236141456,-0.978428564074,0.263613449525,9
1256,-0.443397941574,0.676989997986,0.638588633657,-0.873794918749,S
1257,1.00534200238,0.682462254711,1.20027333585,0.193455111389,P
1258,1.37620985675,1.14804621775,-1.19493291425,-0.0246510549904,T
1259,0.745346522906,-0.886025029683,-0.437063213681,2.12474074181,N
1260,0.620059226462,-1.3714426877,0.722629755468,1.63796007884,D
1261,0.00630699376911,-1.33134152729,0.0649616494499,-0.572398251742,X
1262,-0.198477349779,0.684455814174,-0.147475221075,0.581648940506,9
1263,0.681178436604,0.283488752572,-0.20125716997,-0.837272455076,A
1264,-3.72686372556,2.15263217662,0.986711235344,-1.27395629167,R
1265,1.23296534957,-0.872075211571,1.12573394106,-1.26969198429,F
1266,1.68071777569,-0.795061674656,0.429541561971,0.907959685749,H
1267,0.0126033461146,-0.559557999613,1.17009301533,-0.755084321136,Y
1268,0.478687852114,-0.923803097176,-1.62141331544,1.12210892346,F
1269,0.654912901411,0.0515714367429,2.0161479636,0.652618167303,P
1270,-0.840524554435,-0.155627932446,0.992245693988,0.818994762669,G
1271,0.167651456358,-0.126483159859,-0.2159230909,-0.551816953755,V
1272,-1.69486905349,-0.251793821628,0.643791694262,1.05148438879,M
1273,1.15891064075,1.19204131316,-0.474725241124,-1.1885329973,T
1274,-0.359609404441,-0.742869703536,-1.43423198616,-0.412530336918,L
1275,0.527893710782,0.0840680255476,2.36852964741,-0.00302369910935,X
1276,0.388307345228,0.969655421373,-0.16239111452,-0.256349189716,I
1277,-0.270080229648,-1.25575148996,-0.356178529128,1.23140641525,H
1278,0.0820128039793,-0.523347238177,-0.29892608064,-2.25924648718,N
1279,-1.40152899868,0.293567238208,0.915068680577,-0.697823682964,I
1280,-0.34203915437,0.204837022753,0.965391319534,0.21957721666,H
1281,1.58845583063,-0.269371964148,-0.298398891617,-0.0173215631696,P
1282,0.367102716772,-0.208086567685,-0.251701415964,-0.522192758844,H
1283,0.197511460601,-0.502179218169,-1.73685418123,1.23451645845,Y
1284,1.55252757473,-1.33235367105,-0.227917886077,-0.817040668057,R
1285,0.304381622491,1.40660303091,0.373171731372,0.446836979475,4
1286,-1.40555861862,-0.701879470135,1.7938014939,-0.370494730707,F
1287,-0.290145817461,0.466116593833,1.01992419248,-0.0913182440873,Z
1288,-0.0461043106532,0.873557369774,0.660301204101,0.463093389561,I
1289,-1.57701158808,-2.11928449832,1.8056211286,-0.283501178844,E
1290,0.34037236652,0.382560935847,0.000310750462007,0.452416589048,O
1291,1.61748513305,0.325101331381,-0.56004210719,0.944086448958,I
1292,0.268348057071,-0.373019728317,0.433140418073,-0.868285773218,J
1293,0.599410556722,-1.05300636777,-0.0612465004706,0.890921720842,I
1294,-1.76732355314,0.564682563134,-0.274611661673,-0.174666490025,0
1295,0.00758863980265,1.50644674792,1.90347761211,0.416104168602,X
1296,-0.109962464506,-0.92011662808,1.82319172674,-1.42793478629,5
1297,0.645940278964,0.441283164828,0.724278886156,0.72679455762,I
1298,1.18991277757,-0.453600708269,1.20712924318,-0.241784995613,B
1299,1.20958260767,0.65135204117,0.384909738967,0.560129899922,N
1300,-0.835033146253,0.186814148387,0.0994207791387,-0.540764053646,M
1301,0.923118167978,-1.34952513551,1.98628884937,1.09994393543,D
1302,-0.169421148516,1.09333515534,-0.0476520705247,-0.0857051252725,5
1303,-0.367094822957,-0.764236642365,0.525876450542,0.358030321448,L
1304,-1.1500069318,0.824940600187,-0.871590899842,0.058123757859,M
1305,1.49739986205,-0.819334159838,0.0173922939101,-0.0373138831218,D
1306,-0.317808432798,1.23565305224,0.129119462254,-0.750614454962,R
1307,0.89532447686,1.73828940595,-0.789496165367,1.56141462002,5
1308,-2.32337594373,-0.0864840810099,-0.937811232637,0.975500070851,F
1309,0.749856964401,-1.46987067396,2.67443377359,-0.835017756629,Z
1310,-0.631610955098,-0.828862135897,-0.120593931393,-1.00073677846,S
1311,-0.722216454,-0.507615853758,0.252700306067,-0.196934531941,C
1312,-1.12139973048,-0.830073503932,-1.55615056655,1.3721124891,P
1313,1.25533425487,-0.09154850985,-1.09204964199,1.43161043377,U
1314,-2.088979558,-1.03384018998,-0.175709666863,-0.0449589141002,P
1315,-0.593835822312,-0.125592399728,-0.148472855001,0.824293452333,3
1316,-0.853371415484,-1.05039203696,-1.63655218727,-0.531499124856,I
1317,0.184960336992,0.724280895102,-1.30361378129,0.0427831967716,D
1318,-0.234229356882,-2.15677620777,0.665154262535,0.652184895711,K
1319,-0.54299503992,0.391323100562,-0.623618972537,-0.638090845749,Y
1320,1.03698614841,0.499677025358,1.1483637071,-0.467138973178,4
1321,0.76271339487,-0.337945754488,-0.2394130161,-0.662794634356,U
1322,0.749977252066,0.712538194104,1.00191689839,-0.996523167443,K
1323,0.171084490966,-0.255490209155,0.10204825688,-0.316482514731,I
1324,1.93252529985,0.246312840195,-0.141026811591,-0.530162228416,7
1325,-1.05774509068,-0.974924406809,-0.138163668084,0.50749427439,7
1326,1.45092529268,-0.757698387582,-0.0953520457199,-0.783242478344,E
1327,-0.85149196031,0.531830081401,-0.000884832874349,1.09008844783,P
1328,-1.45522992648,-1.65130642134,0.176941162469,0.872048144356,O
1329,1.61492737297,-1.21321204424,-0.481253085157,-0.417013545521,7
1330,-0.0844707071002,-0.277350251414,1.45142975013,0.084764073742,D
1331,-0.5181126395,0.226027523031,-0.511796004744,-0.919189801343,K
1332,-0.972865815785,1.00420510815,0.120233141304,0.0420245997512,I
1333,2.83389146282,-2.10126036599,-0.429481838014,-0.463515049932,C
1334,-0.128270349801,-0.543379557898,-0.221872914332,-1.02900699991,X
1335,1.2479672656,0.12885030993,-1.5591854335,0.0442225359338,M
1336,0.273832207653,0.522074012213,-0.308342079956,2.69927626674,K
1337,0.702012139939,0.711724433547,1.16333553945,0.296342565636,2
1338,-1.01616433854,-0.354133698994,0.344964062178,-0.991717145794,2
1339,1.06324882728,-1.60978016501,1.58545234186,0.266229477001,R
1340,-0.345091855756,-1.7837325519,0.99536338098,-0.133127352441,A
1341,0.58027291123,0.858169734642,-0.411593834311,0.237032769553,K
1342,0.242251380141,-0.0145725002239,-0.546432249808,0.329856322069,I
1343,0.399690118727,1.88321678065,-0.567522295935,0.406623115363,E
1344,-0.388245285516,1.91955177908,-0.905066936826,0.678331150429,U
1345,0.533743889572,1.90674601442,0.543798074993,-1.30882802925,Y
1346,-0.978300644853,-0.936582646346,0.0904091533885,-0.218279913589,L
1347,0.339442344569,-0.280249621951,-1.00701185586,-2.80808361019,X
1348,-1.67040365215,0.0766646690072,1.29803020109,-0.763384229448,6
1349,0.673709173872,1.49274874214,0.54797402281,-0.21453004323,2
1350,-0.860414392152,-1.05417317622,-0.213906071213,2.00459404389,N
1351,-0.697103088091,0.482458727851,-0.618269289508,0.46832546042,E
1352,-1.595699258,0.747178514991,0.439321734363,0.375915183795,K
1353,0.640864163329,-0.928822634893,0.139355578476,-0.740331951841,7
1354,0.504642371483,0.0813011615781,-0.524630774609,0.122069394944,0
1355,-1.56057635517,-1.40874130154,0.544640810174,0.939580399542,J
1356,0.876947072215,0.969391778742,-1.06937456045,0.173287156582,Y
1357,-0.99574766653,-0.962385194582,1.25743132987,-0.631645560594,N
1358,0.500235549767,-0.891189447424,0.463303711582,-0.39450123141,E
1359,-2.68733452364,-0.240996973166,-0.588066956412,-0.355681965761,E
1360,1.11229192519,-0.0268625158011,-0.144076658429,0.364360511234,B
1361,0.236182901499,0.113043321335,-1.38045374982,0.0287923325092,W
1362,-1.09349419073,-0.94656249728,0.149382352342,-0.190454424156,D
1363,0.676450248634,0.904576346819,0.854621267822,0.323596422009,K
1364,1.84171173892,0.439631156345,-1.26512150935,-0.7130287437,L
1365,-1.12860527791,-0.498973014223,-0.0799628298771,0.176692485018,9
1366,0.767857131539,-0.511653489057,-2.18141435994,-0.225151027299,K
1367,2.21922339462,-1.50715786572,0.901498948231,0.474151148398,R
1368,-0.0304388705899,0.912498133079,1.78049729509,0.437121618886,Y
1369,1.03866081951,-0.390588986449,1.52163398484,1.43129877901,3
1370,-0.562847699886,0.630243211028,-0.055076707411,-2.03174199858,5
1371,-0.838190893841,1.91050059234,1.78492448135,-0.128931948702,B
1372,0.289629648945,1.53067290722,-1.67807010088,1.18281868986,K
1373,-0.458333386443,1.22967156917,-0.038086863698,0.961370489165,A
1374,0.607270919702,-1.16172766879,1.128580891,0.477947174106,O
1375,1.13675096117,-0.617244498209,-0.103224928341,1.27397470921,P
1376,-0.499357001246,0.0824176514851,0.886325430417,-0.889349932532,3
1377,-0.0530786331086,-0.431909164702,-0.819709901449,-0.184382551556,O
1378,0.554388857689,-3.41544808181,-1.00800794735,0.0956364361786,5
1379,-0.437517905883,1.41621800826,-1.22369560488,-0.983090516508,B
1380,-0.562207056126,0.26643240258,0.282217485754,-0.572416652579,G
1381,0.282379064814,0.261255125512,0.38970012658,-1.35030545437,Z
1382,1.03683079029,0.417989492642,-0.203445978253,0.483798676157,M
1383,-0.468093396047,0.346607093628,-1.77374773202,0.778592939632,L
1384,0.439716272699,-0.543873067464,0.113143588946,-0.889963518532,A
1385,-1.37494706434,1.85812561095,0.670141349612,1.64345039722,C
1386,-0.854070607979,0.0151225979044,0.606645377924,-0.924788887394,Q
1387,-1.06491417838,-0.75226427386,0.635654031495,-0.847768533913,O
1388,0.328037718826,-2.20103509075,-0.640834771785,-0.762974021399,N
1389,-0.454491340371,-1.29681690578,2.02138698688,0.740482200426,O
1390,0.495932976806,-0.706393240953,0.515892204902,-1.66452889496,Z
1391,1.01509811308,0.25448136615,0.284005106318,0.0846178898836,X
1392,1.11009050854,-1.07843735256,-0.415990547218,-2.49707209912,W
1393,-0.787877349072,0.0236297063864,0.7913470345,-0.153286527989,V
1394,0.0741205418627,2.94673670796,0.432237323415,-1.32222208221,I
1395,0.35342855129,-0.247717312554,0.0270991093519,-0.8727517262,X
1396,1.22420513996,0.710345339979,0.406203541908,1.36239436326,E
1397,-0.350708061042,-2.26332804205,0.280187557964,0.996977921218,R
1398,0.207885888902,1.21936259874,0.120394429028,1.4164817797,Q
1399,0.321767430171,0.997814544627,-0.141008953383,-0.214223069583,H
1400,-1.34352840794,-0.396485091799,-1.63834733693,-1.00633153068,6
1401,0.0223192577748,-0.704375089347,0.789894079467,-1.78064925419,X
1402,-1.53943926339,0.535849749487,1.97650932326,1.14605246914,J
1403,1.72177032018,0.110357738361,-1.42699106961,0.302452803603,Y
1404,-0.122782703232,1.0179528959,-0.485182089307,-0.757532732116,L
1405,1.43788156947,0.462308988083,0.645183803592,-0.488187632764,N
1406,0.252518543508,-0.893763986209,-1.45102014416,-0.0375714708079,E
1407,1.42814001855,-0.307382228111,0.83523623261,0.318658934567,T
1408,-0.653512584303,-0.826898221622,0.365600388917,-0.343441776258,Q
1409,0.648526065008,0.382165727931,0.837119818479,2.05771302981,8
1410,-0.294030957524,1.86694743373,-2.42464104529,-0.594399243629,E
1411,0.546135512764,-1.1652909911,-0.0694930860228,0.839442562258,O
1412,0.0555903173585,0.460796082116,1.48077737332,-1.17394972208,1
1413,0.911487343891,0.336340804591,-0.890389890144,-0.131222395415,6
1414,-0.907505123734,-0.773818498491,0.12346139694,1.7238138304,S
1415,0.118950459723,0.898642337493,1.35942348119,-0.0251395016419,Q
1416,-0.878654567323,-1.64017262638,-1.32403367272,1.13121059108,F
1417,-0.0195090687534,0.876112935533,-1.54975781181,1.65096516971,0
1418,-0.00394339077814,-0.100710552307,0.0893260410262,1.22039805412,5
1419,-0.047169296907,-0.834209871166,-1.41768037596,-0.992629006235,O
1420,1.40810880852,-1.29737317132,0.331663635673,0.227962745993,Q
1421,-1.2548590158,0.379769430064,0.234047833903,-0.412161262918,N
1422,0.532226558002,-0.576430066769,0.43398252735,-1.03456633891,V
1423,-0.440185697792,-0.920559501068,-0.886908087445,-0.717393448213,O
1424,1.75584352847,0.583304752123,-0.0230017894854,-1.24022240905,5
1425,0.326275027406,1.11890023602,2.10019897659,-0.302665366483,9
1426,0.0248800828258,-0.717322432289,1.40819580332,0.961345834295,O
1427,-2.33818700445,1.44802661918,-1.88231862791,0.0909206150754,D
1428,-2.32939753655,0.226032598024,-0.359550306075,-0.5455516848,S
1429,-0.203604287816,-0.371016242329,-0.120284759296,-1.31681269188,1
1430,1.62664704134,0.296329948808,0.314340903553,-0.0317415498562,U
1431,1.91553837462,0.902880160713,0.408402965813,0.380035754502,R
1432,-1.09537790015,-1.43646233529,-0.136635738729,-0.0764722286529,3
1433,-1.58854993692,-0.192420492975,-0.125518628071,-0.116337654564,O
1434,0.677292248175,0.0215356207764,-1.54365114036,-0.254481873178,4
1435,0.146032559378,0.956711496135,-0.116032917948,-1.11825909448,Q
1436,0.162938608377,-0.176831264211,-0.517488651292,-0.0864830176844,A
1437,0.446003820737,1.42139105029,1.8642327115,-0.231943635664,T
1438,-0.766637482273,0.849321807088,-2.2714823531,0.0979413653458,E
1439,-2.21232557542,0.371240253681,0.0767079166135,0.579677915908,E
1440,0.449887859227,-0.382981989997,0.535168018616,-0.139049020421,K
1441,-0.22639148269,-0.360102264648,-0.256502694834,-0.591465556768,J
1442,0.731659744695,-1.8953074595,-0.977830033843,0.609794571862,4
1443,0.0931606166309,-0.941322320321,0.948940099357,0.907185151192,4
1444,-0.473135155994,-0.1540750458,-1.01919773462,0.46338232721,A
1445,-0.360482350751,1.12928193,-0.520626158038,-0.583512350911,B
1446,0.398427752894,0.931626627109,0.126570487381,-0.359562151167,E
1447,0.0564556589296,0.94288979243,0.4874905816,-0.32511113966,Q
1448,0.919765871956,1.27189320756,0.325628696606,1.43833768786,A
1449,0.826459617836,-0.25257759857,-0.935144634831,1.41416706578,W
1450,0.239816750433,0.200545908818,0.676697575328,0.3592047039,L
1451,1.00425814123,0.137819747451,0.340929542235,-0.534090208875,K
1452,-0.0229073465848,-1.52309532595,0.641033356976,-0.104280827356,Z
1453,2.4553294856,-0.190568706751,0.302308755128,-0.480748487426,S
1454,-1.152558702,-1.85773366532,0.187128405436,-1.99597450275,L
1455,-1.5768358269,-1.95803125115,-0.140601892229,0.632314680729,T
1456,0.426067806495,-0.167195260612,-1.07538196693,-1.09232824787,Z
1457,-0.716211974377,1.01534940901,0.488514171093,-0.6992617504,K
1458,-1.1598671543,-0.775871164631,0.605492118368,-0.297011919996,P
1459,-0.0882782310477,-0.206925043349,0.104637765647,0.87542263029,N
1460,-0.610495420468,0.557744325186,0.931148741404,0.436779495531,I
1461,0.379393939959,-1.31754650069,0.00140961496578,0.96985594288,9
1462,0.864210601103,1.51959270512,1.2602381929,0.654337294173,L
1463,1.35042386322,0.345149395659,-0.829000624479,0.185953000235,V
1464,0.956002398058,0.566695204857,1.15097765137,-0.360039348231,G
1465,-1.01271561372,-1.02089482455,0.650649332577,-1.21644042254,3
1466,-1.08723895963,-0.949828161359,-0.645357741883,-0.859970423632,W
1467,1.61426399023,0.488728492246,2.35284924877,0.268150788043,8
1468,0.662645364559,-0.887112505745,0.476253176239,0.0604539992241,2
1469,0.00581733342224,-2.76375520888,-1.30054320118,0.542560717341,N
1470,0.763452968026,0.438033043611,-1.23117308352,0.806291070585,O
1471,0.0248338278421,1.11800758559,1.7370337438,-0.374937943514,6
1472,-0.355464724764,-1.07655406598,0.96589934481,0.659140527992,A
1473,-0.74518760691,-0.782876983092,-1.2584832296,-1.05593621566,J
1474,0.202093188944,-1.28208773942,-0.779934818834,1.44364991599,N
1475,0.760750512349,0.0220584686976,-0.351377425527,0.211099278376,1
1476,0.557157571393,-1.87664885531,-1.43015225415,-1.65496850295,D
1477,1.31963869033,-0.215069650367,-0.362025126756,0.518274727985,T
1478,-2.28647075909,0.411293577858,-1.53916240694,-0.0914176934627,G
1479,-0.573243668227,-0.422649981043,1.46408364419,0.542438619748,4
1480,-0.55759050633,-0.698957716726,-0.993514769196,0.0759295578585,D
1481,1.33450280232,0.51301671119,-0.587333955623,-0.251175850978,T
1482,-1.49677491659,0.744357087817,-0.482187240495,-1.30800591706,Q
1483,-1.17452662221,0.387195589984,-1.71853862967,-1.28141022865,V
1484,-0.675109833043,1.19326561206,0.997501924819,-0.521572741003,C
1485,0.157038349596,-1.61630838977,-0.903543566356,0.350487107514,Q
1486,-0.130342012064,-0.80397169943,-0.113091442772,-0.381548987444,R
1487,-1.34876562152,0.714155966661,0.0434317396693,-0.05786274716,U
1488,0.760157458407,-0.318976319748,0.433242506698,-0.439731006754,B
1489,-0.526895796936,-1.08364487888,-0.161763453781,0.660052577321,8
1490,-0.461581875405,-1.05073081656,-0.426426617924,0.887175023523,S
1491,-0.222515257586,0.753492078298,-0.409288872365,-0.295382020178,U
1492,0.721114129926,1.01171595253,-0.271546139347,1.21177601187,A
1493,1.12135600853,0.468571303309,-0.336326278748,0.0786054495786,3
1494,0.164942302327,-0.266020553863,-2.14393727282,-2.11347073409,8
1495,1.34582221279,2.363194536,-1.40556763539,2.59980012504,Z
1496,0.173217293679,-0.116328659231,0.373465620635,0.381805231146,M
1497,-0.289274079692,1.43935233765,-0.799853033499,-1.20854339236,9
1498,1.09400792323,0.049683461924,-1.44582026124,0.54020866487,C
1499,0.290745099581,0.590175351162,0.895260240084,-0.0255184294724,D
1500,-0.264040070601,-1.20405142085,0.504198843251,0.602873258819,O
1501,2.02758398889,-0.0975764987238,-0.44568920093,1.96501777344,Y
1502,1.34257307405,1.23139980051,1.72325729019,1.33221620567,N
1503,1.53604235709,1.58526435383,0.904740054914,0.972696763647,C
1504,-0.494592694128,0.00841829950128,1.51264658499,-0.114530825559,R
1505,0.796604424508,0.242222970311,-0.381732463187,-0.0061868522974,9
1506,-0.103387973006,0.690856569055,-0.217870281818,-0.399363176723,V
1507,-1.055039179,1.26349828146,-0.294832615343,-0.131289713245,I
1508,0.769964218459,-0.077620842945,-1.56905718062,1.75986614729,I
1509,-0.38048180046,-0.444606035908,-0.959612675019,0.375137657139,W
1510,0.343651826068,1.65349651861,0.361989871334,1.41352143336,E
1511,-1.03716945797,0.466150540788,-0.483780259262,1.75466268238,Z
1512,-1.37065976358,-0.0666614534728,0.780668543488,-0.341960144064,O
1513,-1.21895291966,-1.18545421346,-0.313376693344,0.509476841755,T
1514,0.32065739782,-2.37113525461,1.32758927225,-1.32668776082,K
1515,-0.0213784655609,-0.062101449849,0.573616579247,-0.603958067001,W
1516,0.703793274237,0.0942090900064,0.212398830103,-0.698489941514,X
1517,0.126526890866,-0.597758058424,0.772461830038,0.406615119685,2
1518,0.47291713682,-0.828901504522,-0.236531944139,1.13817993646,V
1519,-0.903719219671,-1.37777727709,-1.8441900683,-0.472677417323,W
1520,1.02434428182,-0.450260593235,-0.683783461487,-0.661728619468,L
1521,0.127562373998,0.164954534788,0.302059134943,-0.774068740856,H
1522,1.11430950795,0.0405451436899,-1.94560480062,-0.051612735138,X
1523,-1.10512139069,2.33019862975,-1.632063769,-0.64205644547,X
1524,-0.638923156693,2.08778360298,-0.664266873688,1.27975890117,B
1525,0.394658235781,-1.41518093447,0.909132595548,-1.03002663758,S
1526,0.229628659311,1.2214494688,0.267325253875,1.54696487169,P
1527,-0.754185676927,-1.42834340554,1.64293143918,1.2988582937,A
1528,0.276273761718,0.759065379096,-0.779599533024,0.224756024803,S
1529,0.701377406387,0.12016209526,1.43200656513,-0.151164008576,E
1530,-0.595784982731,-1.44838128717,-1.43480865047,-1.8786321848,H
1531,0.500948697905,0.0705001032279,-0.443116787062,0.457912429478,G
1532,0.859546396113,2.78597107686,-0.532928794639,-1.13682821581,J
1533,0.711861098639,0.00273640226251,-0.400844152141,0.551365228914,H
1534,-1.44506248283,-0.611055479629,-0.322966946617,0.54738361468,B
1535,0.954099726062,-1.25736008385,1.00890258372,-0.906557894159,L
1536,-0.833364012238,1.0406937031,1.19796801517,-1.3129231091,O
1537,-1.29261411516,0.276692468154,-1.05074080457,1.53401268267,M
1538,-1.01376004699,-0.0665722579385,-0.620853922909,0.730213584512,X
1539,-0.97616887528,-0.974598183313,-2.19737016739,1.8523709141,O
1540,-1.32972968472,1.08533137785,1.98057404207,1.17684100975,X
1541,-0.218698468277,0.0846662862322,-0.173542400081,-0.651511227568,Z
1542,-1.98299142137,1.64359853045,1.46859789992,1.51674179275,K
1543,1.16488438917,0.0207641547176,-0.533329246529,-1.14503459564,E
1544,-1.49179906211,0.00756441213769,0.616604667771,-1.03741379671,M
1545,-0.996030372591,0.137300541492,1.73178153808,0.175898039776,B
1546,0.30386104738,-1.05266161509,-0.970054546841,-0.785081314528,O
1547,-1.0013319354,0.0171807790538,1.78241016157,-1.19056781967,9
1548,-0.336102391466,-0.821629065309,-0.62618517135,0.571428907549,F
1549,0.422549798973,0.500042040825,0.513455808678,0.488155853567,L
1550,1.86787067037,1.4845820321,-1.35744289817,-2.62663711933,M
1551,2.00516672617,-0.685621936559,-1.56103048138,0.182441223881,C
1552,0.597000248932,0.22270846446,0.305167804049,-0.0805328901916,V
1553,-0.508773249441,1.02173424726,1.10864419183,0.943291270943,V
1554,-1.17902006177,0.0363309270846,1.04283678364,1.0882222048,7
1555,0.951402041644,-0.307577808863,-0.368335406758,0.251812938517,H
1556,1.21833862783,0.713224474064,-1.29350675867,-0.760256789836,P
1557,-0.637574912267,0.26430508117,-1.31830080924,-0.356750794756,Y
1558,-0.27995191575,-0.48078795117,0.570095362591,0.0642803216313,4
1559,0.0701601952182,1.67139199387,-0.799068307941,1.15237521915,U
1560,0.765127419982,1.03266114891,0.20223758582,-0.111697075821,O
1561,-0.164872077134,-0.20505213879,-1.35280785366,1.07098723558,3
1562,-0.921248785596,0.130183091856,-0.494699786632,1.20031965974,D
1563,-0.772597691428,0.971765757827,-1.17280715891,-0.629113714662,M
1564,-1.1680476192,-0.763391523445,-1.10101726786,-1.2252818223,F
1565,-0.487140834685,-1.57001419911,2.02370105914,0.942097604306,1
1566,-0.960109537535,-0.599788708126,-0.420131232746,-1.06030457269,D
1567,1.14577395971,0.271638101868,0.158536461126,-0.138008496423,Q
1568,-0.193084172498,0.966615598408,-1.28847490105,-0.604217202991,8
1569,-0.32850330582,0.848667855713,-0.0465495757159,-0.34978376267,X
1570,-0.350641166323,0.682651801838,1.21311000355,-0.422607458982,N
1571,1.62355806957,-0.389625926884,2.02048547686,-0.204084789532,0
1572,-0.281836288141,0.799263959008,-0.0336468325356,0.0417077579466,N
1573,-1.37962724985,-1.12480709842,0.0765727947042,-0.908952629489,U
1574,-0.481684847988,1.31709990956,-0.913979033311,-0.677304004251,H
1575,0.574355859415,-0.732227953104,-0.158524395444,-1.79488993722,L
1576,-0.556245520489,-0.972948130828,-0.358833604218,-0.229476947367,W
1577,-0.66214197248,-0.182813043716,0.328314602924,2.25219423183,X
1578,-0.209264365144,1.11609716094,-0.839968459552,0.4917501115,F
1579,0.412336945722,-0.46401227835,0.112052135657,0.829024115073,V
1580,-0.292731179187,0.152551896658,0.17142074717,-1.67651412448,A
1581,-0.810217142812,1.70764467309,-0.29562259442,0.205511313282,0
1582,0.443111229087,0.546865887965,-0.815407176367,-0.814718294187,1
1583,0.421462014369,-0.836823207563,1.42580423759,0.0523787733167,U
1584,-0.761552831379,-2.15348119654,-1.24191736203,-1.00006613764,V
1585,-1.74084323204,-1.61840533097,-0.206716811748,0.0885236732286,W
1586,0.862218665973,-1.02809105415,0.132115501033,0.920400144314,T
1587,1.15134711632,0.109755691825,-0.987296792559,0.763409498777,I
1588,-0.910334540236,-0.982107231739,0.4902264385,0.643449468038,8
1589,0.761674334864,-0.617405895191,-1.65258477842,1.8755176619,9
1590,-0.994851042536,-0.10349657939,-1.57733488725,-0.537262764861,K
1591,0.41050036481,2.35197116378,-0.97447979132,0.163615325464,U
1592,0.36384323618,-0.331078602072,0.00841093443977,-1.8089522996,W
1593,-0.726562578488,-0.26114074372,0.243103290471,0.142010741304,C
1594,-1.01093123725,1.01473905996,-0.925784490381,-0.869490578157,X
1595,0.938798717736,0.421109969898,-0.105712068891,-0.563259551723,T
1596,-0.639066820623,-1.28946905741,1.12461840654,0.608780169403,H
1597,0.853379697811,-0.51483754096,0.0973156399369,-0.29752252718,9
1598,0.94774937481,0.259260159951,0.549507330206,-2.63681423282,9
1599,1.90534954455,-0.0120548434312,2.43179146247,1.23799691129,M
1600,-0.516668359351,-1.80923618898,0.416144059504,-2.28058797373,J
1601,1.02777951126,-0.0274045926422,-0.564503030393,-0.119946714041,P
1602,1.55120387297,0.466685124976,-0.641259955201,-0.18174401076,O
1603,0.926318464366,0.927290601245,0.117345511973,0.68985159387,N
1604,-0.632273080236,0.324688408795,0.298192933386,-1.0172733559,J
1605,-0.0158740950265,0.788400793745,0.638824670639,0.372047899762,S
1606,-0.010017321895,-0.32695451286,-0.31823590213,1.04604419541,4
1607,-0.634580292563,-0.522507979102,0.0685666156492,-0.884559531219,J
1608,2.05065268465,-1.18154915066,-0.533822033696,-2.12531292737,X
1609,-0.908868231614,-0.793014142453,-0.335109038577,0.0374922559769,0
1610,1.2241099505,0.958274145663,1.32975751534,-0.253768391221,Q
1611,1.71814352165,-0.648634472817,0.1424226142,-0.403444926023,I
1612,-0.533004856114,-0.214491349788,-0.235922689724,0.9149299398,I
1613,-1.39075910696,0.211406286469,0.590674181073,0.0832624575212,M
1614,-0.928091152254,0.70195625048,1.03917784458,-0.762259190043,A
1615,0.72867183608,-0.383445985935,-0.562925808581,0.423290394881,Y
1616,0.370023897628,0.0320204251703,-1.26304989909,-0.661189728673,V
1617,-0.174517541449,-0.253561303185,1.36344112483,-0.352336950599,V
1618,-1.46212349337,-1.02408033265,0.516048048624,-0.274181111882,R
1619,0.149626247552,-1.25849281879,-3.14701156647,0.64737731324,A
1620,0.718572411262,0.122686536106,-0.264683241279,-0.0124673163138,A
1621,-0.583261123227,1.86609585372,-1.29196176134,0.501720480034,4
1622,-0.215772191528,0.0962581533943,0.500505854044,1.26603239651,G
1623,-2.00888695665,-0.463262449711,0.235280097167,1.5763809331,P
1624,-0.389030855657,0.756333089626,-0.7271883968,-0.241930389347,9
1625,0.0947555661679,1.44339510027,0.421278686475,0.521303731115,K
1626,0.2113972845,-1.09106242295,-0.885884935981,-1.17421052926,3
1627,0.86797079808,0.0598448838376,2.11767405721,-0.275678335507,I
1628,-0.689219615703,-0.498567456429,-0.75448693175,0.249617849825,T
1629,-1.42231259979,-0.799299043152,-0.81816832882,0.175178717878,N
1630,0.12105782063,-1.39175755391,0.540613703281,0.610207516437,Z
1631,0.320296932058,2.23958793722,-1.14674139894,-0.510207686705,B
1632,-0.690141911162,0.491000756184,1.05833166104,-0.00898897852961,M
1633,-0.521702563056,-2.2992284354,1.04297429809,0.0224880517746,V
1634,0.255020814038,0.547389566602,-0.590398411856,1.0408746278,E
1635,1.17362315346,-1.47036633704,0.391081992179,2.61473306864,O
1636,0.408012033378,0.666054476474,-1.33205131558,-1.77327000572,H
1637,-0.40466508765,-1.82679566163,0.0510815643387,-0.38915532463,V
1638,1.31123318219,1.07163583275,-0.691517208418,-0.197166005505,H
1639,1.32948333693,-0.314181397961,1.1552500717,-0.310137704948,R
1640,-1.33495964376,-1.37341691193,0.0212635301145,0.902418238064,N
1641,2.26828155848,-0.00732947160686,0.394682682766,-1.67980344276,C
1642,-0.304685066971,-1.35629610351,-1.62041924033,-0.569421791226,U
1643,-0.530817561108,0.800831462137,-2.27478067246,0.170541062213,X
1644,-0.00179986983782,-3.4653558453,-0.827826077789,1.43080821594,R
1645,-0.261444375509,1.48631429918,-1.03957864586,0.719062435257,U
1646,0.62762234217,-0.46919389474,-0.101264239068,1.89167555183,V
1647,-0.329298496659,0.0717152253405,0.479169387265,-1.0790751319,0
1648,-0.742764960953,0.759029529798,-1.11810900429,0.884686955416,Z
1649,0.383763774827,1.11581944114,1.33311278763,0.371440405137,8
1650,0.137338425346,-0.662399039657,1.7571400095,-0.909404566909,X
1651,-1.53960538842,-0.895458217211,-0.233274750243,2.66655612119,P
1652,0.0353039138924,-1.94248713729,1.24211758155,-0.184326342353,9
1653,0.182066404508,0.434355323079,-0.583836351776,0.616159546221,O
1654,-1.25990105329,-1.11409988744,0.283941450122,0.797891659445,E
1655,0.988201686454,-1.16336690726,0.115797150455,-0.048534985658,O
1656,0.236979548584,-1.60238488736,1.11837989374,-0.554615854672,0
1657,0.900937660768,0.716453965152,1.81187532375,-1.33070373795,Q
1658,0.727674783924,-0.938173916416,0.479873744399,0.347832185007,O
1659,0.287110072224,-0.346400077377,-1.15967566037,1.04924310759,9
1660,-1.09946636266,0.356532775254,-0.167410152699,-1.17486770267,A
1661,2.1283707566,0.678285501341,-1.13497406993,0.492645207942,X
1662,-0.839113824688,-0.00629898159072,0.822816731551,-1.68470741455,8
1663,0.883543016678,-1.08390836156,-0.0563487493394,0.571913010804,R
1664,0.394935659169,0.935667577549,0.401927372893,-0.0626312737887,B
1665,-1.23974059305,-1.06399123524,0.117355131206,0.529984300876,B
1666,-0.921698915115,2.01375842574,0.578415807888,-0.832472037503,X
1667,-0.438838985571,-1.68872582237,-0.772547963494,-1.13887365375,V
1668,0.367193623945,0.588573768007,0.63705434795,0.636911713473,G
1669,-1.39824091937,0.701901911749,-1.6039740305,-0.00191015659499,I
1670,-0.759556384559,-1.76728167174,1.90306987097,-0.191658537688,A
1671,-0.0325374154026,0.924378833659,-0.148703780094,0.321012177688,W
1672,0.209908624091,1.62333189849,-1.14475403621,0.412215898863,2
1673,-0.457389497523,-0.117801477433,-0.32397183724,0.87981619223,Z
1674,0.126167352241,-0.170581518245,-0.086927529729,1.42652676089,X
1675,1.38530572842,-1.47087255798,0.59369209983,-1.33194260542,8
1676,0.411997030112,-0.792781344662,1.11709531707,3.37295110815,O
1677,-0.794808010698,0.294574039582,-1.23511365799,-1.03851383432,H
1678,-0.400434824925,-0.0408743084732,-1.53988520595,1.30612484373,J
1679,0.0699993363635,0.856248596248,-0.599017277237,-0.766095044295,Q
1680,0.480274367534,0.934570545918,-1.23317116217,-1.02728893157,L
1681,0.169191485435,-0.24147182354,-0.199200577419,-0.42158335915,Q
1682,-0.274242841274,1.46520620864,0.0983658151306,-0.166066319638,Z
1683,0.350213524144,0.375084339419,-1.31954575896,-0.105641098649,Z
1684,0.238529004497,0.37315459461,0.75596221298,-1.68183628998,3
1685,-0.222048141486,2.13619965929,0.197332538369,-0.539230303526,1
1686,0.375308784071,1.16542736895,-1.35745312889,0.612016863226,X
1687,-0.463572516619,1.76608711618,0.455837038526,0.255511649762,Y
1688,0.279987620365,0.420717170016,0.805524014081,-0.755125227341,Z
1689,0.930874248303,0.0606505882541,1.62367108664,0.0860153472264,T
1690,-0.292948973947,-0.880245087659,-0.58117838012,0.654814808604,C
1691,-0.204133216404,0.333148655006,0.406851809035,-1.16939138914,U
1692,-0.242473906162,0.331982023684,0.290742328485,-0.278749501439,F
1693,0.145993094168,1.9304475604,1.72013936155,1.37752246006,U
1694,-0.617593289332,-1.61459102215,0.016190729139,-0.604622352054,I
1695,0.922978305801,-1.29205533331,-1.35199744332,0.283805565248,Q
1696,-0.928138328936,0.852961137271,0.0244439954446,2.34055255809,D
1697,-0.821975954987,0.817373988272,0.451824760042,-1.5700276798,O
1698,1.32173710851,-0.400620518794,-0.807798064685,1.01563144261,A
1699,0.711289457197,0.923190427705,-0.455170176161,1.06781436898,B
1700,-0.0473042822119,1.39417991714,2.34460962441,-0.0023966537126,W
1701,-1.68833560877,-0.34635181462,0.425520384037,-0.224832006719,F
1702,0.160532758569,-0.687899003181,-1.42119553711,-0.272782612488,S
1703,-1.06680985591,1.25993735104,-0.206259375156,-0.970698643303,2
1704,0.745745145667,0.218009162287,-1.16438909867,0.998143664553,K
1705,-1.11369373771,1.71432477317,0.0812320103556,-0.774843957654,M
1706,0.836288834404,-0.640711544732,0.214117823982,0.672352803796,F
1707,-1.25373252201,1.75515388592,1.00968391267,0.813606878515,L
1708,0.688122013016,0.107562816071,1.26869029345,1.58572469791,Q
1709,-1.0009468033,0.543779192221,1.70153691822,-0.824417749374,M
1710,0.259233095573,0.384970064867,0.623987326179,-2.26782692831,F
1711,0.681097356909,1.81924389122,0.669091092328,-1.13871377546,R
1712,0.0795039851048,-0.515797218581,0.0340167738489,0.533996611324,V
1713,0.408100718791,0.314262768717,-2.7008336357,0.8859132187,O
1714,-1.04382757147,-0.659637977971,-0.383559155064,3.06084605348,F
1715,-0.559462647597,0.347588219136,-1.73081163024,0.51756309002,1
1716,0.980145396606,1.3943268393,-1.45622420078,0.791639097546,8
1717,-0.723501045729,2.55827129575,-0.850818278873,-0.475866884991,G
1718,0.100228489579,-0.570544048368,-0.00256505707677,-2.14829278736,Y
1719,-2.00615363112,1.06267593795,0.56906021752,0.418153033207,T
1720,1.69852127828,-0.877714779877,2.72960265078,1.44346405127,K
1721,0.151382624623,-0.519385612794,0.389304096496,-0.481319320882,V
1722,0.945800588359,0.619985495344,2.09055348836,-0.437160156717,U
1723,-0.921652202904,0.748417609237,-1.99396792327,-0.438938179369,E
1724,1.93629465427,1.16277968735,-2.15459014518,0.718838726399,T
1725,1.55096996594,0.188206649625,-0.850501609279,-0.990649082908,B
1726,0.482061362676,-0.204229296934,-0.500644028219,0.319990573079,0
1727,0.223549309464,-0.195633062902,-1.18184207473,0.874798163863,S
1728,0.152340481812,-1.23936177911,-0.572878483917,2.02312146268,I
1729,0.364105113863,0.911929576062,-0.0565181763893,-0.468410058252,X
1730,-0.76629382399,-0.268946105462,0.72287957043,-0.744594427195,F
1731,0.769704932653,-1.63963520121,0.49883531679,-0.237019181977,H
1732,-2.18986993218,0.334059256748,-0.248977380577,-0.303729944929,D
1733,-1.21916745213,-0.0941635031273,-0.759448590448,-0.373387208339,L
1734,-1.33130261999,0.159015019349,0.488239986316,-0.421206185344,D
1735,5.66223950651e-05,1.47588379362,-0.493882954239,-1.34734418967,S
1736,0.427966081718,-0.46214280229,2.54893104406,-0.643161909124,6
1737,0.326544941745,-0.360347945999,-1.71274713701,-1.03105326798,Z
1738,-0.85799476887,0.301968676798,-1.46687613655,0.306274571171,Q
1739,-1.09745814607,0.394401226267,-1.25529302567,-0.439218073891,Y
1740,0.172591073062,-0.264389854116,-1.4983040704,-0.0724826418581,D
1741,-0.537247253004,0.98716575092,-0.415319198617,-0.91104583769,D
1742,0.736183451939,0.215746005899,-0.396431235406,-0.0117007054873,6
1743,-1.91678390826,-1.35673032742,0.109771433938,-1.22650908046,4
1744,-0.583047285811,1.13782871975,-0.592200591531,0.409020223143,2
1745,-0.377472167522,0.867823616265,0.14636073339,0.649429871836,G
1746,-0.669547665812,0.118215338219,-1.47648593903,0.535221716864,T
1747,0.94305029621,-2.48024260876,0.571788750306,-1.37133136033,0
1748,-0.556300424355,2.47179482559,0.387172042862,-0.374153804257,A
1749,1.12951868617,0.415313347837,-0.0370965086442,-0.150884904396,V
1750,-1.60041251525,0.159826095085,0.150359408882,0.0880602196173,F
1751,-0.792301914625,-0.76524690822,-1.02191016877,-2.05883831483,F
1752,0.492471995323,1.07503848839,0.85528879451,-0.0210789627351,E
1753,-1.0371043808,0.431853941696,2.73007053165,0.452413048807,2
1754,0.486590504702,0.122527086827,1.38833975452,0.014269667216,G
1755,0.0316208497834,0.222669440668,3.02527302239,0.412352352536,9
1756,-0.516121355321,0.433223672609,-1.82153673285,0.666071365629,Q
1757,-0.127360692927,-1.41909321855,0.364285103981,0.709469209782,Q
1758,1.28661958577,-1.32458630079,0.498088685367,0.00187521138031,G
1759,0.941217850379,0.937460704898,0.993775149075,-1.54101090001,E
1760,0.140539288686,-0.675597555628,-0.0505261131976,-0.392512773928,V
1761,1.10081124131,-0.0718888144294,0.748639496112,0.926795818871,P
1762,0.904096042076,-0.387636017016,-1.83255018555,-0.0250052448144,I
1763,-0.723900813821,0.389482891181,2.04158480652,-0.193698755926,I
1764,-1.55629369485,-0.358824351591,0.0940718408771,-1.16363196789,I
1765,0.257939508589,-1.34435565921,-1.61586307322,0.534847399684,M
1766,-0.955549393968,0.72161034695,0.544828820953,-0.773343863284,5
1767,0.0849826475437,0.643734355643,0.924384402933,0.820763855794,Y
1768,0.339438074384,-0.512475033534,-0.140745455826,1.77211735938,L
1769,0.738018907393,-1.09093175979,0.936386888804,-0.0371964282075,V
1770,0.498951192333,-1.60979591379,0.202239168837,0.333631436537,I
1771,-1.42127543108,-0.892238364289,-1.07919052889,1.36187145509,X
1772,0.571228139723,1.10725894135,-0.489435902443,0.439029935288,R
1773,2.34310409946,-0.0528592816379,0.536494792421,-0.256877717049,Z
1774,-1.64971917155,-0.588895770961,-0.542998010496,-1.42952856916,F
1775,-1.23145473495,-0.141106337919,-0.0452990875334,-2.03329026729,Y
1776,2.04617613644,0.00349119312846,-0.419639438874,0.338628978631,E
1777,0.455333559288,0.586218618595,-1.65973347887,0.745404258902,G
1778,1.08503958745,-0.416365170868,-2.09440497656,-0.291052618483,F
1779,0.223690415104,1.39966068901,-1.0526317556,-1.19815587788,R
1780,0.285272152024,0.16757342445,-0.111291986358,0.310478952482,C
1781,0.063792644617,-0.837654458103,-0.677238472193,-0.626083547637,5
1782,0.0872846336079,-0.517900176368,-1.18433247226,-1.08661011473,J
1783,0.131171319839,1.34071851793,-0.134506607695,-0.599765053446,U
1784,0.413138822462,0.297188164955,-0.674360984798,-0.868656779474,O
1785,-0.725957164077,-0.998949099333,0.592401903876,-0.818485681309,M
1786,2.01910601018,-0.870474209704,1.63956888769,-0.0186482972906,B
1787,1.52281658748,0.863990876198,-1.08472489824,0.995037186146,R
1788,1.59949539848,0.878765691631,-0.0318207476758,-1.5411366179,J
1789,0.0325844034946,-0.830247392859,0.0935280139959,-0.88542083393,4
1790,-0.218408198958,-0.479249697084,0.269820430019,0.587702567725,S
1791,-0.811632885386,0.880449044913,-0.355220991965,1.26746285098,9
1792,-0.331629285299,0.758538821203,-1.84899196322,-1.41798317763,R
1793,0.732672048983,-0.744897874133,0.512209365425,1.41749465308,A
1794,-1.28084916124,1.2000188395,-0.946479986539,-1.23655019214,6
1795,-0.154020827453,-0.413900354315,-0.475061072166,-0.452329618785,1
1796,-0.232235333519,-0.36847173223,0.993501179895,-1.02101002345,A
1797,0.781139612664,1.34234562331,0.913417802472,1.77422225806,M
1798,1.68121039922,0.372873798085,1.31129817203,-1.13375682387,K
1799,-1.24054657395,-1.16822655788,-0.580810292768,1.07676416929,O
1800,-1.29491390531,0.331681667567,-0.085695222413,-0.380569203981,0
1801,-0.049305332823,-2.43881064713,-0.682628072115,-0.573967632167,X
1802,-0.650771376287,-0.881442495616,-1.6948258761,1.43701618875,V
1803,-0.3963280984,-0.0452369599772,-0.82059866906,0.975118263886,U
1804,1.39805690189,-0.416834817448,-0.527764816545,0.655062660925,C
1805,-0.491837526362,0.252637810754,-0.712339559884,-0.134047513446,Y
1806,-0.336568550864,-2.26989907835,-1.0710227466,0.943109716272,F
1807,0.756196944988,0.732624671297,-1.37274103159,2.87887107534,Y
1808,-0.269079207469,0.639092505229,1.24410594108,-2.13611141214,T
1809,-0.308117543971,1.03423229452,-0.431444965322,0.994420033434,H
1810,-0.477304770346,0.350103060467,-0.825060983305,-1.61021866996,G
1811,-0.197311266495,1.49938437912,-0.450783103794,-0.543043564902,X
1812,-1.05625253562,1.32937402811,0.133393393512,-0.675953526835,8
1813,1.65880033704,1.2109383643,0.302966029029,-1.9723372194,L
1814,0.754500105805,-2.84593272352,1.25348652021,0.339283681809,5
1815,0.297284273164,0.420508090238,0.580422608514,0.909306175305,E
1816,-0.76321762939,-0.644610022908,0.200416889937,1.01539426888,H
1817,-0.193426879311,-0.461657552917,-0.340601033085,0.79847612844,K
1818,-0.0863577789857,0.278118692284,-0.796804928082,-0.224211991875,E
1819,-0.349744701235,0.754808662329,1.09616927863,-1.31170459798,1
1820,0.961266099257,-1.46778844208,-0.381348688075,3.41273351296,F
1821,0.673155528024,-0.895039545756,-0.887768316474,1.03686108804,T
1822,1.67472533372,1.31104788835,-2.12170769834,0.744071402699,D
1823,-0.855255037706,-1.54022504577,-0.44504266492,-0.937946606221,F
1824,1.67778291259,0.670607667605,1.07874713842,0.26864676133,2
1825,0.951291266659,-1.04088336394,1.45237389809,0.205420588348,E
1826,-0.683097887861,2.9216360691,-2.35528521138,-0.835637235212,Z
1827,1.34426326251,-0.900980064491,0.568158456451,1.05577289501,7
1828,-1.10859803141,-0.652089420449,-0.564324183872,0.768528153968,3
1829,0.866475879819,1.01904456102,-1.3055447184,-0.511820733324,C
1830,0.0336227249884,-0.521880676982,0.35910131472,-0.119273822888,L
1831,1.31906604769,-0.396321693019,-1.24960484384,0.121016911634,L
1832,-0.199601266224,1.00674727456,-1.41558472498,0.691379397029,I
1833,-1.02301936727,1.19496379397,0.255706928476,-0.457100512662,T
1834,0.0652278045305,-0.575107373281,0.182695662891,-0.828034532989,N
1835,-2.82599726093,-1.29774434477,1.04919134315,1.84040399386,L
1836,-0.179054955592,1.17439327596,1.73468010559,-1.91880005489,N
1837,-0.729083204046,-1.31977350694,1.5283421117,-1.09292106377,7
1838,0.104814349187,-0.552227972234,1.35323818987,0.630351971381,J
1839,-0.255672483988,0.775342891726,0.387702137828,0.0418494551318,5
1840,-0.587911322785,0.873910372309,-0.304845920201,-1.05027521033,I
1841,-1.33426075553,0.244746876054,0.467975323645,-0.815458542903,7
1842,0.438789581994,0.395960469908,0.579843229114,-0.738805475948,F
1843,0.000146530085908,-0.713570904478,-0.727029685305,0.207665206445,O
1844,-0.693389161461,0.133031836655,-1.81038531981,-0.206715974803,E
1845,0.312562281614,0.702847315732,0.531875411792,-0.419881861122,R
1846,-0.72994891374,0.909011091713,-0.368559501292,0.712992749964,D
1847,0.0295548609596,-0.0529727450304,0.687465466262,-1.87728427811,V
1848,1.04361055558,-0.0838950974768,-0.563813578305,-0.637313722505,P
1849,1.33212030119,0.432326957381,-1.0716308531,-0.353301446466,P
1850,0.433454205741,0.493090342954,-0.430091219215,-1.24739175022,F
1851,-0.388183036252,0.717130413588,0.104644785048,-1.34474922968,Z
1852,-0.309841435596,-0.0556518391709,-0.471842937587,0.286450798247,L
1853,-0.10828356148,-1.61065829236,0.452592196848,1.94223950052,D
1854,-0.124121110466,-0.454045802778,0.0193995787656,0.700822612342,D
1855,1.11394609825,-1.85683176362,0.81443068184,1.19548157654,L
1856,-0.685256694272,0.124450265983,-0.505895355436,0.642685156877,X
1857,-0.631721617603,-0.143666478319,1.08793628245,0.219917483414,R
1858,-0.187874760576,-1.48158409815,-1.0547680998,0.20038830298,Y
1859,2.41239638962,-0.338503880638,-3.23439138156,-0.688067285952,B
1860,-1.9462312239,1.37207972876,-0.221379762679,-1.12699594624,P
1861,-0.226293445835,0.0401963494412,-2.77001770957,1.11509332768,O
1862,1.00806977374,-0.423869233278,1.8897126832,0.348197686869,0
1863,0.971149249318,-1.32616582025,-0.354045936994,-0.327411143482,G
1864,1.36353051114,0.135903703892,1.46731318356,-0.127779495965,K
1865,-0.19197145977,-0.123172297399,0.510274218386,0.399055290176,3
1866,-0.751564616688,1.86823193803,0.0886936677273,0.470142846466,I
1867,-0.699964735883,-1.76355121411,1.82848889807,-0.880434405584,O
1868,0.0260083276047,0.920829784862,0.371928190593,1.21384797207,K
1869,0.680894289163,0.578016409835,-1.21484038451,1.44762363744,K
1870,1.39327052397,0.0435632544791,-1.146234218,1.17880695603,G
1871,-2.19086950852,0.44790006442,0.982867191279,-0.103476657828,L
1872,0.849065019414,-0.657636267962,-1.70064256543,-1.23527182936,J
1873,0.356928303944,0.729238575934,-1.16525974664,0.0969562541038,Y
1874,-0.615839157106,-1.02152825853,-0.775866788286,-0.585817912809,L
1875,0.0941280496711,-0.637392107258,2.35679915261,-0.716469860111,4
1876,1.38850825692,-0.0234837365833,0.376429178738,1.64489617536,J
1877,0.418292759723,-0.817763260527,0.0175127262705,-1.00715977501,9
1878,-1.02322878472,-1.66426790996,1.29433373219,0.333396239157,L
1879,-0.357209186505,-0.812384920199,0.164543846545,0.395520652446,W
1880,0.243235091968,0.198340970477,0.146675326609,-0.912407950633,S
1881,0.100768448376,-0.111568568318,0.442554649842,0.655966490529,A
1882,0.202153755435,-0.403594279834,1.08693821044,0.0571988931779,K
1883,0.682939474818,-1.25740887569,-1.03095120356,-0.695575887968,4
1884,0.224673650561,-1.28298191411,0.170885761371,-0.72666181024,U
1885,-0.81574968852,0.0416703835773,0.449463712687,-2.60614480621,X
1886,-0.670342332976,-0.181165069273,1.51316512869,0.241033275228,S
1887,-0.421222629323,-0.506196052729,0.667947006081,-0.252557001408,F
1888,0.0356510040138,-0.0349447892103,-0.354961292903,-1.00323924187,R
1889,-0.853609950686,-0.436814381594,-0.871246067907,-0.0162318805644,2
1890,0.720569698538,-0.12368692566,-1.70015409095,0.301859068104,W
1891,1.00600208149,-0.282086676389,2.90520202543,1.60357122905,H
1892,1.33078157887,1.25342207656,-0.876879953169,-0.939893841763,X
1893,-1.13908371589,0.521191884293,-0.693467894987,0.703674352254,5
1894,0.32237578151,0.314142765689,0.260488034437,-0.496940556074,Q
1895,0.998554474257,-0.814302246659,1.04821975405,-0.0615903771574,U
1896,-0.00502519161042,-0.711575161614,-1.7320073944,-0.517527817753,L
1897,-1.57729022239,0.516398621773,1.19967266911,-0.512883724356,J
1898,-0.856402921327,0.0317180388109,-0.48867731018,-0.819806621925,F
1899,0.879164164607,-6.87039017353e-05,0.0851421932229,-0.737687908672,Z
1900,-0.917820624958,0.0583672724068,-0.531512220961,-0.812805362046,4
1901,-0.759938801046,0.10565513117,0.0517595045228,1.12498746591,T
1902,-0.179007752923,0.577350578,0.638650462054,1.51324343654,A
1903,-0.792080993285,0.311284469838,-0.154407809749,-0.351270888659,L
1904,-1.33130391846,0.893180615133,-0.0818464184847,-0.294822978963,L
1905,-1.1975743343,0.568163820583,1.98516367888,0.583706200654,1
1906,-0.0910102711284,-0.72764821894,0.315931873022,-0.0314558889142,8
1907,-0.228641076424,0.00979227123029,0.409629522564,0.028353200635,B
1908,1.42908929255,-0.0297455723289,-0.140590061656,1.00768745361,C
1909,-0.851548444586,-0.260413376981,-0.407416098231,0.0683278470549,N
1910,0.451367134559,0.434449932361,0.70073558306,0.190064683453,V
1911,1.27320362836,1.48258566991,-2.01227159324,-1.37778539264,R
1912,0.665903957171,0.656232757675,0.304479707619,0.159378844096,W
1913,0.206585239638,-1.10114726087,-0.707540897003,-0.978277029763,K
1914,0.990034482357,0.111278235777,-0.503771947105,-0.895681219964,E
1915,-0.684401120074,0.509116920103,-0.957427019668,0.130915958699,M
1916,0.034603865237,0.769922070912,0.168947506298,-1.61044278835,J
1917,2.48734717001,-0.258828717066,-0.970272174128,-0.531656068783,E
1918,0.842772347254,2.66506017346,-0.0933887692822,-1.22298581578,L
1919,0.556821533814,2.10532106684,0.408342363677,-1.06952799595,N
1920,-0.566608487663,-1.80612311106,0.00723679397273,1.14246042313,F
1921,-0.347958047771,-1.70329780095,-1.27677896747,0.016063414931,O
1922,1.68928528604,-0.243741291762,-0.0328599153251,-0.699973544707,9
1923,0.512343746976,1.10588560379,0.996068399717,1.86630341595,P
1924,-0.695322671369,-1.13816410412,0.995712525369,-0.789439880785,H
1925,-0.494161886817,-2.27768988196,-0.0927977432127,-0.0412041183027,S
1926,0.102128255696,-0.497692506439,-1.2404019268,-1.37668191774,7
1927,0.532616345844,-0.955477479034,0.825892603513,2.39044789991,O
1928,-1.27174117295,2.01804584008,0.124696038762,-1.1380608374,V
1929,1.16388529444,-2.19758759565,-1.19805498631,-0.422572367407,E
1930,-0.679812513384,0.274314278446,-0.178447578753,-0.426898618812,Z
1931,0.933633898912,0.350503634407,-0.468304135728,1.15617294229,G
1932,0.648978269635,-0.0959148686079,-0.0638389788879,0.0860773134828,U
1933,0.611148995312,-0.742646729166,-0.250950798954,1.6108752152,O
1934,-0.141520498289,-0.351262783086,1.96506991024,0.297953599083,G
1935,-0.684331972915,1.01187460935,0.70650636507,-0.181270681137,V
1936,0.268776734778,0.214678354876,0.42727178463,0.521098868458,Z
1937,1.16729953082,-0.0180285216823,1.08684065028,-0.686287395778,0
1938,0.329986083788,0.299002867554,-1.50203698932,-1.86698381909,J
1939,1.02625695504,0.389163275741,-0.433496404284,0.159209973881,J
1940,1.47801112182,-0.29544722812,-0.276814207824,-0.3162505872,H
1941,-0.343394172769,-0.0835139027575,3.05334492778,-0.57314918205,R
1942,-0.0304983004796,-0.380566259652,0.482507158938,0.00452875346031,6
1943,1.00378858999,-0.688903430455,-0.627384063578,0.704902457771,P
1944,-1.46697079336,-0.0862892733564,-1.82922699204,-0.21229006081,G
1945,-1.07101254008,-1.46101742425,1.33743575745,2.29750830376,B
1946,-1.59475998689,-1.0956867318,-0.941550586512,-1.54025750712,U
1947,-0.621688855453,0.613429557372,-0.756052306212,0.647458293632,B
1948,-0.891974106918,0.507887559927,-0.220682668061,0.0622325247424,R
1949,-1.18633164337,-0.45056234874,-0.546765766983,-1.05726599285,2
1950,-0.166791134618,-1.10568393926,-0.0788695450821,0.0521644667501,C
1951,-0.188106064548,-0.248578049448,0.490971120252,1.54771167874,H
1952,-0.138187582345,1.18774063338,1.90246012098,0.953902720226,H
1953,0.104037779949,-0.113550963079,0.764308215447,-0.918112487536,Q
1954,-0.0105891245446,1.30018068416,0.796238870636,0.982547428655,O
1955,-1.02515245618,0.896530652279,-2.33638014354,1.03323190369,1
1956,1.85135657271,-1.35936736304,2.39693285678,0.21464761982,8
1957,0.683998573878,0.638675296326,-0.27729610029,-0.996665031687,R
1958,0.0861463712494,-0.918117142863,-0.541719770848,0.536130968068,K
1959,0.84185677345,0.913906538505,-2.57507869955,0.794486917428,L
1960,-0.890223307632,0.58286442763,-0.999817944464,0.472839464612,Y
1961,0.365284774282,1.43914146245,1.54964189908,-0.181554052833,J
1962,0.172716412222,0.202306824443,0.956202781979,-0.145276849671,B
1963,-0.830696473284,2.15207551169,1.15964228021,1.23727862354,Y
1964,1.07897929966,0.0313087868678,-0.134672010112,0.438420092912,N
1965,0.505521795956,0.563120003372,0.752423766826,1.25290897961,1
1966,0.120993682064,0.416448592196,-0.643344448819,0.585661214561,U
1967,-0.686920732051,0.439469047074,0.320119462122,0.84197659869,R
1968,1.54067741422,-0.824946411537,1.04644435733,-0.890283085945,D
1969,-1.63069019177,0.467838170439,0.299393737409,-0.0865049052479,5
1970,0.633494778804,-0.186524009218,0.927626965339,0.143163919205,V
1971,0.308635854456,-0.112857308281,0.762842218963,-1.07297708256,J
1972,-1.62705067432,-0.97815141263,0.154744635774,-1.22903670661,Q
1973,0.3148469838,0.0979888456607,0.199608299962,0.95519346772,R
1974,1.6669071275,0.992005251442,0.496127673055,-0.686391014806,T
1975,0.0106028383268,0.708539635302,-1.25871092114,0.226540952916,R
1976,0.11869281378,-0.714454714392,-0.50134244455,-0.254763929933,3
1977,0.302616230947,-2.01152735667,-0.628084547049,0.768826864455,O
1978,-0.0985721257172,1.76908645538,-0.215026976047,-0.053076199659,O
1979,-0.0190579326345,1.96499405621,0.738537929544,-0.883775928618,8
1980,-0.595349058225,0.00178120547993,-1.42335533545,-1.45847723898,A
1981,1.39217049077,-1.39655962763,-1.42530626093,-0.847535140771,7
1982,-0.896028542768,-0.152287244864,1.92448322383,0.365183971059,V
1983,-2.27464172743,-0.901873739278,1.50035163127,0.996540537761,S
1984,-0.30189755765,1.01990578818,1.10216033286,2.62452608968,W
1985,-2.54838896657,-0.585373738403,1.496201467,-0.718814745545,O
1986,-0.0645879626599,0.759291883006,-1.56841485777,-0.420933037922,M
1987,-0.143365411354,-1.11175954725,-1.81558086703,0.435273612751,S
1988,-0.070412399543,-1.05592096242,0.338016708521,-0.440762523974,D
1989,0.649148000252,0.994272913069,-1.38422724628,0.485120032364,P
1990,-0.370768721563,0.404356340287,-1.05162846226,-1.05089891162,B
1991,-0.409980111625,0.155627076006,-0.81898965427,1.27735013287,D
1992,0.301213589188,-1.11120335047,0.668257684091,0.671921855703,F
1993,1.82111702878,0.416444799351,0.173874079053,0.505118430246,O
1994,0.0688036448846,1.32275858021,0.802346253327,0.223617809159,Q
1995,2.31189587899,-0.41707032545,-1.40959852635,-0.515820726027,L
1996,-0.479892969973,-0.650418530998,0.745152119818,-0.646037876591,J
1997,0.523330748868,0.787112113221,0.486066142508,1.09315580825,V
1998,-0.362559431988,0.598893993038,-1.84320146381,0.887291508481,W
1999,-0.0963755510259,-1.01299883547,-0.657431480807,-0.573315211841,D
2000,0.467976300189,-0.0386485396255,-0.295344251987,-1.82472622729,1
2001,-0.358893469543,1.40445260007,0.704964644926,-0.200638304015,H
2002,-0.50184039929,0.659253707223,-0.421690619312,-0.0576883018364,F
2003,0.204886212202,1.07413396504,1.38836131252,-0.982404023494,L
2004,0.354627914484,-0.133115852296,0.283762637978,-0.837062961653,E
2005,1.81748001608,0.742272722638,0.419394843928,-2.25103520513,3
2006,-0.776764319165,0.935517747061,-0.332871759623,-1.87564085416,G
2007,-0.913134961617,1.53062351168,-0.572656719239,0.477252252981,X
2008,0.358479538224,-0.49757199147,-0.367016188009,0.507701778685,D
2009,-1.74087710829,-1.16041658062,-1.63783027929,2.17220101238,Q
2010,0.24056373835,-0.328249185208,1.25215525783,1.07279626643,N
2011,0.764018252198,1.16547617218,-0.639544262638,1.49525751956,W
2012,0.571034923177,-0.310537224251,0.582437274651,-0.2987651796,T
2013,2.31765810894,0.430709506296,-1.33421573445,0.199679483557,M
2014,1.54777073472,-1.11975292512,-2.27763354506,0.329585909852,M
2015,-1.31060811665,0.401719086645,-1.00098707369,1.15670834954,X
2016,-0.0884964396951,0.634711729043,0.153323985774,0.415334751149,Z
2017,-0.0186628260149,-0.247487241047,-1.44652215689,0.750937748749,T
2018,-0.0701272145463,-1.57909726069,0.120891794918,0.671431885035,E
2019,-0.194677940725,-0.492039150308,2.35960484963,0.319810396195,H
2020,-0.248617847177,0.868706587235,-0.492226143765,-0.717959381922,U
2021,-1.09154895394,-0.867110226119,-0.647760443099,-0.832561559975,Q
2022,0.641404300148,-0.138821578977,-0.621962804042,-0.284839425379,I
2023,1.21640846838,0.99268666512,0.165161778012,-0.0696186082242,1
2024,-0.564474180519,0.792832268133,0.747052842907,0.57167515791,Y
2025,1.75987899507,-0.515665834496,-0.230480686323,1.36231722352,9
2026,0.126266090531,0.309281375664,0.38281996138,-0.239199054993,E
2027,1.33436047951,-0.100152166835,-0.840730552173,-0.643966598255,C
2028,-0.737620017711,0.278087463151,-0.053235240431,-0.950971590734,6
2029,-1.1484864849,-0.986292150868,-0.144963115417,0.124362404338,K
2030,1.63059449241,0.243886206002,0.468368306354,1.25804787443,R
2031,1.04488953219,0.0807175385621,0.857885542829,-0.298381802517,G
2032,-0.262542542362,-1.61519874791,-1.08723871374,0.759029075237,N
2033,0.0201440713103,1.10779156618,-0.559435335039,-0.481925210095,G
2034,-1.20391554609,1.88534310731,-0.0804704068388,0.25064589327,L
2035,0.366914548813,-2.43008643092,-1.05344696342,0.346278884194,X
2036,0.434220473424,-0.0798625386706,-0.422976747932,-0.0742721760915,U
2037,0.0406656980213,-1.81021570262,-0.189192727269,1.22926636581,O
2038,1.33845943246,0.338489099729,-0.213446105129,2.32592341971,M
2039,0.572981073363,0.782663875351,1.30767321124,1.61995725335,9
2040,0.762428447112,-0.648528798886,1.93651473707,-1.15966561312,F
2041,-1.25204557796,-1.53853949038,1.0422813822,0.623835121823,T
2042,-0.0475302140596,-0.494310199706,-0.165460018905,0.472929032513,Y
2043,0.124547711991,0.730791450242,-0.25752685093,-1.51125664924,5
2044,0.801889237656,-0.462780621429,-1.73462083332,0.674768319362,P
2045,-0.992306666472,-1.09683007882,-2.0617943017,0.035390605957,E
2046,-0.109662774864,2.57709376617,0.91356252242,0.613594050216,E
2047,-0.541680906279,1.5100313553,0.467944825377,0.553225037837,K
2048,-0.0795865737601,-0.609923697841,0.35383422895,1.10803005914,P
2049,-0.0437516462601,-0.410666385961,-0.729599036366,0.263223371713,W
2050,-0.761490177447,1.10418191625,1.27060866366,-0.319284452382,Q
2051,-0.804975073037,0.559520138339,1.05223226496,-0.645574265818,P
2052,0.35394105397,1.82996269805,0.398922026361,-1.52223131661,T
2053,1.54163640493,0.478316068959,-0.666760327343,1.36717494756,Y
2054,-0.987620842341,0.337534288405,0.386934953004,1.99614391761,X
2055,-0.353462320307,-0.448433452071,-0.420520291568,0.606223206634,J
2056,-0.275687122051,0.127910363851,0.877755572144,0.141774294303,0
2057,0.448882070123,-0.0164103203039,-0.0414342913919,0.483096480304,O
2058,-0.0437649578253,-0.878445916853,1.52507535186,0.00822316479269,J
2059,-0.0644155835746,0.080920574987,0.644715202274,0.393025120766,8
2060,0.0150183089497,-1.62030091273,0.465865552616,1.63737662602,W
2061,0.579715377177,-0.565645982402,-0.812128961966,1.53280260401,B
2062,-0.324507167079,1.85335063636,-2.26860910203,-0.355131709073,U
2063,-0.100246742541,-1.9546139579,0.132518774906,0.83692675288,O
2064,0.275725087798,0.349561138652,-0.617722975053,0.675990898106,V
2065,0.300486311556,-0.914367342324,-1.6046088239,-0.90545849944,L
2066,-0.362382393314,0.708360644964,-0.388316739311,-2.32876299592,9
2067,0.805330955425,0.0736168178539,0.481166223853,0.632620759249,V
2068,0.786095366054,0.0951374087988,-1.04996472851,1.82879833145,M
2069,0.20781502657,1.40727518965,-1.04479960125,0.140207499487,0
2070,1.80974963809,0.592023139186,-0.146214836643,-0.113817691749,J
2071,0.190562146781,-2.88635875932,0.514364781284,-2.2081180574,E
2072,0.844977118094,-0.164290184848,0.218672395512,0.0990115476933,K
2073,0.195035085082,-0.649590655548,2.17166386104,0.453465558806,D
2074,-0.0564333653869,1.75865043501,-0.448091017018,0.346784396043,K
2075,-0.11260915388,-2.64245701436,-0.487309941502,-0.220507107741,P
2076,-1.39531912204,0.573474013814,-0.0133236905274,-1.30707048628,5
2077,-2.08027277833,0.0974981483635,0.321489166278,0.0126076722626,1
2078,0.88317164615,0.490426984887,-0.799299286482,-0.699668792454,B
2079,-0.138631966525,-1.41784482297,-0.199678277638,1.19929867533,N
2080,-0.961579329566,1.16624685822,-1.12495332265,0.201727835778,V
2081,1.30145347696,1.07711713668,0.56050246064,0.859991127179,X
2082,0.0636793444679,-0.995532083484,0.879547223724,-0.0124713077028,A
2083,-0.373381111798,0.982861169257,-0.0375341446861,-1.33785580601,0
2084,1.49229222711,0.485490431128,0.129313292844,1.73356873962,S
2085,-0.908491526543,0.498234275772,-0.588843697186,-0.903956188452,O
2086,1.13713975779,0.977509103934,-0.940993915461,0.149012866744,A
2087,-1.04983803109,2.45342509904,1.23008741443,-2.06850760711,I
2088,1.48519893861,-0.806453458123,-0.475087116613,0.936801368414,S
2089,-0.790436911077,1.8238515301,0.470826739735,0.898781975943,I
2090,2.02480808353,0.0322506496307,1.31529742078,-0.156432529592,T
2091,0.379253002685,-1.05940924098,-1.13206803173,1.22229604428,5
2092,2.40321605952,-1.79252836422,-0.917572680139,-0.88669297209,6
2093,1.24997470755,1.49152996563,0.371475805897,-0.000464620420962,P
2094,0.501130600702,-1.8524509796,1.11035434692,0.508864733821,C
2095,1.10652128242,0.0981530997183,0.789793234562,1.19269254286,5
2096,-0.540542595454,1.78256921968,0.0519310959987,0.463867655906,E
2097,-0.101979890355,0.981720222277,1.10699018111,-1.75226932921,G
2098,0.632107381338,-0.761419236427,1.42793044112,-0.0469283588887,G
2099,1.00977860887,-0.608379336968,-1.40510505648,-1.17505405942,P
2100,-0.602747944659,-0.182503514402,-0.768163968379,1.26068635765,I
2101,-0.0391054339894,-0.0695099824413,-1.35805194008,-0.292858620366,N
2102,-0.345100573788,-0.179476870638,-0.904657664386,-0.0712867473108,M
2103,-0.759495118894,0.225916245652,2.2358717609,-0.00448980823071,3
2104,-1.6867705196,0.742275516539,0.48587599627,1.79850711251,U
2105,0.145697316417,0.805037295613,0.350361830434,-0.540234679436,L
2106,2.48765369604,-0.147867121811,0.580688201183,-0.305696173077,M
2107,0.38016591287,-0.592483279562,0.393693377794,-0.463216602736,C
2108,0.96354902595,-1.55030192705,-0.944962257052,0.121546253521,H
2109,-0.0403846130388,-0.312648567879,-1.19660390862,1.0750431857,7
2110,0.938356628434,-0.235761104349,-0.0773603113055,1.16215015537,C
2111,0.190303261201,-0.425472860755,0.362347382137,-0.688710660785,R
2112,0.256419161128,0.0826694187979,-2.30275824842,-0.446115220145,Z
2113,0.690971664806,0.871498395659,0.948468891564,0.644683368429,C
2114,-1.15778132548,0.0936961784472,-0.765272815741,-0.724766824934,J
2115,-0.295462233706,-0.832817149695,1.49020373854,-0.420786204612,O
2116,0.132722962244,-1.25578038911,1.37000771682,1.14448991761,T
2117,-0.111380676194,0.572076202947,1.8079619052,1.09020474362,T
2118,0.178699745816,-1.60883234776,2.1746148394,-1.35173849821,U
2119,1.20218256712,0.179582552204,0.202061214889,-0.731213132128,U
2120,-0.674446571006,-0.184702666166,0.706721251292,0.718680803788,N
2121,1.76553544644,-0.951931579911,0.320146510176,-1.15934952511,K
2122,-1.2478849863,-0.725490485007,0.541997606469,-0.126572143755,H
2123,-1.1640445457,-0.647618961239,-0.550283265919,1.16494340443,2
2124,1.81613255613,-0.393382465546,-1.21291011478,-0.317186597786,N
2125,0.499882890819,-1.18363110139,-0.638619314755,-0.785336775967,J
2126,1.22849889391,1.25347911733,-0.221459415048,-0.0654131965162,0
2127,1.01895127853,-0.423936860698,-1.72455343475,-0.823409084355,S
2128,-0.169892938696,0.301071840312,1.40996063006,-0.516055941099,6
2129,0.883067867689,0.950612783539,0.783765906001,0.776406924195,O
2130,1.03277821333,-0.0929303289895,0.600042004986,0.173515461043,Q
2131,-0.249224588436,-0.0648201009871,-0.0127630546134,0.0304726487395,B
2132,0.556590447301,1.97690140411,0.130668936682,2.71966409048,F
2133,0.16107564162,-1.3149395378,-0.605192051164,-0.732212975124,V
2134,-1.84206221975,0.0109146960347,-0.0132330195161,-0.29825942451,C
2135,1.72723710088,1.67458417387,-0.988291322079,0.512445217364,M
2136,-0.190386389574,-0.184385010197,1.16329213344,-1.05989578865,M
2137,0.69311133934,0.815751494672,-2.38869472458,-0.201710174422,7
2138,-0.0621126729433,-0.00984964476467,0.658452659654,0.782909762977,U
2139,0.880939751586,-0.707391129783,-0.750939055668,-0.0423814584647,6
2140,-0.592837623954,-0.700117210885,0.831351965158,-1.15891084185,5
2141,1.62834979618,0.404618215489,0.0863343325974,0.278913544915,E
2142,0.210544278316,-0.909438189136,0.903899753529,0.471579103734,A
2143,0.033606494896,-0.882900260313,-0.345729265059,-0.317833493034,S
2144,-0.0755744023429,-0.616260178437,-0.342470997941,0.850522271235,0
2145,-1.26295070974,-0.167273237609,1.45780742884,-0.37563609476,M
2146,-0.289513268133,-0.927606335239,0.950207336839,1.23406721349,E
2147,1.34653227067,1.08338934179,-0.840822696227,0.525032166375,W
2148,0.698212579575,-1.2635370225,0.0345888504173,-1.08271314806,9
2149,-0.798004160565,-1.30179455306,-1.95685241187,-1.2841200757,I
2150,0.042611218243,-0.175943187928,-1.01597727921,0.668173594623,E
2151,1.52264922941,2.29139247927,1.5064450569,-0.448051016456,W
2152,0.54911837215,-0.439673137424,0.651228776652,2.6480462772,Z
2153,0.119467771322,0.224633361843,-0.462936521536,1.41015553196,O
2154,-0.323899441166,-0.115278120343,-2.24762512685,0.271304098854,G
2155,-0.569092884953,1.86005610394,-2.5526005446,-0.433538185597,U
2156,0.112111473607,-0.845797840143,1.00631020207,1.13883188261,Z
2157,-0.499492134991,0.91641467488,-1.04521512609,-0.50757820342,M
2158,0.376336174588,0.764118507122,0.935520356664,-0.594284323631,L
2159,0.0435519604575,-1.13311390808,1.83995995892,1.07689076788,K
2160,0.08521566085,2.51096445751,-1.05481405994,0.673699680303,C
2161,-1.78187926997,-1.08540212875,-0.0523621760075,-1.07072106964,H
2162,0.895674400067,1.2217782908,0.354943949672,-2.72080073957,B
2163,0.178964296545,-1.24036038336,0.216703259507,-0.931038265768,A
2164,0.751110935945,-1.67754135722,-1.84529427201,0.472624179004,Y
2165,-0.174065305457,0.41737570589,0.67568579441,0.976129682648,O
2166,0.469285344255,0.468042648048,0.740358197771,-3.17350880211,9
2167,-0.414343091707,-0.847569597434,0.321460576581,-2.57576740455,M
2168,0.947170681816,0.328539010454,0.194054760004,-0.530855170507,H
2169,0.280983721958,2.21810968243,0.0430190102528,0.105970933337,V
2170,1.36877536297,0.314364311301,0.237928036312,0.826479814371,O
2171,-0.556653869652,0.677243772286,-0.0487451867473,0.481484592223,G
2172,1.27535225202,-1.63660490059,-0.907082516741,-0.842150166534,A
2173,0.354484776486,0.336961106409,-0.877360547161,1.94340295455,K
2174,1.63041080339,-0.107837334831,-0.452669704243,0.511911011614,3
2175,2.13082174199,-0.513612858636,-0.589272751532,0.270246731148,Q
2176,1.1330300851,-0.920498984072,-0.41147778905,-0.00125773317809,F
2177,-0.022368446588,-0.165693213389,1.48750250694,-1.5609710846,H
2178,-1.59781750388,-0.544169575971,0.565075786079,1.28817666767,H
2179,-0.641428915759,0.376689595468,-0.153789313646,-0.512960526573,X
2180,0.314357377289,-0.962541936748,-0.541512534494,-1.1561648896,X
2181,0.0883395556165,0.814274132271,-0.304655359037,0.792676034143,0
2182,-0.241961771733,-0.629315403013,-2.21260233427,-0.374105157708,U
2183,-1.18173491365,-0.596941681158,0.2743443978,0.273126365442,W
2184,-0.216653074676,-0.736039143474,-0.695235903991,0.421187733859,A
2185,-0.210084441042,0.708076753126,1.54565512016,-1.58704505966,F
2186,-0.194803690607,-0.215578248302,0.691829450352,-0.0992752966404,0
2187,0.555034364088,-0.628948162163,-0.550886205331,-1.30358538455,Z
2188,-0.00132553343873,0.234979080439,0.305587215001,1.17498471846,V
2189,-0.505884715251,0.289074547151,-1.01753668504,0.086234836138,I
2190,0.818458302751,-0.0774239427346,-1.53559692163,-0.727323013995,O
2191,-0.739837815235,0.654747515967,0.775892880451,0.911725982352,M
2192,-0.157668660717,0.0105765369843,-0.473290818785,-0.114977254557,Q
2193,1.582072755,1.21135077234,0.277131433192,0.637144296923,B
2194,-0.704190048658,0.12787599735,1.05250272942,0.209073871078,6
2195,-0.389367804328,-0.93291366124,-0.998024963481,0.563616911143,A
2196,-0.558272131251,-0.161774896289,-1.53806659646,0.613443319356,Z
2197,-0.158497066494,1.34901324395,-0.475157789661,-1.0330587238,C
2198,0.407671432137,0.254556508037,-1.56082456407,1.12562760798,0
2199,-0.653921366863,0.0275790877175,-1.39629369836,0.913825226594,B
2200,-2.57692549898,0.338165036668,0.519442976393,-2.30330714219,X
2201,-0.842865347335,1.0821650933,-0.646397860835,-1.13500686925,K
2202,-0.494181289099,0.104939493471,0.827236857824,1.05511433215,S
2203,1.15576168508,-0.0660077704386,0.23605882151,0.309968188821,8
2204,-0.687534473898,-0.0263544937825,0.106619281446,2.47490163593,N
2205,0.649517559904,-1.17781051518,-0.954277458301,-0.339043658202,U
2206,-0.423467777754,0.638837715089,-0.0390346575333,0.145446357589,Q
2207,0.0827382882553,-0.472712215521,0.480072117744,2.01998684041,L
2208,0.268893320742,-1.48484562253,-1.63763986608,-2.3255800776,A
2209,-0.107129695053,-1.11241995795,-1.27069822508,0.848296771646,B
2210,-1.04544077775,0.797202720191,-0.350622812646,-1.15411164074,K
2211,0.419680914033,-1.20255497117,0.374432783263,-0.556201528434,2
2212,0.203280886034,0.947044539757,0.990641967636,0.0618586714995,X
2213,2.09212414836,0.906692467548,1.3274444574,1.09801998125,Y
2214,0.426330491605,0.77543138121,-0.540806606851,0.483395084815,P
2215,1.65203944937,-0.887319814636,-2.17453333781,1.28661777145,F
2216,1.01408518893,0.771958446614,0.391397552654,1.34960477211,N
2217,-0.268733296954,0.145778431561,1.14838487859,-0.0558591686879,F
2218,1.17460855008,0.611714412276,0.515178519961,-0.185847595552,Q
2219,-2.40501866212,-0.160283329726,2.32208248639,-0.944042520795,R
2220,0.423191686836,0.0957867735118,-0.887767669303,-0.741621278186,B
2221,-1.24207952376,0.371923550534,0.16677714031,1.0104893326,Q
2222,1.2934718078,1.14453036376,-1.4812669881,-0.441601572264,A
2223,-1.12685300658,-1.03722648479,-0.239714171379,1.17321878409,A
2224,-1.0622089135,1.19226182583,-0.77544757706,-1.22501175108,A
2225,-0.372656417204,-0.485827702989,0.534654941088,-1.21224456369,U
2226,-0.020036253405,-1.33303514247,2.18945039442,-0.24919015118,N
2227,-0.577762744277,-0.389902047992,0.488137595884,0.626000837653,H
2228,-0.766540645184,0.713716560555,-1.01825632674,1.88936116726,G
2229,-1.73870003681,-0.336053519267,-0.992538495353,1.42120418055,V
2230,-0.568215850256,-1.84814384541,0.863834662405,1.32228142724,E
2231,1.32185817098,1.00887344786,0.254607528649,-1.34209930073,H
2232,-1.44311819447,0.240571274358,0.792943937286,0.0736683310364,R
2233,0.440871905275,1.12257403393,-0.755518791048,-0.716928210258,Y
2234,1.51509585736,1.33547436495,-0.910115691199,0.0511775765034,6
2235,2.02357956321,1.09680739934,-1.3481784049,0.264341887714,O
2236,-0.361315167468,1.01065213956,2.55387890981,-0.0895751091802,P
2237,-0.994547758775,-0.457568170876,2.21848280827,-1.2782514738,F
2238,0.132032388144,-1.3051371475,-0.536163371291,-1.28005533132,A
2239,1.16176432633,0.818181671369,0.0151191881992,0.283321533309,N
2240,-1.03942080599,1.13451743559,-2.22579019681,0.0592040052355,R
2241,-0.867388839047,0.398072218402,2.05379725736,0.734562840374,Y
2242,1.45300175913,0.569163454607,0.198247662356,0.46520554845,A
2243,-0.0954282988118,0.428386420293,-0.405097533928,-1.39724911033,M
2244,-1.17327031236,0.159077812036,1.9276511382,-0.210691347031,K
2245,1.04396635963,-0.104110599839,-0.249275629159,-0.0207793012098,F
2246,0.280528850972,1.60109135858,0.561331365945,0.868630989409,D
2247,-0.659952829242,-2.30316016277,0.248001069221,0.942725735947,L
2248,0.790583884393,-0.983115534038,0.874530999569,0.809282002383,L
2249,-1.17591092941,2.15198696697,-0.0809277136982,-0.431623621004,K
2250,-0.261109738898,-0.516069628221,1.13538791735,-0.761319800575,U
2251,0.703423839947,0.449614099105,-1.593578247,-1.15539989748,M
2252,1.11645041825,-0.274068941169,-0.0297477874901,-0.433413276523,X
2253,-0.357308670313,-0.529398311787,0.205417525617,0.108428490163,O
2254,0.423229026993,2.08909611309,0.923674782142,1.50272651831,W
2255,0.217126083205,1.28236141456,-0.978428564074,0.263613449525,I
2256,-0.443397941574,0.676989997986,0.638588633657,-0.873794918749,Q
2257,1.00534200238,0.682462254711,1.20027333585,0.193455111389,I
2258,1.37620985675,1.14804621775,-1.19493291425,-0.0246510549904,N
2259,0.745346522906,-0.886025029683,-0.437063213681,2.12474074181,Q
2260,0.620059226462,-1.3714426877,0.722629755468,1.63796007884,T
2261,0.00630699376911,-1.33134152729,0.0649616494499,-0.572398251742,1
2262,-0.198477349779,0.684455814174,-0.147475221075,0.581648940506,C
2263,0.681178436604,0.283488752572,-0.20125716997,-0.837272455076,Q
2264,-3.72686372556,2.15263217662,0.986711235344,-1.27395629167,N
2265,1.23296534957,-0.872075211571,1.12573394106,-1.26969198429,S
2266,1.68071777569,-0.795061674656,0.429541561971,0.907959685749,V
2267,0.0126033461146,-0.559557999613,1.17009301533,-0.755084321136,0
2268,0.478687852114,-0.923803097176,-1.62141331544,1.12210892346,N
2269,0.654912901411,0.0515714367429,2.0161479636,0.652618167303,9
2270,-0.840524554435,-0.155627932446,0.992245693988,0.818994762669,K
2271,0.167651456358,-0.126483159859,-0.2159230909,-0.551816953755,K
2272,-1.69486905349,-0.251793821628,0.643791694262,1.05148438879,2
2273,1.15891064075,1.19204131316,-0.474725241124,-1.1885329973,H
2274,-0.359609404441,-0.742869703536,-1.43423198616,-0.412530336918,T
2275,0.527893710782,0.0840680255476,2.36852964741,-0.00302369910935,B
2276,0.388307345228,0.969655421373,-0.16239111452,-0.256349189716,3
2277,-0.270080229648,-1.25575148996,-0.356178529128,1.23140641525,H
2278,0.0820128039793,-0.523347238177,-0.29892608064,-2.25924648718,H
2279,-1.40152899868,0.293567238208,0.915068680577,-0.697823682964,V
2280,-0.34203915437,0.204837022753,0.965391319534,0.21957721666,J
2281,1.58845583063,-0.269371964148,-0.298398891617,-0.0173215631696,Z
2282,0.367102716772,-0.208086567685,-0.251701415964,-0.522192758844,M
2283,0.197511460601,-0.502179218169,-1.73685418123,1.23451645845,R
2284,1.55252757473,-1.33235367105,-0.227917886077,-0.817040668057,M
2285,0.304381622491,1.40660303091,0.373171731372,0.446836979475,Z
2286,-1.40555861862,-0.701879470135,1.7938014939,-0.370494730707,D
2287,-0.290145817461,0.466116593833,1.01992419248,-0.0913182440873,A
2288,-0.0461043106532,0.873557369774,0.660301204101,0.463093389561,Z
2289,-1.57701158808,-2.11928449832,1.8056211286,-0.283501178844,E
2290,0.34037236652,0.382560935847,0.000310750462007,0.452416589048,V
2291,1.61748513305,0.325101331381,-0.56004210719,0.944086448958,O
2292,0.268348057071,-0.373019728317,0.433140418073,-0.868285773218,P
2293,0.599410556722,-1.05300636777,-0.0612465004706,0.890921720842,Y
2294,-1.76732355314,0.564682563134,-0.274611661673,-0.174666490025,E
2295,0.00758863980265,1.50644674792,1.90347761211,0.416104168602,D
2296,-0.109962464506,-0.92011662808,1.82319172674,-1.42793478629,4
2297,0.645940278964,0.441283164828,0.724278886156,0.72679455762,V
2298,1.18991277757,-0.453600708269,1.20712924318,-0.241784995613,R
2299,1.20958260767,0.65135204117,0.384909738967,0.560129899922,5
2300,-0.835033146253,0.186814148387,0.0994207791387,-0.540764053646,M
2301,0.923118167978,-1.34952513551,1.98628884937,1.09994393543,G
2302,-0.169421148516,1.09333515534,-0.0476520705247,-0.0857051252725,6
2303,-0.367094822957,-0.764236642365,0.525876450542,0.358030321448,P
2304,-1.1500069318,0.824940600187,-0.871590899842,0.058123757859,L
2305,1.49739986205,-0.819334159838,0.0173922939101,-0.0373138831218,F
2306,-0.317808432798,1.23565305224,0.129119462254,-0.750614454962,0
2307,0.89532447686,1.73828940595,-0.789496165367,1.56141462002,J
2308,-2.32337594373,-0.0864840810099,-0.937811232637,0.975500070851,6
2309,0.749856964401,-1.46987067396,2.67443377359,-0.835017756629,7
2310,-0.631610955098,-0.828862135897,-0.120593931393,-1.00073677846,9
2311,-0.722216454,-0.507615853758,0.252700306067,-0.196934531941,R
2312,-1.12139973048,-0.830073503932,-1.55615056655,1.3721124891,X
2313,1.25533425487,-0.09154850985,-1.09204964199,1.43161043377,W
2314,-2.088979558,-1.03384018998,-0.175709666863,-0.0449589141002,B
2315,-0.593835822312,-0.125592399728,-0.148472855001,0.824293452333,D
2316,-0.853371415484,-1.05039203696,-1.63655218727,-0.531499124856,A
2317,0.184960336992,0.724280895102,-1.30361378129,0.0427831967716,O
2318,-0.234229356882,-2.15677620777,0.665154262535,0.652184895711,B
2319,-0.54299503992,0.391323100562,-0.623618972537,-0.638090845749,M
2320,1.03698614841,0.499677025358,1.1483637071,-0.467138973178,I
2321,0.76271339487,-0.337945754488,-0.2394130161,-0.662794634356,G
2322,0.749977252066,0.712538194104,1.00191689839,-0.996523167443,S
2323,0.171084490966,-0.255490209155,0.10204825688,-0.316482514731,W
2324,1.93252529985,0.246312840195,-0.141026811591,-0.530162228416,O
2325,-1.05774509068,-0.974924406809,-0.138163668084,0.50749427439,D
2326,1.45092529268,-0.757698387582,-0.0953520457199,-0.783242478344,T
2327,-0.85149196031,0.531830081401,-0.000884832874349,1.09008844783,X
2328,-1.45522992648,-1.65130642134,0.176941162469,0.872048144356,B
2329,1.61492737297,-1.21321204424,-0.481253085157,-0.417013545521,E
2330,-0.0844707071002,-0.277350251414,1.45142975013,0.084764073742,J
2331,-0.5181126395,0.226027523031,-0.511796004744,-0.919189801343,Y
2332,-0.972865815785,1.00420510815,0.120233141304,0.0420245997512,K
2333,2.83389146282,-2.10126036599,-0.429481838014,-0.463515049932,J
2334,-0.128270349801,-0.543379557898,-0.221872914332,-1.02900699991,E
2335,1.2479672656,0.12885030993,-1.5591854335,0.0442225359338,W
2336,0.273832207653,0.522074012213,-0.308342079956,2.69927626674,X
2337,0.702012139939,0.711724433547,1.16333553945,0.296342565636,X
2338,-1.01616433854,-0.354133698994,0.344964062178,-0.991717145794,P
2339,1.06324882728,-1.60978016501,1.58545234186,0.266229477001,J
2340,-0.345091855756,-1.7837325519,0.99536338098,-0.133127352441,3
2341,0.58027291123,0.858169734642,-0.411593834311,0.237032769553,A
2342,0.242251380141,-0.0145725002239,-0.546432249808,0.329856322069,J
2343,0.399690118727,1.88321678065,-0.567522295935,0.406623115363,N
2344,-0.388245285516,1.91955177908,-0.905066936826,0.678331150429,K
2345,0.533743889572,1.90674601442,0.543798074993,-1.30882802925,M
2346,-0.978300644853,-0.936582646346,0.0904091533885,-0.218279913589,V
2347,0.339442344569,-0.280249621951,-1.00701185586,-2.80808361019,X
2348,-1.67040365215,0.0766646690072,1.29803020109,-0.763384229448,M
2349,0.673709173872,1.49274874214,0.54797402281,-0.21453004323,V
2350,-0.860414392152,-1.05417317622,-0.213906071213,2.00459404389,Z
2351,-0.697103088091,0.482458727851,-0.618269289508,0.46832546042,X
2352,-1.595699258,0.747178514991,0.439321734363,0.375915183795,B
2353,0.640864163329,-0.928822634893,0.139355578476,-0.740331951841,S
2354,0.504642371483,0.0813011615781,-0.524630774609,0.122069394944,P
2355,-1.56057635517,-1.40874130154,0.544640810174,0.939580399542,A
2356,0.876947072215,0.969391778742,-1.06937456045,0.173287156582,R
2357,-0.99574766653,-0.962385194582,1.25743132987,-0.631645560594,V
2358,0.500235549767,-0.891189447424,0.463303711582,-0.39450123141,O
2359,-2.68733452364,-0.240996973166,-0.588066956412,-0.355681965761,T
2360,1.11229192519,-0.0268625158011,-0.144076658429,0.364360511234,R
2361,0.236182901499,0.113043321335,-1.38045374982,0.0287923325092,J
2362,-1.09349419073,-0.94656249728,0.149382352342,-0.190454424156,O
2363,0.676450248634,0.904576346819,0.854621267822,0.323596422009,B
2364,1.84171173892,0.439631156345,-1.26512150935,-0.7130287437,K
2365,-1.12860527791,-0.498973014223,-0.0799628298771,0.176692485018,B
2366,0.767857131539,-0.511653489057,-2.18141435994,-0.225151027299,S
2367,2.21922339462,-1.50715786572,0.901498948231,0.474151148398,3
2368,-0.0304388705899,0.912498133079,1.78049729509,0.437121618886,G
2369,1.03866081951,-0.390588986449,1.52163398484,1.43129877901,T
2370,-0.562847699886,0.630243211028,-0.055076707411,-2.03174199858,1
2371,-0.838190893841,1.91050059234,1.78492448135,-0.128931948702,G
2372,0.289629648945,1.53067290722,-1.67807010088,1.18281868986,U
2373,-0.458333386443,1.22967156917,-0.038086863698,0.961370489165,A
2374,0.607270919702,-1.16172766879,1.128580891,0.477947174106,V
2375,1.13675096117,-0.617244498209,-0.103224928341,1.27397470921,7
2376,-0.499357001246,0.0824176514851,0.886325430417,-0.889349932532,X
2377,-0.0530786331086,-0.431909164702,-0.819709901449,-0.184382551556,S
2378,0.554388857689,-3.41544808181,-1.00800794735,0.0956364361786,B
2379,-0.437517905883,1.41621800826,-1.22369560488,-0.983090516508,R
2380,-0.562207056126,0.26643240258,0.282217485754,-0.572416652579,4
2381,0.282379064814,0.261255125512,0.38970012658,-1.35030545437,B
2382,1.03683079029,0.417989492642,-0.203445978253,0.483798676157,S
2383,-0.468093396047,0.346607093628,-1.77374773202,0.778592939632,M
2384,0.439716272699,-0.543873067464,0.113143588946,-0.889963518532,O
2385,-1.37494706434,1.85812561095,0.670141349612,1.64345039722,2
2386,-0.854070607979,0.0151225979044,0.606645377924,-0.924788887394,6
2387,-1.06491417838,-0.75226427386,0.635654031495,-0.847768533913,B
2388,0.328037718826,-2.20103509075,-0.640834771785,-0.762974021399,6
2389,-0.454491340371,-1.29681690578,2.02138698688,0.740482200426,Z
2390,0.495932976806,-0.706393240953,0.515892204902,-1.66452889496,X
2391,1.01509811308,0.25448136615,0.284005106318,0.0846178898836,W
2392,1.11009050854,-1.07843735256,-0.415990547218,-2.49707209912,T
2393,-0.787877349072,0.0236297063864,0.7913470345,-0.153286527989,8
2394,0.0741205418627,2.94673670796,0.432237323415,-1.32222208221,I
2395,0.35342855129,-0.247717312554,0.0270991093519,-0.8727517262,H
2396,1.22420513996,0.710345339979,0.406203541908,1.36239436326,L
2397,-0.350708061042,-2.26332804205,0.280187557964,0.996977921218,A
2398,0.207885888902,1.21936259874,0.120394429028,1.4164817797,B
2399,0.321767430171,0.997814544627,-0.141008953383,-0.214223069583,C
2400,-1.34352840794,-0.396485091799,-1.63834733693,-1.00633153068,6
2401,0.0223192577748,-0.704375089347,0.789894079467,-1.78064925419,E
2402,-1.53943926339,0.535849749487,1.97650932326,1.14605246914,C
2403,1.72177032018,0.110357738361,-1.42699106961,0.302452803603,Z
2404,-0.122782703232,1.0179528959,-0.485182089307,-0.757532732116,W
2405,1.43788156947,0.462308988083,0.645183803592,-0.488187632764,T
2406,0.252518543508,-0.893763986209,-1.45102014416,-0.0375714708079,P
2407,1.42814001855,-0.307382228111,0.83523623261,0.318658934567,C
2408,-0.653512584303,-0.826898221622,0.365600388917,-0.343441776258,A
2409,0.648526065008,0.382165727931,0.837119818479,2.05771302981,O
2410,-0.294030957524,1.86694743373,-2.42464104529,-0.594399243629,0
2411,0.546135512764,-1.1652909911,-0.0694930860228,0.839442562258,Y
2412,0.0555903173585,0.460796082116,1.48077737332,-1.17394972208,N
2413,0.911487343891,0.336340804591,-0.890389890144,-0.131222395415,L
2414,-0.907505123734,-0.773818498491,0.12346139694,1.7238138304,J
2415,0.118950459723,0.898642337493,1.35942348119,-0.0251395016419,E
2416,-0.878654567323,-1.64017262638,-1.32403367272,1.13121059108,S
2417,-0.0195090687534,0.876112935533,-1.54975781181,1.65096516971,G
2418,-0.00394339077814,-0.100710552307,0.0893260410262,1.22039805412,S
2419,-0.047169296907,-0.834209871166,-1.41768037596,-0.992629006235,O
2420,1.40810880852,-1.29737317132,0.331663635673,0.227962745993,M
2421,-1.2548590158,0.379769430064,0.234047833903,-0.412161262918,E
2422,0.532226558002,-0.576430066769,0.43398252735,-1.03456633891,T
2423,-0.440185697792,-0.920559501068,-0.886908087445,-0.717393448213,C
2424,1.75584352847,0.583304752123,-0.0230017894854,-1.24022240905,X
2425,0.326275027406,1.11890023602,2.10019897659,-0.302665366483,D
2426,0.0248800828258,-0.717322432289,1.40819580332,0.961345834295,0
2427,-2.33818700445,1.44802661918,-1.88231862791,0.0909206150754,S
2428,-2.32939753655,0.226032598024,-0.359550306075,-0.5455516848,Y
2429,-0.203604287816,-0.371016242329,-0.120284759296,-1.31681269188,L
2430,1.62664704134,0.296329948808,0.314340903553,-0.0317415498562,H
2431,1.91553837462,0.902880160713,0.408402965813,0.380035754502,F
2432,-1.09537790015,-1.43646233529,-0.136635738729,-0.0764722286529,8
2433,-1.58854993692,-0.192420492975,-0.125518628071,-0.116337654564,Z
2434,0.677292248175,0.0215356207764,-1.54365114036,-0.254481873178,P
2435,0.146032559378,0.956711496135,-0.116032917948,-1.11825909448,G
2436,0.162938608377,-0.176831264211,-0.517488651292,-0.0864830176844,K
2437,0.446003820737,1.42139105029,1.8642327115,-0.231943635664,D
2438,-0.766637482273,0.849321807088,-2.2714823531,0.0979413653458,L
2439,-2.21232557542,0.371240253681,0.0767079166135,0.579677915908,U
2440,0.449887859227,-0.382981989997,0.535168018616,-0.139049020421,B
2441,-0.22639148269,-0.360102264648,-0.256502694834,-0.591465556768,T
2442,0.731659744695,-1.8953074595,-0.977830033843,0.609794571862,C
2443,0.0931606166309,-0.941322320321,0.948940099357,0.907185151192,W
2444,-0.473135155994,-0.1540750458,-1.01919773462,0.46338232721,O
2445,-0.360482350751,1.12928193,-0.520626158038,-0.583512350911,A
2446,0.398427752894,0.931626627109,0.126570487381,-0.359562151167,I
2447,0.0564556589296,0.94288979243,0.4874905816,-0.32511113966,E
2448,0.919765871956,1.27189320756,0.325628696606,1.43833768786,U
2449,0.826459617836,-0.25257759857,-0.935144634831,1.41416706578,O
2450,0.239816750433,0.200545908818,0.676697575328,0.3592047039,8
2451,1.00425814123,0.137819747451,0.340929542235,-0.534090208875,O
2452,-0.0229073465848,-1.52309532595,0.641033356976,-0.104280827356,A
2453,2.4553294856,-0.190568706751,0.302308755128,-0.480748487426,A
2454,-1.152558702,-1.85773366532,0.187128405436,-1.99597450275,I
2455,-1.5768358269,-1.95803125115,-0.140601892229,0.632314680729,H
2456,0.426067806495,-0.167195260612,-1.07538196693,-1.09232824787,W
2457,-0.716211974377,1.01534940901,0.488514171093,-0.6992617504,J
2458,-1.1598671543,-0.775871164631,0.605492118368,-0.297011919996,H
2459,-0.0882782310477,-0.206925043349,0.104637765647,0.87542263029,L
2460,-0.610495420468,0.557744325186,0.931148741404,0.436779495531,I
2461,0.379393939959,-1.31754650069,0.00140961496578,0.96985594288,X
2462,0.864210601103,1.51959270512,1.2602381929,0.654337294173,W
2463,1.35042386322,0.345149395659,-0.829000624479,0.185953000235,H
2464,0.956002398058,0.566695204857,1.15097765137,-0.360039348231,W
2465,-1.01271561372,-1.02089482455,0.650649332577,-1.21644042254,D
2466,-1.08723895963,-0.949828161359,-0.645357741883,-0.859970423632,P
2467,1.61426399023,0.488728492246,2.35284924877,0.268150788043,7
2468,0.662645364559,-0.887112505745,0.476253176239,0.0604539992241,W
2469,0.00581733342224,-2.76375520888,-1.30054320118,0.542560717341,Q
2470,0.763452968026,0.438033043611,-1.23117308352,0.806291070585,M
2471,0.0248338278421,1.11800758559,1.7370337438,-0.374937943514,4
2472,-0.355464724764,-1.07655406598,0.96589934481,0.659140527992,Z
2473,-0.74518760691,-0.782876983092,-1.2584832296,-1.05593621566,G
2474,0.202093188944,-1.28208773942,-0.779934818834,1.44364991599,L
2475,0.760750512349,0.0220584686976,-0.351377425527,0.211099278376,K
2476,0.557157571393,-1.87664885531,-1.43015225415,-1.65496850295,N
2477,1.31963869033,-0.215069650367,-0.362025126756,0.518274727985,B
2478,-2.28647075909,0.411293577858,-1.53916240694,-0.0914176934627,I
2479,-0.573243668227,-0.422649981043,1.46408364419,0.542438619748,2
2480,-0.55759050633,-0.698957716726,-0.993514769196,0.0759295578585,X
2481,1.33450280232,0.51301671119,-0.587333955623,-0.251175850978,1
2482,-1.49677491659,0.744357087817,-0.482187240495,-1.30800591706,B
2483,-1.17452662221,0.387195589984,-1.71853862967,-1.28141022865,E
2484,-0.675109833043,1.19326561206,0.997501924819,-0.521572741003,3
2485,0.157038349596,-1.61630838977,-0.903543566356,0.350487107514,E
2486,-0.130342012064,-0.80397169943,-0.113091442772,-0.381548987444,8
2487,-1.34876562152,0.714155966661,0.0434317396693,-0.05786274716,X
2488,0.760157458407,-0.318976319748,0.433242506698,-0.439731006754,T
2489,-0.526895796936,-1.08364487888,-0.161763453781,0.660052577321,Q
2490,-0.461581875405,-1.05073081656,-0.426426617924,0.887175023523,P
2491,-0.222515257586,0.753492078298,-0.409288872365,-0.295382020178,V
2492,0.721114129926,1.01171595253,-0.271546139347,1.21177601187,4
2493,1.12135600853,0.468571303309,-0.336326278748,0.0786054495786,L
2494,0.164942302327,-0.266020553863,-2.14393727282,-2.11347073409,C
2495,1.34582221279,2.363194536,-1.40556763539,2.59980012504,8
2496,0.173217293679,-0.116328659231,0.373465620635,0.381805231146,V
2497,-0.289274079692,1.43935233765,-0.799853033499,-1.20854339236,E
2498,1.09400792323,0.049683461924,-1.44582026124,0.54020866487,3
2499,0.290745099581,0.590175351162,0.895260240084,-0.0255184294724,8
2500,-0.264040070601,-1.20405142085,0.504198843251,0.602873258819,I
2501,2.02758398889,-0.0975764987238,-0.44568920093,1.96501777344,L
2502,1.34257307405,1.23139980051,1.72325729019,1.33221620567,R
2503,1.53604235709,1.58526435383,0.904740054914,0.972696763647,T
2504,-0.494592694128,0.00841829950128,1.51264658499,-0.114530825559,P
2505,0.796604424508,0.242222970311,-0.381732463187,-0.0061868522974,P
2506,-0.103387973006,0.690856569055,-0.217870281818,-0.399363176723,8
2507,-1.055039179,1.26349828146,-0.294832615343,-0.131289713245,E
2508,0.769964218459,-0.077620842945,-1.56905718062,1.75986614729,E
2509,-0.38048180046,-0.444606035908,-0.959612675019,0.375137657139,9
2510,0.343651826068,1.65349651861,0.361989871334,1.41352143336,W
2511,-1.03716945797,0.466150540788,-0.483780259262,1.75466268238,B
2512,-1.37065976358,-0.0666614534728,0.780668543488,-0.341960144064,9
2513,-1.21895291966,-1.18545421346,-0.313376693344,0.509476841755,G
2514,0.32065739782,-2.37113525461,1.32758927225,-1.32668776082,P
2515,-0.0213784655609,-0.062101449849,0.573616579247,-0.603958067001,Q
2516,0.703793274237,0.0942090900064,0.212398830103,-0.698489941514,4
2517,0.126526890866,-0.597758058424,0.772461830038,0.406615119685,U
2518,0.47291713682,-0.828901504522,-0.236531944139,1.13817993646,J
2519,-0.903719219671,-1.37777727709,-1.8441900683,-0.472677417323,J
2520,1.02434428182,-0.450260593235,-0.683783461487,-0.661728619468,S
2521,0.127562373998,0.164954534788,0.302059134943,-0.774068740856,M
2522,1.11430950795,0.0405451436899,-1.94560480062,-0.051612735138,R
2523,-1.10512139069,2.33019862975,-1.632063769,-0.64205644547,I
2524,-0.638923156693,2.08778360298,-0.664266873688,1.27975890117,8
2525,0.394658235781,-1.41518093447,0.909132595548,-1.03002663758,O
2526,0.229628659311,1.2214494688,0.267325253875,1.54696487169,P
2527,-0.754185676927,-1.42834340554,1.64293143918,1.2988582937,R
2528,0.276273761718,0.759065379096,-0.779599533024,0.224756024803,Q
2529,0.701377406387,0.12016209526,1.43200656513,-0.151164008576,R
2530,-0.595784982731,-1.44838128717,-1.43480865047,-1.8786321848,F
2531,0.500948697905,0.0705001032279,-0.443116787062,0.457912429478,7
2532,0.859546396113,2.78597107686,-0.532928794639,-1.13682821581,Y
2533,0.711861098639,0.00273640226251,-0.400844152141,0.551365228914,T
2534,-1.44506248283,-0.611055479629,-0.322966946617,0.54738361468,H
2535,0.954099726062,-1.25736008385,1.00890258372,-0.906557894159,8
2536,-0.833364012238,1.0406937031,1.19796801517,-1.3129231091,G
2537,-1.29261411516,0.276692468154,-1.05074080457,1.53401268267,9
2538,-1.01376004699,-0.0665722579385,-0.620853922909,0.730213584512,A
2539,-0.97616887528,-0.974598183313,-2.19737016739,1.8523709141,O
2540,-1.32972968472,1.08533137785,1.98057404207,1.17684100975,7
2541,-0.218698468277,0.0846662862322,-0.173542400081,-0.651511227568,L
2542,-1.98299142137,1.64359853045,1.46859789992,1.51674179275,U
2543,1.16488438917,0.0207641547176,-0.533329246529,-1.14503459564,L
2544,-1.49179906211,0.00756441213769,0.616604667771,-1.03741379671,U
2545,-0.996030372591,0.137300541492,1.73178153808,0.175898039776,T
2546,0.30386104738,-1.05266161509,-0.970054546841,-0.785081314528,V
2547,-1.0013319354,0.0171807790538,1.78241016157,-1.19056781967,7
2548,-0.336102391466,-0.821629065309,-0.62618517135,0.571428907549,F
2549,0.422549798973,0.500042040825,0.513455808678,0.488155853567,U
2550,1.86787067037,1.4845820321,-1.35744289817,-2.62663711933,W
2551,2.00516672617,-0.685621936559,-1.56103048138,0.182441223881,M
2552,0.597000248932,0.22270846446,0.305167804049,-0.0805328901916,5
2553,-0.508773249441,1.02173424726,1.10864419183,0.943291270943,F
2554,-1.17902006177,0.0363309270846,1.04283678364,1.0882222048,4
2555,0.951402041644,-0.307577808863,-0.368335406758,0.251812938517,T
2556,1.21833862783,0.713224474064,-1.29350675867,-0.760256789836,E
2557,-0.637574912267,0.26430508117,-1.31830080924,-0.356750794756,S
2558,-0.27995191575,-0.48078795117,0.570095362591,0.0642803216313,K
2559,0.0701601952182,1.67139199387,-0.799068307941,1.15237521915,U
2560,0.765127419982,1.03266114891,0.20223758582,-0.111697075821,4
2561,-0.164872077134,-0.20505213879,-1.35280785366,1.07098723558,C
2562,-0.921248785596,0.130183091856,-0.494699786632,1.20031965974,K
2563,-0.772597691428,0.971765757827,-1.17280715891,-0.629113714662,R
2564,-1.1680476192,-0.763391523445,-1.10101726786,-1.2252818223,F
2565,-0.487140834685,-1.57001419911,2.02370105914,0.942097604306,C
2566,-0.960109537535,-0.599788708126,-0.420131232746,-1.06030457269,Y
2567,1.14577395971,0.271638101868,0.158536461126,-0.138008496423,R
2568,-0.193084172498,0.966615598408,-1.28847490105,-0.604217202991,T
2569,-0.32850330582,0.848667855713,-0.0465495757159,-0.34978376267,Q
2570,-0.350641166323,0.682651801838,1.21311000355,-0.422607458982,W
2571,1.62355806957,-0.389625926884,2.02048547686,-0.204084789532,U
2572,-0.281836288141,0.799263959008,-0.0336468325356,0.0417077579466,9
2573,-1.37962724985,-1.12480709842,0.0765727947042,-0.908952629489,C
2574,-0.481684847988,1.31709990956,-0.913979033311,-0.677304004251,I
2575,0.574355859415,-0.732227953104,-0.158524395444,-1.79488993722,V
2576,-0.556245520489,-0.972948130828,-0.358833604218,-0.229476947367,O
2577,-0.66214197248,-0.182813043716,0.328314602924,2.25219423183,V
2578,-0.209264365144,1.11609716094,-0.839968459552,0.4917501115,M
2579,0.412336945722,-0.46401227835,0.112052135657,0.829024115073,O
2580,-0.292731179187,0.152551896658,0.17142074717,-1.67651412448,E
2581,-0.810217142812,1.70764467309,-0.29562259442,0.205511313282,T
2582,0.443111229087,0.546865887965,-0.815407176367,-0.814718294187,J
2583,0.421462014369,-0.836823207563,1.42580423759,0.0523787733167,3
2584,-0.761552831379,-2.15348119654,-1.24191736203,-1.00006613764,8
2585,-1.74084323204,-1.61840533097,-0.206716811748,0.0885236732286,T
2586,0.862218665973,-1.02809105415,0.132115501033,0.920400144314,N
2587,1.15134711632,0.109755691825,-0.987296792559,0.763409498777,Q
2588,-0.910334540236,-0.982107231739,0.4902264385,0.643449468038,D
2589,0.761674334864,-0.617405895191,-1.65258477842,1.8755176619,X
2590,-0.994851042536,-0.10349657939,-1.57733488725,-0.537262764861,D
2591,0.41050036481,2.35197116378,-0.97447979132,0.163615325464,L
2592,0.36384323618,-0.331078602072,0.00841093443977,-1.8089522996,D
2593,-0.726562578488,-0.26114074372,0.243103290471,0.142010741304,D
2594,-1.01093123725,1.01473905996,-0.925784490381,-0.869490578157,2
2595,0.938798717736,0.421109969898,-0.105712068891,-0.563259551723,A
2596,-0.639066820623,-1.28946905741,1.12461840654,0.608780169403,7
2597,0.853379697811,-0.51483754096,0.0973156399369,-0.29752252718,I
2598,0.94774937481,0.259260159951,0.549507330206,-2.63681423282,K
2599,1.90534954455,-0.0120548434312,2.43179146247,1.23799691129,Z
2600,-0.516668359351,-1.80923618898,0.416144059504,-2.28058797373,E
2601,1.02777951126,-0.0274045926422,-0.564503030393,-0.119946714041,N
2602,1.55120387297,0.466685124976,-0.641259955201,-0.18174401076,B
2603,0.926318464366,0.927290601245,0.117345511973,0.68985159387,D
2604,-0.632273080236,0.324688408795,0.298192933386,-1.0172733559,7
2605,-0.0158740950265,0.788400793745,0.638824670639,0.372047899762,C
2606,-0.010017321895,-0.32695451286,-0.31823590213,1.04604419541,N
2607,-0.634580292563,-0.522507979102,0.0685666156492,-0.884559531219,X
2608,2.05065268465,-1.18154915066,-0.533822033696,-2.12531292737,G
2609,-0.908868231614,-0.793014142453,-0.335109038577,0.0374922559769,H
2610,1.2241099505,0.958274145663,1.32975751534,-0.253768391221,T
2611,1.71814352165,-0.648634472817,0.1424226142,-0.403444926023,L
2612,-0.533004856114,-0.214491349788,-0.235922689724,0.9149299398,3
2613,-1.39075910696,0.211406286469,0.590674181073,0.0832624575212,A
2614,-0.928091152254,0.70195625048,1.03917784458,-0.762259190043,O
2615,0.72867183608,-0.383445985935,-0.562925808581,0.423290394881,E
2616,0.370023897628,0.0320204251703,-1.26304989909,-0.661189728673,Q
2617,-0.174517541449,-0.253561303185,1.36344112483,-0.352336950599,T
2618,-1.46212349337,-1.02408033265,0.516048048624,-0.274181111882,U
2619,0.149626247552,-1.25849281879,-3.14701156647,0.64737731324,H
2620,0.718572411262,0.122686536106,-0.264683241279,-0.0124673163138,J
2621,-0.583261123227,1.86609585372,-1.29196176134,0.501720480034,E
2622,-0.215772191528,0.0962581533943,0.500505854044,1.26603239651,U
2623,-2.00888695665,-0.463262449711,0.235280097167,1.5763809331,C
2624,-0.389030855657,0.756333089626,-0.7271883968,-0.241930389347,5
2625,0.0947555661679,1.44339510027,0.421278686475,0.521303731115,7
2626,0.2113972845,-1.09106242295,-0.885884935981,-1.17421052926,V
2627,0.86797079808,0.0598448838376,2.11767405721,-0.275678335507,3
2628,-0.689219615703,-0.498567456429,-0.75448693175,0.249617849825,Y
2629,-1.42231259979,-0.799299043152,-0.81816832882,0.175178717878,Y
2630,0.12105782063,-1.39175755391,0.540613703281,0.610207516437,J
2631,0.320296932058,2.23958793722,-1.14674139894,-0.510207686705,L
2632,-0.690141911162,0.491000756184,1.05833166104,-0.00898897852961,Q
2633,-0.521702563056,-2.2992284354,1.04297429809,0.0224880517746,1
2634,0.255020814038,0.547389566602,-0.590398411856,1.0408746278,I
2635,1.17362315346,-1.47036633704,0.391081992179,2.61473306864,0
2636,0.408012033378,0.666054476474,-1.33205131558,-1.77327000572,J
2637,-0.40466508765,-1.82679566163,0.0510815643387,-0.38915532463,G
2638,1.31123318219,1.07163583275,-0.691517208418,-0.197166005505,6
2639,1.32948333693,-0.314181397961,1.1552500717,-0.310137704948,F
2640,-1.33495964376,-1.37341691193,0.0212635301145,0.902418238064,R
2641,2.26828155848,-0.00732947160686,0.394682682766,-1.67980344276,U
2642,-0.304685066971,-1.35629610351,-1.62041924033,-0.569421791226,D
2643,-0.530817561108,0.800831462137,-2.27478067246,0.170541062213,X
2644,-0.00179986983782,-3.4653558453,-0.827826077789,1.43080821594,P
2645,-0.261444375509,1.48631429918,-1.03957864586,0.719062435257,W
2646,0.62762234217,-0.46919389474,-0.101264239068,1.89167555183,0
2647,-0.329298496659,0.0717152253405,0.479169387265,-1.0790751319,I
2648,-0.742764960953,0.759029529798,-1.11810900429,0.884686955416,C
2649,0.383763774827,1.11581944114,1.33311278763,0.371440405137,P
2650,0.137338425346,-0.662399039657,1.7571400095,-0.909404566909,A
2651,-1.53960538842,-0.895458217211,-0.233274750243,2.66655612119,H
2652,0.0353039138924,-1.94248713729,1.24211758155,-0.184326342353,T
2653,0.182066404508,0.434355323079,-0.583836351776,0.616159546221,A
2654,-1.25990105329,-1.11409988744,0.283941450122,0.797891659445,G
2655,0.988201686454,-1.16336690726,0.115797150455,-0.048534985658,O
2656,0.236979548584,-1.60238488736,1.11837989374,-0.554615854672,K
2657,0.900937660768,0.716453965152,1.81187532375,-1.33070373795,9
2658,0.727674783924,-0.938173916416,0.479873744399,0.347832185007,T
2659,0.287110072224,-0.346400077377,-1.15967566037,1.04924310759,L
2660,-1.09946636266,0.356532775254,-0.167410152699,-1.17486770267,S
2661,2.1283707566,0.678285501341,-1.13497406993,0.492645207942,9
2662,-0.839113824688,-0.00629898159072,0.822816731551,-1.68470741455,R
2663,0.883543016678,-1.08390836156,-0.0563487493394,0.571913010804,V
2664,0.394935659169,0.935667577549,0.401927372893,-0.0626312737887,F
2665,-1.23974059305,-1.06399123524,0.117355131206,0.529984300876,Z
2666,-0.921698915115,2.01375842574,0.578415807888,-0.832472037503,S
2667,-0.438838985571,-1.68872582237,-0.772547963494,-1.13887365375,S
2668,0.367193623945,0.588573768007,0.63705434795,0.636911713473,Y
2669,-1.39824091937,0.701901911749,-1.6039740305,-0.00191015659499,F
2670,-0.759556384559,-1.76728167174,1.90306987097,-0.191658537688,S
2671,-0.0325374154026,0.924378833659,-0.148703780094,0.321012177688,X
2672,0.209908624091,1.62333189849,-1.14475403621,0.412215898863,U
2673,-0.457389497523,-0.117801477433,-0.32397183724,0.87981619223,H
2674,0.126167352241,-0.170581518245,-0.086927529729,1.42652676089,J
2675,1.38530572842,-1.47087255798,0.59369209983,-1.33194260542,N
2676,0.411997030112,-0.792781344662,1.11709531707,3.37295110815,6
2677,-0.794808010698,0.294574039582,-1.23511365799,-1.03851383432,B
2678,-0.400434824925,-0.0408743084732,-1.53988520595,1.30612484373,A
2679,0.0699993363635,0.856248596248,-0.599017277237,-0.766095044295,3
2680,0.480274367534,0.934570545918,-1.23317116217,-1.02728893157,R
2681,0.169191485435,-0.24147182354,-0.199200577419,-0.42158335915,R
2682,-0.274242841274,1.46520620864,0.0983658151306,-0.166066319638,W
2683,0.350213524144,0.375084339419,-1.31954575896,-0.105641098649,V
2684,0.238529004497,0.37315459461,0.75596221298,-1.68183628998,Z
2685,-0.222048141486,2.13619965929,0.197332538369,-0.539230303526,C
2686,0.375308784071,1.16542736895,-1.35745312889,0.612016863226,J
2687,-0.463572516619,1.76608711618,0.455837038526,0.255511649762,K
2688,0.279987620365,0.420717170016,0.805524014081,-0.755125227341,R
2689,0.930874248303,0.0606505882541,1.62367108664,0.0860153472264,G
2690,-0.292948973947,-0.880245087659,-0.58117838012,0.654814808604,A
2691,-0.204133216404,0.333148655006,0.406851809035,-1.16939138914,J
2692,-0.242473906162,0.331982023684,0.290742328485,-0.278749501439,Y
2693,0.145993094168,1.9304475604,1.72013936155,1.37752246006,D
2694,-0.617593289332,-1.61459102215,0.016190729139,-0.604622352054,9
2695,0.922978305801,-1.29205533331,-1.35199744332,0.283805565248,M
2696,-0.928138328936,0.852961137271,0.0244439954446,2.34055255809,6
2697,-0.821975954987,0.817373988272,0.451824760042,-1.5700276798,5
2698,1.32173710851,-0.400620518794,-0.807798064685,1.01563144261,L
2699,0.711289457197,0.923190427705,-0.455170176161,1.06781436898,1
2700,-0.0473042822119,1.39417991714,2.34460962441,-0.0023966537126,2
2701,-1.68833560877,-0.34635181462,0.425520384037,-0.224832006719,R
2702,0.160532758569,-0.687899003181,-1.42119553711,-0.272782612488,O
2703,-1.06680985591,1.25993735104,-0.206259375156,-0.970698643303,O
2704,0.745745145667,0.218009162287,-1.16438909867,0.998143664553,Z
2705,-1.11369373771,1.71432477317,0.0812320103556,-0.774843957654,F
2706,0.836288834404,-0.640711544732,0.214117823982,0.672352803796,X
2707,-1.25373252201,1.75515388592,1.00968391267,0.813606878515,M
2708,0.688122013016,0.107562816071,1.26869029345,1.58572469791,W
2709,-1.0009468033,0.543779192221,1.70153691822,-0.824417749374,2
2710,0.259233095573,0.384970064867,0.623987326179,-2.26782692831,9
2711,0.681097356909,1.81924389122,0.669091092328,-1.13871377546,F
2712,0.0795039851048,-0.515797218581,0.0340167738489,0.533996611324,W
2713,0.408100718791,0.314262768717,-2.7008336357,0.8859132187,I
2714,-1.04382757147,-0.659637977971,-0.383559155064,3.06084605348,I
2715,-0.559462647597,0.347588219136,-1.73081163024,0.51756309002,M
2716,0.980145396606,1.3943268393,-1.45622420078,0.791639097546,G
2717,-0.723501045729,2.55827129575,-0.850818278873,-0.475866884991,E
2718,0.100228489579,-0.570544048368,-0.00256505707677,-2.14829278736,G
2719,-2.00615363112,1.06267593795,0.56906021752,0.418153033207,Q
2720,1.69852127828,-0.877714779877,2.72960265078,1.44346405127,6
2721,0.151382624623,-0.519385612794,0.389304096496,-0.481319320882,X
2722,0.945800588359,0.619985495344,2.09055348836,-0.437160156717,K
2723,-0.921652202904,0.748417609237,-1.99396792327,-0.438938179369,X
2724,1.93629465427,1.16277968735,-2.15459014518,0.718838726399,W
2725,1.55096996594,0.188206649625,-0.850501609279,-0.990649082908,7
2726,0.482061362676,-0.204229296934,-0.500644028219,0.319990573079,T
2727,0.223549309464,-0.195633062902,-1.18184207473,0.874798163863,D
2728,0.152340481812,-1.23936177911,-0.572878483917,2.02312146268,Y
2729,0.364105113863,0.911929576062,-0.0565181763893,-0.468410058252,E
2730,-0.76629382399,-0.268946105462,0.72287957043,-0.744594427195,E
2731,0.769704932653,-1.63963520121,0.49883531679,-0.237019181977,H
2732,-2.18986993218,0.334059256748,-0.248977380577,-0.303729944929,B
2733,-1.21916745213,-0.0941635031273,-0.759448590448,-0.373387208339,7
2734,-1.33130261999,0.159015019349,0.488239986316,-0.421206185344,G
2735,5.66223950651e-05,1.47588379362,-0.493882954239,-1.34734418967,X
2736,0.427966081718,-0.46214280229,2.54893104406,-0.643161909124,S
2737,0.326544941745,-0.360347945999,-1.71274713701,-1.03105326798,4
2738,-0.85799476887,0.301968676798,-1.46687613655,0.306274571171,K
2739,-1.09745814607,0.394401226267,-1.25529302567,-0.439218073891,V
2740,0.172591073062,-0.264389854116,-1.4983040704,-0.0724826418581,Q
2741,-0.537247253004,0.98716575092,-0.415319198617,-0.91104583769,G
2742,0.736183451939,0.215746005899,-0.396431235406,-0.0117007054873,D
2743,-1.91678390826,-1.35673032742,0.109771433938,-1.22650908046,G
2744,-0.583047285811,1.13782871975,-0.592200591531,0.409020223143,D
2745,-0.377472167522,0.867823616265,0.14636073339,0.649429871836,6
2746,-0.669547665812,0.118215338219,-1.47648593903,0.535221716864,1
2747,0.94305029621,-2.48024260876,0.571788750306,-1.37133136033,S
2748,-0.556300424355,2.47179482559,0.387172042862,-0.374153804257,L
2749,1.12951868617,0.415313347837,-0.0370965086442,-0.150884904396,X
2750,-1.60041251525,0.159826095085,0.150359408882,0.0880602196173,H
2751,-0.792301914625,-0.76524690822,-1.02191016877,-2.05883831483,D
2752,0.492471995323,1.07503848839,0.85528879451,-0.0210789627351,O
2753,-1.0371043808,0.431853941696,2.73007053165,0.452413048807,8
2754,0.486590504702,0.122527086827,1.38833975452,0.014269667216,D
2755,0.0316208497834,0.222669440668,3.02527302239,0.412352352536,5
2756,-0.516121355321,0.433223672609,-1.82153673285,0.666071365629,G
2757,-0.127360692927,-1.41909321855,0.364285103981,0.709469209782,Q
2758,1.28661958577,-1.32458630079,0.498088685367,0.00187521138031,4
2759,0.941217850379,0.937460704898,0.993775149075,-1.54101090001,9
2760,0.140539288686,-0.675597555628,-0.0505261131976,-0.392512773928,2
2761,1.10081124131,-0.0718888144294,0.748639496112,0.926795818871,6
2762,0.904096042076,-0.387636017016,-1.83255018555,-0.0250052448144,H
2763,-0.723900813821,0.389482891181,2.04158480652,-0.193698755926,Y
2764,-1.55629369485,-0.358824351591,0.0940718408771,-1.16363196789,3
2765,0.257939508589,-1.34435565921,-1.61586307322,0.534847399684,W
2766,-0.955549393968,0.72161034695,0.544828820953,-0.773343863284,1
2767,0.0849826475437,0.643734355643,0.924384402933,0.820763855794,Z
2768,0.339438074384,-0.512475033534,-0.140745455826,1.77211735938,Q
2769,0.738018907393,-1.09093175979,0.936386888804,-0.0371964282075,D
2770,0.498951192333,-1.60979591379,0.202239168837,0.333631436537,J
2771,-1.42127543108,-0.892238364289,-1.07919052889,1.36187145509,T
2772,0.571228139723,1.10725894135,-0.489435902443,0.439029935288,N
2773,2.34310409946,-0.0528592816379,0.536494792421,-0.256877717049,L
2774,-1.64971917155,-0.588895770961,-0.542998010496,-1.42952856916,Z
2775,-1.23145473495,-0.141106337919,-0.0452990875334,-2.03329026729,N
2776,2.04617613644,0.00349119312846,-0.419639438874,0.338628978631,7
2777,0.455333559288,0.586218618595,-1.65973347887,0.745404258902,H
2778,1.08503958745,-0.416365170868,-2.09440497656,-0.291052618483,B
2779,0.223690415104,1.39966068901,-1.0526317556,-1.19815587788,X
2780,0.285272152024,0.16757342445,-0.111291986358,0.310478952482,F
2781,0.063792644617,-0.837654458103,-0.677238472193,-0.626083547637,S
2782,0.0872846336079,-0.517900176368,-1.18433247226,-1.08661011473,0
2783,0.131171319839,1.34071851793,-0.134506607695,-0.599765053446,G
2784,0.413138822462,0.297188164955,-0.674360984798,-0.868656779474,9
2785,-0.725957164077,-0.998949099333,0.592401903876,-0.818485681309,G
2786,2.01910601018,-0.870474209704,1.63956888769,-0.0186482972906,R
2787,1.52281658748,0.863990876198,-1.08472489824,0.995037186146,X
2788,1.59949539848,0.878765691631,-0.0318207476758,-1.5411366179,H
2789,0.0325844034946,-0.830247392859,0.0935280139959,-0.88542083393,0
2790,-0.218408198958,-0.479249697084,0.269820430019,0.587702567725,F
2791,-0.811632885386,0.880449044913,-0.355220991965,1.26746285098,A
2792,-0.331629285299,0.758538821203,-1.84899196322,-1.41798317763,B
2793,0.732672048983,-0.744897874133,0.512209365425,1.41749465308,Q
2794,-1.28084916124,1.2000188395,-0.946479986539,-1.23655019214,G
2795,-0.154020827453,-0.413900354315,-0.475061072166,-0.452329618785,F
2796,-0.232235333519,-0.36847173223,0.993501179895,-1.02101002345,Z
2797,0.781139612664,1.34234562331,0.913417802472,1.77422225806,I
2798,1.68121039922,0.372873798085,1.31129817203,-1.13375682387,6
2799,-1.24054657395,-1.16822655788,-0.580810292768,1.07676416929,4
2800,-1.29491390531,0.331681667567,-0.085695222413,-0.380569203981,P
2801,-0.049305332823,-2.43881064713,-0.682628072115,-0.573967632167,5
2802,-0.650771376287,-0.881442495616,-1.6948258761,1.43701618875,P
2803,-0.3963280984,-0.0452369599772,-0.82059866906,0.975118263886,P
2804,1.39805690189,-0.416834817448,-0.527764816545,0.655062660925,Z
2805,-0.491837526362,0.252637810754,-0.712339559884,-0.134047513446,U
2806,-0.336568550864,-2.26989907835,-1.0710227466,0.943109716272,F
2807,0.756196944988,0.732624671297,-1.37274103159,2.87887107534,U
2808,-0.269079207469,0.639092505229,1.24410594108,-2.13611141214,5
2809,-0.308117543971,1.03423229452,-0.431444965322,0.994420033434,Y
2810,-0.477304770346,0.350103060467,-0.825060983305,-1.61021866996,J
2811,-0.197311266495,1.49938437912,-0.450783103794,-0.543043564902,O
2812,-1.05625253562,1.32937402811,0.133393393512,-0.675953526835,H
2813,1.65880033704,1.2109383643,0.302966029029,-1.9723372194,X
2814,0.754500105805,-2.84593272352,1.25348652021,0.339283681809,A
2815,0.297284273164,0.420508090238,0.580422608514,0.909306175305,F
2816,-0.76321762939,-0.644610022908,0.200416889937,1.01539426888,7
2817,-0.193426879311,-0.461657552917,-0.340601033085,0.79847612844,A
2818,-0.0863577789857,0.278118692284,-0.796804928082,-0.224211991875,S
2819,-0.349744701235,0.754808662329,1.09616927863,-1.31170459798,O
2820,0.961266099257,-1.46778844208,-0.381348688075,3.41273351296,K
2821,0.673155528024,-0.895039545756,-0.887768316474,1.03686108804,5
2822,1.67472533372,1.31104788835,-2.12170769834,0.744071402699,O
2823,-0.855255037706,-1.54022504577,-0.44504266492,-0.937946606221,6
2824,1.67778291259,0.670607667605,1.07874713842,0.26864676133,2
2825,0.951291266659,-1.04088336394,1.45237389809,0.205420588348,M
2826,-0.683097887861,2.9216360691,-2.35528521138,-0.835637235212,M
2827,1.34426326251,-0.900980064491,0.568158456451,1.05577289501,C
2828,-1.10859803141,-0.652089420449,-0.564324183872,0.768528153968,0
2829,0.866475879819,1.01904456102,-1.3055447184,-0.511820733324,E
2830,0.0336227249884,-0.521880676982,0.35910131472,-0.119273822888,F
2831,1.31906604769,-0.396321693019,-1.24960484384,0.121016911634,Y
2832,-0.199601266224,1.00674727456,-1.41558472498,0.691379397029,D
2833,-1.02301936727,1.19496379397,0.255706928476,-0.457100512662,Z
2834,0.0652278045305,-0.575107373281,0.182695662891,-0.828034532989,D
2835,-2.82599726093,-1.29774434477,1.04919134315,1.84040399386,K
2836,-0.179054955592,1.17439327596,1.73468010559,-1.91880005489,Q
2837,-0.729083204046,-1.31977350694,1.5283421117,-1.09292106377,I
2838,0.104814349187,-0.552227972234,1.35323818987,0.630351971381,Z
2839,-0.255672483988,0.775342891726,0.387702137828,0.0418494551318,Y
2840,-0.587911322785,0.873910372309,-0.304845920201,-1.05027521033,L
2841,-1.33426075553,0.244746876054,0.467975323645,-0.815458542903,N
2842,0.438789581994,0.395960469908,0.579843229114,-0.738805475948,F
2843,0.000146530085908,-0.713570904478,-0.727029685305,0.207665206445,V
2844,-0.693389161461,0.133031836655,-1.81038531981,-0.206715974803,2
2845,0.312562281614,0.702847315732,0.531875411792,-0.419881861122,2
2846,-0.72994891374,0.909011091713,-0.368559501292,0.712992749964,F
2847,0.0295548609596,-0.0529727450304,0.687465466262,-1.87728427811,L
2848,1.04361055558,-0.0838950974768,-0.563813578305,-0.637313722505,N
2849,1.33212030119,0.432326957381,-1.0716308531,-0.353301446466,Z
2850,0.433454205741,0.493090342954,-0.430091219215,-1.24739175022,F
2851,-0.388183036252,0.717130413588,0.104644785048,-1.34474922968,G
2852,-0.309841435596,-0.0556518391709,-0.471842937587,0.286450798247,O
2853,-0.10828356148,-1.61065829236,0.452592196848,1.94223950052,E
2854,-0.124121110466,-0.454045802778,0.0193995787656,0.700822612342,A
2855,1.11394609825,-1.85683176362,0.81443068184,1.19548157654,X
2856,-0.685256694272,0.124450265983,-0.505895355436,0.642685156877,R
2857,-0.631721617603,-0.143666478319,1.08793628245,0.219917483414,Z
2858,-0.187874760576,-1.48158409815,-1.0547680998,0.20038830298,W
2859,2.41239638962,-0.338503880638,-3.23439138156,-0.688067285952,K
2860,-1.9462312239,1.37207972876,-0.221379762679,-1.12699594624,J
2861,-0.226293445835,0.0401963494412,-2.77001770957,1.11509332768,V
2862,1.00806977374,-0.423869233278,1.8897126832,0.348197686869,2
2863,0.971149249318,-1.32616582025,-0.354045936994,-0.327411143482,N
2864,1.36353051114,0.135903703892,1.46731318356,-0.127779495965,H
2865,-0.19197145977,-0.123172297399,0.510274218386,0.399055290176,L
2866,-0.751564616688,1.86823193803,0.0886936677273,0.470142846466,T
2867,-0.699964735883,-1.76355121411,1.82848889807,-0.880434405584,O
2868,0.0260083276047,0.920829784862,0.371928190593,1.21384797207,E
2869,0.680894289163,0.578016409835,-1.21484038451,1.44762363744,Z
2870,1.39327052397,0.0435632544791,-1.146234218,1.17880695603,X
2871,-2.19086950852,0.44790006442,0.982867191279,-0.103476657828,C
2872,0.849065019414,-0.657636267962,-1.70064256543,-1.23527182936,C
2873,0.356928303944,0.729238575934,-1.16525974664,0.0969562541038,V
2874,-0.615839157106,-1.02152825853,-0.775866788286,-0.585817912809,9
2875,0.0941280496711,-0.637392107258,2.35679915261,-0.716469860111,R
2876,1.38850825692,-0.0234837365833,0.376429178738,1.64489617536,T
2877,0.418292759723,-0.817763260527,0.0175127262705,-1.00715977501,K
2878,-1.02322878472,-1.66426790996,1.29433373219,0.333396239157,E
2879,-0.357209186505,-0.812384920199,0.164543846545,0.395520652446,Q
2880,0.243235091968,0.198340970477,0.146675326609,-0.912407950633,Z
2881,0.100768448376,-0.111568568318,0.442554649842,0.655966490529,L
2882,0.202153755435,-0.403594279834,1.08693821044,0.0571988931779,T
2883,0.682939474818,-1.25740887569,-1.03095120356,-0.695575887968,O
2884,0.224673650561,-1.28298191411,0.170885761371,-0.72666181024,M
2885,-0.81574968852,0.0416703835773,0.449463712687,-2.60614480621,B
2886,-0.670342332976,-0.181165069273,1.51316512869,0.241033275228,G
2887,-0.421222629323,-0.506196052729,0.667947006081,-0.252557001408,2
2888,0.0356510040138,-0.0349447892103,-0.354961292903,-1.00323924187,T
2889,-0.853609950686,-0.436814381594,-0.871246067907,-0.0162318805644,Y
2890,0.720569698538,-0.12368692566,-1.70015409095,0.301859068104,A
2891,1.00600208149,-0.282086676389,2.90520202543,1.60357122905,W
2892,1.33078157887,1.25342207656,-0.876879953169,-0.939893841763,7
2893,-1.13908371589,0.521191884293,-0.693467894987,0.703674352254,E
2894,0.32237578151,0.314142765689,0.260488034437,-0.496940556074,M
2895,0.998554474257,-0.814302246659,1.04821975405,-0.0615903771574,T
2896,-0.00502519161042,-0.711575161614,-1.7320073944,-0.517527817753,P
2897,-1.57729022239,0.516398621773,1.19967266911,-0.512883724356,N
2898,-0.856402921327,0.0317180388109,-0.48867731018,-0.819806621925,S
2899,0.879164164607,-6.87039017353e-05,0.0851421932229,-0.737687908672,G
2900,-0.917820624958,0.0583672724068,-0.531512220961,-0.812805362046,5
2901,-0.759938801046,0.10565513117,0.0517595045228,1.12498746591,N
2902,-0.179007752923,0.577350578,0.638650462054,1.51324343654,V
2903,-0.792080993285,0.311284469838,-0.154407809749,-0.351270888659,P
2904,-1.33130391846,0.893180615133,-0.0818464184847,-0.294822978963,H
2905,-1.1975743343,0.568163820583,1.98516367888,0.583706200654,S
2906,-0.0910102711284,-0.72764821894,0.315931873022,-0.0314558889142,A
2907,-0.228641076424,0.00979227123029,0.409629522564,0.028353200635,C
2908,1.42908929255,-0.0297455723289,-0.140590061656,1.00768745361,Y
2909,-0.851548444586,-0.260413376981,-0.407416098231,0.0683278470549,E
2910,0.451367134559,0.434449932361,0.70073558306,0.190064683453,S
2911,1.27320362836,1.48258566991,-2.01227159324,-1.37778539264,M
2912,0.665903957171,0.656232757675,0.304479707619,0.159378844096,R
2913,0.206585239638,-1.10114726087,-0.707540897003,-0.978277029763,7
2914,0.990034482357,0.111278235777,-0.503771947105,-0.895681219964,H
2915,-0.684401120074,0.509116920103,-0.957427019668,0.130915958699,M
2916,0.034603865237,0.769922070912,0.168947506298,-1.61044278835,H
2917,2.48734717001,-0.258828717066,-0.970272174128,-0.531656068783,N
2918,0.842772347254,2.66506017346,-0.0933887692822,-1.22298581578,S
2919,0.556821533814,2.10532106684,0.408342363677,-1.06952799595,P
2920,-0.566608487663,-1.80612311106,0.00723679397273,1.14246042313,J
2921,-0.347958047771,-1.70329780095,-1.27677896747,0.016063414931,4
2922,1.68928528604,-0.243741291762,-0.0328599153251,-0.699973544707,O
2923,0.512343746976,1.10588560379,0.996068399717,1.86630341595,W
2924,-0.695322671369,-1.13816410412,0.995712525369,-0.789439880785,B
2925,-0.494161886817,-2.27768988196,-0.0927977432127,-0.0412041183027,M
2926,0.102128255696,-0.497692506439,-1.2404019268,-1.37668191774,Z
2927,0.532616345844,-0.955477479034,0.825892603513,2.39044789991,4
2928,-1.27174117295,2.01804584008,0.124696038762,-1.1380608374,L
2929,1.16388529444,-2.19758759565,-1.19805498631,-0.422572367407,E
2930,-0.679812513384,0.274314278446,-0.178447578753,-0.426898618812,U
2931,0.933633898912,0.350503634407,-0.468304135728,1.15617294229,V
2932,0.648978269635,-0.0959148686079,-0.0638389788879,0.0860773134828,U
2933,0.611148995312,-0.742646729166,-0.250950798954,1.6108752152,J
2934,-0.141520498289,-0.351262783086,1.96506991024,0.297953599083,7
2935,-0.684331972915,1.01187460935,0.70650636507,-0.181270681137,D
2936,0.268776734778,0.214678354876,0.42727178463,0.521098868458,4
2937,1.16729953082,-0.0180285216823,1.08684065028,-0.686287395778,3
2938,0.329986083788,0.299002867554,-1.50203698932,-1.86698381909,D
2939,1.02625695504,0.389163275741,-0.433496404284,0.159209973881,A
2940,1.47801112182,-0.29544722812,-0.276814207824,-0.3162505872,U
2941,-0.343394172769,-0.0835139027575,3.05334492778,-0.57314918205,L
2942,-0.0304983004796,-0.380566259652,0.482507158938,0.00452875346031,N
2943,1.00378858999,-0.688903430455,-0.627384063578,0.704902457771,K
2944,-1.46697079336,-0.0862892733564,-1.82922699204,-0.21229006081,S
2945,-1.07101254008,-1.46101742425,1.33743575745,2.29750830376,X
2946,-1.59475998689,-1.0956867318,-0.941550586512,-1.54025750712,O
2947,-0.621688855453,0.613429557372,-0.756052306212,0.647458293632,0
2948,-0.891974106918,0.507887559927,-0.220682668061,0.0622325247424,B
2949,-1.18633164337,-0.45056234874,-0.546765766983,-1.05726599285,F
2950,-0.166791134618,-1.10568393926,-0.0788695450821,0.0521644667501,R
2951,-0.188106064548,-0.248578049448,0.490971120252,1.54771167874,P
2952,-0.138187582345,1.18774063338,1.90246012098,0.953902720226,N
2953,0.104037779949,-0.113550963079,0.764308215447,-0.918112487536,A
2954,-0.0105891245446,1.30018068416,0.796238870636,0.982547428655,L
2955,-1.02515245618,0.896530652279,-2.33638014354,1.03323190369,N
2956,1.85135657271,-1.35936736304,2.39693285678,0.21464761982,M
2957,0.683998573878,0.638675296326,-0.27729610029,-0.996665031687,V
2958,0.0861463712494,-0.918117142863,-0.541719770848,0.536130968068,G
2959,0.84185677345,0.913906538505,-2.57507869955,0.794486917428,1
2960,-0.890223307632,0.58286442763,-0.999817944464,0.472839464612,Q
2961,0.365284774282,1.43914146245,1.54964189908,-0.181554052833,H
2962,0.172716412222,0.202306824443,0.956202781979,-0.145276849671,D
2963,-0.830696473284,2.15207551169,1.15964228021,1.23727862354,G
2964,1.07897929966,0.0313087868678,-0.134672010112,0.438420092912,J
2965,0.505521795956,0.563120003372,0.752423766826,1.25290897961,I
2966,0.120993682064,0.416448592196,-0.643344448819,0.585661214561,K
2967,-0.686920732051,0.439469047074,0.320119462122,0.84197659869,6
2968,1.54067741422,-0.824946411537,1.04644435733,-0.890283085945,B
2969,-1.63069019177,0.467838170439,0.299393737409,-0.0865049052479,T
2970,0.633494778804,-0.186524009218,0.927626965339,0.143163919205,4
2971,0.308635854456,-0.112857308281,0.762842218963,-1.07297708256,L
2972,-1.62705067432,-0.97815141263,0.154744635774,-1.22903670661,M
2973,0.3148469838,0.0979888456607,0.199608299962,0.95519346772,X
2974,1.6669071275,0.992005251442,0.496127673055,-0.686391014806,9
2975,0.0106028383268,0.708539635302,-1.25871092114,0.226540952916,F
2976,0.11869281378,-0.714454714392,-0.50134244455,-0.254763929933,C
2977,0.302616230947,-2.01152735667,-0.628084547049,0.768826864455,K
2978,-0.0985721257172,1.76908645538,-0.215026976047,-0.053076199659,S
2979,-0.0190579326345,1.96499405621,0.738537929544,-0.883775928618,X
2980,-0.595349058225,0.00178120547993,-1.42335533545,-1.45847723898,H
2981,1.39217049077,-1.39655962763,-1.42530626093,-0.847535140771,K
2982,-0.896028542768,-0.152287244864,1.92448322383,0.365183971059,8
2983,-2.27464172743,-0.901873739278,1.50035163127,0.996540537761,G
2984,-0.30189755765,1.01990578818,1.10216033286,2.62452608968,3
2985,-2.54838896657,-0.585373738403,1.496201467,-0.718814745545,Y
2986,-0.0645879626599,0.759291883006,-1.56841485777,-0.420933037922,K
2987,-0.143365411354,-1.11175954725,-1.81558086703,0.435273612751,P
2988,-0.070412399543,-1.05592096242,0.338016708521,-0.440762523974,U
2989,0.649148000252,0.994272913069,-1.38422724628,0.485120032364,Y
2990,-0.370768721563,0.404356340287,-1.05162846226,-1.05089891162,U
2991,-0.409980111625,0.155627076006,-0.81898965427,1.27735013287,V
2992,0.301213589188,-1.11120335047,0.668257684091,0.671921855703,H
2993,1.82111702878,0.416444799351,0.173874079053,0.505118430246,A
2994,0.0688036448846,1.32275858021,0.802346253327,0.223617809159,0
2995,2.31189587899,-0.41707032545,-1.40959852635,-0.515820726027,H
2996,-0.479892969973,-0.650418530998,0.745152119818,-0.646037876591,U
2997,0.523330748868,0.787112113221,0.486066142508,1.09315580825,A
2998,-0.362559431988,0.598893993038,-1.84320146381,0.887291508481,Y
2999,-0.0963755510259,-1.01299883547,-0.657431480807,-0.573315211841,F
3000,0.467976300189,-0.0386485396255,-0.295344251987,-1.82472622729,H
3001,-0.358893469543,1.40445260007,0.704964644926,-0.200638304015,Y
3002,-0.50184039929,0.659253707223,-0.421690619312,-0.0576883018364,0
3003,0.204886212202,1.07413396504,1.38836131252,-0.982404023494,Z
3004,0.354627914484,-0.133115852296,0.283762637978,-0.837062961653,U
3005,1.81748001608,0.742272722638,0.419394843928,-2.25103520513,B
3006,-0.776764319165,0.935517747061,-0.332871759623,-1.87564085416,D
3007,-0.913134961617,1.53062351168,-0.572656719239,0.477252252981,J
3008,0.358479538224,-0.49757199147,-0.367016188009,0.507701778685,7
3009,-1.74087710829,-1.16041658062,-1.63783027929,2.17220101238,2
3010,0.24056373835,-0.328249185208,1.25215525783,1.07279626643,R
3011,0.764018252198,1.16547617218,-0.639544262638,1.49525751956,X
3012,0.571034923177,-0.310537224251,0.582437274651,-0.2987651796,A
3013,2.31765810894,0.430709506296,-1.33421573445,0.199679483557,0
3014,1.54777073472,-1.11975292512,-2.27763354506,0.329585909852,U
3015,-1.31060811665,0.401719086645,-1.00098707369,1.15670834954,B
3016,-0.0884964396951,0.634711729043,0.153323985774,0.415334751149,E
3017,-0.0186628260149,-0.247487241047,-1.44652215689,0.750937748749,W
3018,-0.0701272145463,-1.57909726069,0.120891794918,0.671431885035,T
3019,-0.194677940725,-0.492039150308,2.35960484963,0.319810396195,U
3020,-0.248617847177,0.868706587235,-0.492226143765,-0.717959381922,P
3021,-1.09154895394,-0.867110226119,-0.647760443099,-0.832561559975,P
3022,0.641404300148,-0.138821578977,-0.621962804042,-0.284839425379,D
3023,1.21640846838,0.99268666512,0.165161778012,-0.0696186082242,T
3024,-0.564474180519,0.792832268133,0.747052842907,0.57167515791,1
3025,1.75987899507,-0.515665834496,-0.230480686323,1.36231722352,N
3026,0.126266090531,0.309281375664,0.38281996138,-0.239199054993,A
3027,1.33436047951,-0.100152166835,-0.840730552173,-0.643966598255,J
3028,-0.737620017711,0.278087463151,-0.053235240431,-0.950971590734,A
3029,-1.1484864849,-0.986292150868,-0.144963115417,0.124362404338,E
3030,1.63059449241,0.243886206002,0.468368306354,1.25804787443,3
3031,1.04488953219,0.0807175385621,0.857885542829,-0.298381802517,N
3032,-0.262542542362,-1.61519874791,-1.08723871374,0.759029075237,N
3033,0.0201440713103,1.10779156618,-0.559435335039,-0.481925210095,T
3034,-1.20391554609,1.88534310731,-0.0804704068388,0.25064589327,V
3035,0.366914548813,-2.43008643092,-1.05344696342,0.346278884194,D
3036,0.434220473424,-0.0798625386706,-0.422976747932,-0.0742721760915,M
3037,0.0406656980213,-1.81021570262,-0.189192727269,1.22926636581,U
3038,1.33845943246,0.338489099729,-0.213446105129,2.32592341971,C
3039,0.572981073363,0.782663875351,1.30767321124,1.61995725335,R
3040,0.762428447112,-0.648528798886,1.93651473707,-1.15966561312,X
3041,-1.25204557796,-1.53853949038,1.0422813822,0.623835121823,5
3042,-0.0475302140596,-0.494310199706,-0.165460018905,0.472929032513,A
3043,0.124547711991,0.730791450242,-0.25752685093,-1.51125664924,I
3044,0.801889237656,-0.462780621429,-1.73462083332,0.674768319362,S
3045,-0.992306666472,-1.09683007882,-2.0617943017,0.035390605957,V
3046,-0.109662774864,2.57709376617,0.91356252242,0.613594050216,V
3047,-0.541680906279,1.5100313553,0.467944825377,0.553225037837,V
3048,-0.0795865737601,-0.609923697841,0.35383422895,1.10803005914,P
3049,-0.0437516462601,-0.410666385961,-0.729599036366,0.263223371713,X
3050,-0.761490177447,1.10418191625,1.27060866366,-0.319284452382,L
3051,-0.804975073037,0.559520138339,1.05223226496,-0.645574265818,A
3052,0.35394105397,1.82996269805,0.398922026361,-1.52223131661,I
3053,1.54163640493,0.478316068959,-0.666760327343,1.36717494756,8
3054,-0.987620842341,0.337534288405,0.386934953004,1.99614391761,D
3055,-0.353462320307,-0.448433452071,-0.420520291568,0.606223206634,F
3056,-0.275687122051,0.127910363851,0.877755572144,0.141774294303,W
3057,0.448882070123,-0.0164103203039,-0.0414342913919,0.483096480304,A
3058,-0.0437649578253,-0.878445916853,1.52507535186,0.00822316479269,X
3059,-0.0644155835746,0.080920574987,0.644715202274,0.393025120766,F
3060,0.0150183089497,-1.62030091273,0.465865552616,1.63737662602,M
3061,0.579715377177,-0.565645982402,-0.812128961966,1.53280260401,W
3062,-0.324507167079,1.85335063636,-2.26860910203,-0.355131709073,6
3063,-0.100246742541,-1.9546139579,0.132518774906,0.83692675288,6
3064,0.275725087798,0.349561138652,-0.617722975053,0.675990898106,3
3065,0.300486311556,-0.914367342324,-1.6046088239,-0.90545849944,V
3066,-0.362382393314,0.708360644964,-0.388316739311,-2.32876299592,P
3067,0.805330955425,0.0736168178539,0.481166223853,0.632620759249,R
3068,0.786095366054,0.0951374087988,-1.04996472851,1.82879833145,A
3069,0.20781502657,1.40727518965,-1.04479960125,0.140207499487,X
3070,1.80974963809,0.592023139186,-0.146214836643,-0.113817691749,Q
3071,0.190562146781,-2.88635875932,0.514364781284,-2.2081180574,T
3072,0.844977118094,-0.164290184848,0.218672395512,0.0990115476933,Z
3073,0.195035085082,-0.649590655548,2.17166386104,0.453465558806,O
3074,-0.0564333653869,1.75865043501,-0.448091017018,0.346784396043,U
3075,-0.11260915388,-2.64245701436,-0.487309941502,-0.220507107741,W
3076,-1.39531912204,0.573474013814,-0.0133236905274,-1.30707048628,M
3077,-2.08027277833,0.0974981483635,0.321489166278,0.0126076722626,F
3078,0.88317164615,0.490426984887,-0.799299286482,-0.699668792454,T
3079,-0.138631966525,-1.41784482297,-0.199678277638,1.19929867533,3
3080,-0.961579329566,1.16624685822,-1.12495332265,0.201727835778,Y
3081,1.30145347696,1.07711713668,0.56050246064,0.859991127179,4
3082,0.0636793444679,-0.995532083484,0.879547223724,-0.0124713077028,V
3083,-0.373381111798,0.982861169257,-0.0375341446861,-1.33785580601,L
3084,1.49229222711,0.485490431128,0.129313292844,1.73356873962,M
3085,-0.908491526543,0.498234275772,-0.588843697186,-0.903956188452,N
3086,1.13713975779,0.977509103934,-0.940993915461,0.149012866744,5
3087,-1.04983803109,2.45342509904,1.23008741443,-2.06850760711,L
3088,1.48519893861,-0.806453458123,-0.475087116613,0.936801368414,Q
3089,-0.790436911077,1.8238515301,0.470826739735,0.898781975943,D
3090,2.02480808353,0.0322506496307,1.31529742078,-0.156432529592,W
3091,0.379253002685,-1.05940924098,-1.13206803173,1.22229604428,L
3092,2.40321605952,-1.79252836422,-0.917572680139,-0.88669297209,L
3093,1.24997470755,1.49152996563,0.371475805897,-0.000464620420962,5
3094,0.501130600702,-1.8524509796,1.11035434692,0.508864733821,R
3095,1.10652128242,0.0981530997183,0.789793234562,1.19269254286,P
3096,-0.540542595454,1.78256921968,0.0519310959987,0.463867655906,S
3097,-0.101979890355,0.981720222277,1.10699018111,-1.75226932921,F
3098,0.632107381338,-0.761419236427,1.42793044112,-0.0469283588887,D
3099,1.00977860887,-0.608379336968,-1.40510505648,-1.17505405942,E
3100,-0.602747944659,-0.182503514402,-0.768163968379,1.26068635765,C
3101,-0.0391054339894,-0.0695099824413,-1.35805194008,-0.292858620366,X
3102,-0.345100573788,-0.179476870638,-0.904657664386,-0.0712867473108,A
3103,-0.759495118894,0.225916245652,2.2358717609,-0.00448980823071,C
3104,-1.6867705196,0.742275516539,0.48587599627,1.79850711251,H
3105,0.145697316417,0.805037295613,0.350361830434,-0.540234679436,N
3106,2.48765369604,-0.147867121811,0.580688201183,-0.305696173077,J
3107,0.38016591287,-0.592483279562,0.393693377794,-0.463216602736,U
3108,0.96354902595,-1.55030192705,-0.944962257052,0.121546253521,A
3109,-0.0403846130388,-0.312648567879,-1.19660390862,1.0750431857,8
3110,0.938356628434,-0.235761104349,-0.0773603113055,1.16215015537,U
3111,0.190303261201,-0.425472860755,0.362347382137,-0.688710660785,Y
3112,0.256419161128,0.0826694187979,-2.30275824842,-0.446115220145,I
3113,0.690971664806,0.871498395659,0.948468891564,0.644683368429,E
3114,-1.15778132548,0.0936961784472,-0.765272815741,-0.724766824934,C
3115,-0.295462233706,-0.832817149695,1.49020373854,-0.420786204612,I
3116,0.132722962244,-1.25578038911,1.37000771682,1.14448991761,2
3117,-0.111380676194,0.572076202947,1.8079619052,1.09020474362,O
3118,0.178699745816,-1.60883234776,2.1746148394,-1.35173849821,K
3119,1.20218256712,0.179582552204,0.202061214889,-0.731213132128,G
3120,-0.674446571006,-0.184702666166,0.706721251292,0.718680803788,Q
3121,1.76553544644,-0.951931579911,0.320146510176,-1.15934952511,R
3122,-1.2478849863,-0.725490485007,0.541997606469,-0.126572143755,C
3123,-1.1640445457,-0.647618961239,-0.550283265919,1.16494340443,4
3124,1.81613255613,-0.393382465546,-1.21291011478,-0.317186597786,X
3125,0.499882890819,-1.18363110139,-0.638619314755,-0.785336775967,1
3126,1.22849889391,1.25347911733,-0.221459415048,-0.0654131965162,F
3127,1.01895127853,-0.423936860698,-1.72455343475,-0.823409084355,A
3128,-0.169892938696,0.301071840312,1.40996063006,-0.516055941099,R
3129,0.883067867689,0.950612783539,0.783765906001,0.776406924195,L
3130,1.03277821333,-0.0929303289895,0.600042004986,0.173515461043,H
3131,-0.249224588436,-0.0648201009871,-0.0127630546134,0.0304726487395,I
3132,0.556590447301,1.97690140411,0.130668936682,2.71966409048,B
3133,0.16107564162,-1.3149395378,-0.605192051164,-0.732212975124,G
3134,-1.84206221975,0.0109146960347,-0.0132330195161,-0.29825942451,N
3135,1.72723710088,1.67458417387,-0.988291322079,0.512445217364,T
3136,-0.190386389574,-0.184385010197,1.16329213344,-1.05989578865,5
3137,0.69311133934,0.815751494672,-2.38869472458,-0.201710174422,1
3138,-0.0621126729433,-0.00984964476467,0.658452659654,0.782909762977,3
3139,0.880939751586,-0.707391129783,-0.750939055668,-0.0423814584647,X
3140,-0.592837623954,-0.700117210885,0.831351965158,-1.15891084185,X
3141,1.62834979618,0.404618215489,0.0863343325974,0.278913544915,R
3142,0.210544278316,-0.909438189136,0.903899753529,0.471579103734,F
3143,0.033606494896,-0.882900260313,-0.345729265059,-0.317833493034,F
3144,-0.0755744023429,-0.616260178437,-0.342470997941,0.850522271235,5
3145,-1.26295070974,-0.167273237609,1.45780742884,-0.37563609476,7
3146,-0.289513268133,-0.927606335239,0.950207336839,1.23406721349,A
3147,1.34653227067,1.08338934179,-0.840822696227,0.525032166375,S
3148,0.698212579575,-1.2635370225,0.0345888504173,-1.08271314806,X
3149,-0.798004160565,-1.30179455306,-1.95685241187,-1.2841200757,F
3150,0.042611218243,-0.175943187928,-1.01597727921,0.668173594623,S
3151,1.52264922941,2.29139247927,1.5064450569,-0.448051016456,5
3152,0.54911837215,-0.439673137424,0.651228776652,2.6480462772,P
3153,0.119467771322,0.224633361843,-0.462936521536,1.41015553196,R
3154,-0.323899441166,-0.115278120343,-2.24762512685,0.271304098854,O
3155,-0.569092884953,1.86005610394,-2.5526005446,-0.433538185597,A
3156,0.112111473607,-0.845797840143,1.00631020207,1.13883188261,0
3157,-0.499492134991,0.91641467488,-1.04521512609,-0.50757820342,J
3158,0.376336174588,0.764118507122,0.935520356664,-0.594284323631,T
3159,0.0435519604575,-1.13311390808,1.83995995892,1.07689076788,H
3160,0.08521566085,2.51096445751,-1.05481405994,0.673699680303,G
3161,-1.78187926997,-1.08540212875,-0.0523621760075,-1.07072106964,T
3162,0.895674400067,1.2217782908,0.354943949672,-2.72080073957,V
3163,0.178964296545,-1.24036038336,0.216703259507,-0.931038265768,C
3164,0.751110935945,-1.67754135722,-1.84529427201,0.472624179004,7
3165,-0.174065305457,0.41737570589,0.67568579441,0.976129682648,D
3166,0.469285344255,0.468042648048,0.740358197771,-3.17350880211,F
3167,-0.414343091707,-0.847569597434,0.321460576581,-2.57576740455,F
3168,0.947170681816,0.328539010454,0.194054760004,-0.530855170507,X
3169,0.280983721958,2.21810968243,0.0430190102528,0.105970933337,C
3170,1.36877536297,0.314364311301,0.237928036312,0.826479814371,Y
3171,-0.556653869652,0.677243772286,-0.0487451867473,0.481484592223,X
3172,1.27535225202,-1.63660490059,-0.907082516741,-0.842150166534,I
3173,0.354484776486,0.336961106409,-0.877360547161,1.94340295455,M
3174,1.63041080339,-0.107837334831,-0.452669704243,0.511911011614,I
3175,2.13082174199,-0.513612858636,-0.589272751532,0.270246731148,6
3176,1.1330300851,-0.920498984072,-0.41147778905,-0.00125773317809,S
3177,-0.022368446588,-0.165693213389,1.48750250694,-1.5609710846,8
3178,-1.59781750388,-0.544169575971,0.565075786079,1.28817666767,0
3179,-0.641428915759,0.376689595468,-0.153789313646,-0.512960526573,M
3180,0.314357377289,-0.962541936748,-0.541512534494,-1.1561648896,X
3181,0.0883395556165,0.814274132271,-0.304655359037,0.792676034143,N
3182,-0.241961771733,-0.629315403013,-2.21260233427,-0.374105157708,O
3183,-1.18173491365,-0.596941681158,0.2743443978,0.273126365442,C
3184,-0.216653074676,-0.736039143474,-0.695235903991,0.421187733859,I
3185,-0.210084441042,0.708076753126,1.54565512016,-1.58704505966,T
3186,-0.194803690607,-0.215578248302,0.691829450352,-0.0992752966404,0
3187,0.555034364088,-0.628948162163,-0.550886205331,-1.30358538455,D
3188,-0.00132553343873,0.234979080439,0.305587215001,1.17498471846,E
3189,-0.505884715251,0.289074547151,-1.01753668504,0.086234836138,R
3190,0.818458302751,-0.0774239427346,-1.53559692163,-0.727323013995,Q
3191,-0.739837815235,0.654747515967,0.775892880451,0.911725982352,E
3192,-0.157668660717,0.0105765369843,-0.473290818785,-0.114977254557,H
3193,1.582072755,1.21135077234,0.277131433192,0.637144296923,D
3194,-0.704190048658,0.12787599735,1.05250272942,0.209073871078,1
3195,-0.389367804328,-0.93291366124,-0.998024963481,0.563616911143,A
3196,-0.558272131251,-0.161774896289,-1.53806659646,0.613443319356,E
3197,-0.158497066494,1.34901324395,-0.475157789661,-1.0330587238,E
3198,0.407671432137,0.254556508037,-1.56082456407,1.12562760798,D
3199,-0.653921366863,0.0275790877175,-1.39629369836,0.913825226594,S
3200,-2.57692549898,0.338165036668,0.519442976393,-2.30330714219,S
3201,-0.842865347335,1.0821650933,-0.646397860835,-1.13500686925,I
3202,-0.494181289099,0.104939493471,0.827236857824,1.05511433215,R
3203,1.15576168508,-0.0660077704386,0.23605882151,0.309968188821,B
3204,-0.687534473898,-0.0263544937825,0.106619281446,2.47490163593,D
3205,0.649517559904,-1.17781051518,-0.954277458301,-0.339043658202,M
3206,-0.423467777754,0.638837715089,-0.0390346575333,0.145446357589,B
3207,0.0827382882553,-0.472712215521,0.480072117744,2.01998684041,V
3208,0.268893320742,-1.48484562253,-1.63763986608,-2.3255800776,B
3209,-0.107129695053,-1.11241995795,-1.27069822508,0.848296771646,D
3210,-1.04544077775,0.797202720191,-0.350622812646,-1.15411164074,C
3211,0.419680914033,-1.20255497117,0.374432783263,-0.556201528434,L
3212,0.203280886034,0.947044539757,0.990641967636,0.0618586714995,K
3213,2.09212414836,0.906692467548,1.3274444574,1.09801998125,V
3214,0.426330491605,0.77543138121,-0.540806606851,0.483395084815,B
3215,1.65203944937,-0.887319814636,-2.17453333781,1.28661777145,X
3216,1.01408518893,0.771958446614,0.391397552654,1.34960477211,R
3217,-0.268733296954,0.145778431561,1.14838487859,-0.0558591686879,G
3218,1.17460855008,0.611714412276,0.515178519961,-0.185847595552,K
3219,-2.40501866212,-0.160283329726,2.32208248639,-0.944042520795,E
3220,0.423191686836,0.0957867735118,-0.887767669303,-0.741621278186,F
3221,-1.24207952376,0.371923550534,0.16677714031,1.0104893326,J
3222,1.2934718078,1.14453036376,-1.4812669881,-0.441601572264,D
3223,-1.12685300658,-1.03722648479,-0.239714171379,1.17321878409,Q
3224,-1.0622089135,1.19226182583,-0.77544757706,-1.22501175108,P
3225,-0.372656417204,-0.485827702989,0.534654941088,-1.21224456369,C
3226,-0.020036253405,-1.33303514247,2.18945039442,-0.24919015118,Q
3227,-0.577762744277,-0.389902047992,0.488137595884,0.626000837653,X
3228,-0.766540645184,0.713716560555,-1.01825632674,1.88936116726,S
3229,-1.73870003681,-0.336053519267,-0.992538495353,1.42120418055,N
3230,-0.568215850256,-1.84814384541,0.863834662405,1.32228142724,Y
3231,1.32185817098,1.00887344786,0.254607528649,-1.34209930073,N
3232,-1.44311819447,0.240571274358,0.792943937286,0.0736683310364,G
3233,0.440871905275,1.12257403393,-0.755518791048,-0.716928210258,I
3234,1.51509585736,1.33547436495,-0.910115691199,0.0511775765034,L
3235,2.02357956321,1.09680739934,-1.3481784049,0.264341887714,Q
3236,-0.361315167468,1.01065213956,2.55387890981,-0.0895751091802,Q
3237,-0.994547758775,-0.457568170876,2.21848280827,-1.2782514738,Q
3238,0.132032388144,-1.3051371475,-0.536163371291,-1.28005533132,U
3239,1.16176432633,0.818181671369,0.0151191881992,0.283321533309,P
3240,-1.03942080599,1.13451743559,-2.22579019681,0.0592040052355,W
3241,-0.867388839047,0.398072218402,2.05379725736,0.734562840374,H
3242,1.45300175913,0.569163454607,0.198247662356,0.46520554845,G
3243,-0.0954282988118,0.428386420293,-0.405097533928,-1.39724911033,1
3244,-1.17327031236,0.159077812036,1.9276511382,-0.210691347031,2
3245,1.04396635963,-0.104110599839,-0.249275629159,-0.0207793012098,O
3246,0.280528850972,1.60109135858,0.561331365945,0.868630989409,G
3247,-0.659952829242,-2.30316016277,0.248001069221,0.942725735947,X
3248,0.790583884393,-0.983115534038,0.874530999569,0.809282002383,K
3249,-1.17591092941,2.15198696697,-0.0809277136982,-0.431623621004,2
3250,-0.261109738898,-0.516069628221,1.13538791735,-0.761319800575,S
3251,0.703423839947,0.449614099105,-1.593578247,-1.15539989748,T
3252,1.11645041825,-0.274068941169,-0.0297477874901,-0.433413276523,M
3253,-0.357308670313,-0.529398311787,0.205417525617,0.108428490163,A
3254,0.423229026993,2.08909611309,0.923674782142,1.50272651831,I
3255,0.217126083205,1.28236141456,-0.978428564074,0.263613449525,V
3256,-0.443397941574,0.676989997986,0.638588633657,-0.873794918749,H
3257,1.00534200238,0.682462254711,1.20027333585,0.193455111389,K
3258,1.37620985675,1.14804621775,-1.19493291425,-0.0246510549904,C
3259,0.745346522906,-0.886025029683,-0.437063213681,2.12474074181,Z
3260,0.620059226462,-1.3714426877,0.722629755468,1.63796007884,L
3261,0.00630699376911,-1.33134152729,0.0649616494499,-0.572398251742,E
3262,-0.198477349779,0.684455814174,-0.147475221075,0.581648940506,S
3263,0.681178436604,0.283488752572,-0.20125716997,-0.837272455076,9
3264,-3.72686372556,2.15263217662,0.986711235344,-1.27395629167,Z
3265,1.23296534957,-0.872075211571,1.12573394106,-1.26969198429,O
3266,1.68071777569,-0.795061674656,0.429541561971,0.907959685749,Y
3267,0.0126033461146,-0.559557999613,1.17009301533,-0.755084321136,1
3268,0.478687852114,-0.923803097176,-1.62141331544,1.12210892346,O
3269,0.654912901411,0.0515714367429,2.0161479636,0.652618167303,Q
3270,-0.840524554435,-0.155627932446,0.992245693988,0.818994762669,G
3271,0.167651456358,-0.126483159859,-0.2159230909,-0.551816953755,Q
3272,-1.69486905349,-0.251793821628,0.643791694262,1.05148438879,J
3273,1.15891064075,1.19204131316,-0.474725241124,-1.1885329973,Z
3274,-0.359609404441,-0.742869703536,-1.43423198616,-0.412530336918,T
3275,0.527893710782,0.0840680255476,2.36852964741,-0.00302369910935,U
3276,0.388307345228,0.969655421373,-0.16239111452,-0.256349189716,O
3277,-0.270080229648,-1.25575148996,-0.356178529128,1.23140641525,P
3278,0.0820128039793,-0.523347238177,-0.29892608064,-2.25924648718,Y
3279,-1.40152899868,0.293567238208,0.915068680577,-0.697823682964,G
3280,-0.34203915437,0.204837022753,0.965391319534,0.21957721666,J
3281,1.58845583063,-0.269371964148,-0.298398891617,-0.0173215631696,B
3282,0.367102716772,-0.208086567685,-0.251701415964,-0.522192758844,S
3283,0.197511460601,-0.502179218169,-1.73685418123,1.23451645845,X
3284,1.55252757473,-1.33235367105,-0.227917886077,-0.817040668057,S
3285,0.304381622491,1.40660303091,0.373171731372,0.446836979475,C
3286,-1.40555861862,-0.701879470135,1.7938014939,-0.370494730707,Y
3287,-0.290145817461,0.466116593833,1.01992419248,-0.0913182440873,X
3288,-0.0461043106532,0.873557369774,0.660301204101,0.463093389561,Q
3289,-1.57701158808,-2.11928449832,1.8056211286,-0.283501178844,O
3290,0.34037236652,0.382560935847,0.000310750462007,0.452416589048,4
3291,1.61748513305,0.325101331381,-0.56004210719,0.944086448958,K
3292,0.268348057071,-0.373019728317,0.433140418073,-0.868285773218,N
3293,0.599410556722,-1.05300636777,-0.0612465004706,0.890921720842,P
3294,-1.76732355314,0.564682563134,-0.274611661673,-0.174666490025,4
3295,0.00758863980265,1.50644674792,1.90347761211,0.416104168602,Z
3296,-0.109962464506,-0.92011662808,1.82319172674,-1.42793478629,2
3297,0.645940278964,0.441283164828,0.724278886156,0.72679455762,1
3298,1.18991277757,-0.453600708269,1.20712924318,-0.241784995613,Z
3299,1.20958260767,0.65135204117,0.384909738967,0.560129899922,B
3300,-0.835033146253,0.186814148387,0.0994207791387,-0.540764053646,R
3301,0.923118167978,-1.34952513551,1.98628884937,1.09994393543,8
3302,-0.169421148516,1.09333515534,-0.0476520705247,-0.0857051252725,K
3303,-0.367094822957,-0.764236642365,0.525876450542,0.358030321448,5
3304,-1.1500069318,0.824940600187,-0.871590899842,0.058123757859,X
3305,1.49739986205,-0.819334159838,0.0173922939101,-0.0373138831218,O
3306,-0.317808432798,1.23565305224,0.129119462254,-0.750614454962,B
3307,0.89532447686,1.73828940595,-0.789496165367,1.56141462002,9
3308,-2.32337594373,-0.0864840810099,-0.937811232637,0.975500070851,B
3309,0.749856964401,-1.46987067396,2.67443377359,-0.835017756629,9
3310,-0.631610955098,-0.828862135897,-0.120593931393,-1.00073677846,N
3311,-0.722216454,-0.507615853758,0.252700306067,-0.196934531941,R
3312,-1.12139973048,-0.830073503932,-1.55615056655,1.3721124891,6
3313,1.25533425487,-0.09154850985,-1.09204964199,1.43161043377,1
3314,-2.088979558,-1.03384018998,-0.175709666863,-0.0449589141002,3
3315,-0.593835822312,-0.125592399728,-0.148472855001,0.824293452333,F
3316,-0.853371415484,-1.05039203696,-1.63655218727,-0.531499124856,U
3317,0.184960336992,0.724280895102,-1.30361378129,0.0427831967716,C
3318,-0.234229356882,-2.15677620777,0.665154262535,0.652184895711,X
3319,-0.54299503992,0.391323100562,-0.623618972537,-0.638090845749,J
3320,1.03698614841,0.499677025358,1.1483637071,-0.467138973178,A
3321,0.76271339487,-0.337945754488,-0.2394130161,-0.662794634356,F
3322,0.749977252066,0.712538194104,1.00191689839,-0.996523167443,H
3323,0.171084490966,-0.255490209155,0.10204825688,-0.316482514731,A
3324,1.93252529985,0.246312840195,-0.141026811591,-0.530162228416,G
3325,-1.05774509068,-0.974924406809,-0.138163668084,0.50749427439,L
3326,1.45092529268,-0.757698387582,-0.0953520457199,-0.783242478344,L
3327,-0.85149196031,0.531830081401,-0.000884832874349,1.09008844783,M
3328,-1.45522992648,-1.65130642134,0.176941162469,0.872048144356,Q
3329,1.61492737297,-1.21321204424,-0.481253085157,-0.417013545521,X
3330,-0.0844707071002,-0.277350251414,1.45142975013,0.084764073742,A
3331,-0.5181126395,0.226027523031,-0.511796004744,-0.919189801343,B
3332,-0.972865815785,1.00420510815,0.120233141304,0.0420245997512,Z
3333,2.83389146282,-2.10126036599,-0.429481838014,-0.463515049932,V
3334,-0.128270349801,-0.543379557898,-0.221872914332,-1.02900699991,Q
3335,1.2479672656,0.12885030993,-1.5591854335,0.0442225359338,N
3336,0.273832207653,0.522074012213,-0.308342079956,2.69927626674,T
3337,0.702012139939,0.711724433547,1.16333553945,0.296342565636,8
3338,-1.01616433854,-0.354133698994,0.344964062178,-0.991717145794,K
3339,1.06324882728,-1.60978016501,1.58545234186,0.266229477001,K
3340,-0.345091855756,-1.7837325519,0.99536338098,-0.133127352441,K
3341,0.58027291123,0.858169734642,-0.411593834311,0.237032769553,P
3342,0.242251380141,-0.0145725002239,-0.546432249808,0.329856322069,Z
3343,0.399690118727,1.88321678065,-0.567522295935,0.406623115363,1
3344,-0.388245285516,1.91955177908,-0.905066936826,0.678331150429,O
3345,0.533743889572,1.90674601442,0.543798074993,-1.30882802925,J
3346,-0.978300644853,-0.936582646346,0.0904091533885,-0.218279913589,B
3347,0.339442344569,-0.280249621951,-1.00701185586,-2.80808361019,Q
3348,-1.67040365215,0.0766646690072,1.29803020109,-0.763384229448,N
3349,0.673709173872,1.49274874214,0.54797402281,-0.21453004323,J
3350,-0.860414392152,-1.05417317622,-0.213906071213,2.00459404389,1
3351,-0.697103088091,0.482458727851,-0.618269289508,0.46832546042,B
3352,-1.595699258,0.747178514991,0.439321734363,0.375915183795,Z
3353,0.640864163329,-0.928822634893,0.139355578476,-0.740331951841,T
3354,0.504642371483,0.0813011615781,-0.524630774609,0.122069394944,3
3355,-1.56057635517,-1.40874130154,0.544640810174,0.939580399542,K
3356,0.876947072215,0.969391778742,-1.06937456045,0.173287156582,B
3357,-0.99574766653,-0.962385194582,1.25743132987,-0.631645560594,8
3358,0.500235549767,-0.891189447424,0.463303711582,-0.39450123141,O
3359,-2.68733452364,-0.240996973166,-0.588066956412,-0.355681965761,L
3360,1.11229192519,-0.0268625158011,-0.144076658429,0.364360511234,3
3361,0.236182901499,0.113043321335,-1.38045374982,0.0287923325092,V
3362,-1.09349419073,-0.94656249728,0.149382352342,-0.190454424156,L
3363,0.676450248634,0.904576346819,0.854621267822,0.323596422009,R
3364,1.84171173892,0.439631156345,-1.26512150935,-0.7130287437,E
3365,-1.12860527791,-0.498973014223,-0.0799628298771,0.176692485018,6
3366,0.767857131539,-0.511653489057,-2.18141435994,-0.225151027299,J
3367,2.21922339462,-1.50715786572,0.901498948231,0.474151148398,F
3368,-0.0304388705899,0.912498133079,1.78049729509,0.437121618886,V
3369,1.03866081951,-0.390588986449,1.52163398484,1.43129877901,W
3370,-0.562847699886,0.630243211028,-0.055076707411,-2.03174199858,R
3371,-0.838190893841,1.91050059234,1.78492448135,-0.128931948702,U
3372,0.289629648945,1.53067290722,-1.67807010088,1.18281868986,Q
3373,-0.458333386443,1.22967156917,-0.038086863698,0.961370489165,H
3374,0.607270919702,-1.16172766879,1.128580891,0.477947174106,6
3375,1.13675096117,-0.617244498209,-0.103224928341,1.27397470921,5
3376,-0.499357001246,0.0824176514851,0.886325430417,-0.889349932532,S
3377,-0.0530786331086,-0.431909164702,-0.819709901449,-0.184382551556,R
3378,0.554388857689,-3.41544808181,-1.00800794735,0.0956364361786,P
3379,-0.437517905883,1.41621800826,-1.22369560488,-0.983090516508,C
3380,-0.562207056126,0.26643240258,0.282217485754,-0.572416652579,A
3381,0.282379064814,0.261255125512,0.38970012658,-1.35030545437,I
3382,1.03683079029,0.417989492642,-0.203445978253,0.483798676157,3
3383,-0.468093396047,0.346607093628,-1.77374773202,0.778592939632,K
3384,0.439716272699,-0.543873067464,0.113143588946,-0.889963518532,N
3385,-1.37494706434,1.85812561095,0.670141349612,1.64345039722,G
3386,-0.854070607979,0.0151225979044,0.606645377924,-0.924788887394,S
3387,-1.06491417838,-0.75226427386,0.635654031495,-0.847768533913,V
3388,0.328037718826,-2.20103509075,-0.640834771785,-0.762974021399,E
3389,-0.454491340371,-1.29681690578,2.02138698688,0.740482200426,E
3390,0.495932976806,-0.706393240953,0.515892204902,-1.66452889496,M
3391,1.01509811308,0.25448136615,0.284005106318,0.0846178898836,G
3392,1.11009050854,-1.07843735256,-0.415990547218,-2.49707209912,X
3393,-0.787877349072,0.0236297063864,0.7913470345,-0.153286527989,F
3394,0.0741205418627,2.94673670796,0.432237323415,-1.32222208221,N
3395,0.35342855129,-0.247717312554,0.0270991093519,-0.8727517262,X
3396,1.22420513996,0.710345339979,0.406203541908,1.36239436326,7
3397,-0.350708061042,-2.26332804205,0.280187557964,0.996977921218,Z
3398,0.207885888902,1.21936259874,0.120394429028,1.4164817797,K
3399,0.321767430171,0.997814544627,-0.141008953383,-0.214223069583,X
3400,-1.34352840794,-0.396485091799,-1.63834733693,-1.00633153068,I
3401,0.0223192577748,-0.704375089347,0.789894079467,-1.78064925419,E
3402,-1.53943926339,0.535849749487,1.97650932326,1.14605246914,M
3403,1.72177032018,0.110357738361,-1.42699106961,0.302452803603,D
3404,-0.122782703232,1.0179528959,-0.485182089307,-0.757532732116,R
3405,1.43788156947,0.462308988083,0.645183803592,-0.488187632764,G
3406,0.252518543508,-0.893763986209,-1.45102014416,-0.0375714708079,K
3407,1.42814001855,-0.307382228111,0.83523623261,0.318658934567,Q
3408,-0.653512584303,-0.826898221622,0.365600388917,-0.343441776258,F
3409,0.648526065008,0.382165727931,0.837119818479,2.05771302981,V
3410,-0.294030957524,1.86694743373,-2.42464104529,-0.594399243629,5
3411,0.546135512764,-1.1652909911,-0.0694930860228,0.839442562258,X
3412,0.0555903173585,0.460796082116,1.48077737332,-1.17394972208,C
3413,0.911487343891,0.336340804591,-0.890389890144,-0.131222395415,U
3414,-0.907505123734,-0.773818498491,0.12346139694,1.7238138304,W
3415,0.118950459723,0.898642337493,1.35942348119,-0.0251395016419,L
3416,-0.878654567323,-1.64017262638,-1.32403367272,1.13121059108,K
3417,-0.0195090687534,0.876112935533,-1.54975781181,1.65096516971,9
3418,-0.00394339077814,-0.100710552307,0.0893260410262,1.22039805412,X
3419,-0.047169296907,-0.834209871166,-1.41768037596,-0.992629006235,W
3420,1.40810880852,-1.29737317132,0.331663635673,0.227962745993,4
3421,-1.2548590158,0.379769430064,0.234047833903,-0.412161262918,5
3422,0.532226558002,-0.576430066769,0.43398252735,-1.03456633891,V
3423,-0.440185697792,-0.920559501068,-0.886908087445,-0.717393448213,V
3424,1.75584352847,0.583304752123,-0.0230017894854,-1.24022240905,C
3425,0.326275027406,1.11890023602,2.10019897659,-0.302665366483,W
3426,0.0248800828258,-0.717322432289,1.40819580332,0.961345834295,H
3427,-2.33818700445,1.44802661918,-1.88231862791,0.0909206150754,J
3428,-2.32939753655,0.226032598024,-0.359550306075,-0.5455516848,O
3429,-0.203604287816,-0.371016242329,-0.120284759296,-1.31681269188,1
3430,1.62664704134,0.296329948808,0.314340903553,-0.0317415498562,4
3431,1.91553837462,0.902880160713,0.408402965813,0.380035754502,J
3432,-1.09537790015,-1.43646233529,-0.136635738729,-0.0764722286529,W
3433,-1.58854993692,-0.192420492975,-0.125518628071,-0.116337654564,D
3434,0.677292248175,0.0215356207764,-1.54365114036,-0.254481873178,N
3435,0.146032559378,0.956711496135,-0.116032917948,-1.11825909448,3
3436,0.162938608377,-0.176831264211,-0.517488651292,-0.0864830176844,Z
3437,0.446003820737,1.42139105029,1.8642327115,-0.231943635664,F
3438,-0.766637482273,0.849321807088,-2.2714823531,0.0979413653458,0
3439,-2.21232557542,0.371240253681,0.0767079166135,0.579677915908,L
3440,0.449887859227,-0.382981989997,0.535168018616,-0.139049020421,M
3441,-0.22639148269,-0.360102264648,-0.256502694834,-0.591465556768,B
3442,0.731659744695,-1.8953074595,-0.977830033843,0.609794571862,R
3443,0.0931606166309,-0.941322320321,0.948940099357,0.907185151192,M
3444,-0.473135155994,-0.1540750458,-1.01919773462,0.46338232721,R
3445,-0.360482350751,1.12928193,-0.520626158038,-0.583512350911,F
3446,0.398427752894,0.931626627109,0.126570487381,-0.359562151167,O
3447,0.0564556589296,0.94288979243,0.4874905816,-0.32511113966,Q
3448,0.919765871956,1.27189320756,0.325628696606,1.43833768786,Z
3449,0.826459617836,-0.25257759857,-0.935144634831,1.41416706578,D
3450,0.239816750433,0.200545908818,0.676697575328,0.3592047039,0
3451,1.00425814123,0.137819747451,0.340929542235,-0.534090208875,D
3452,-0.0229073465848,-1.52309532595,0.641033356976,-0.104280827356,O
3453,2.4553294856,-0.190568706751,0.302308755128,-0.480748487426,1
3454,-1.152558702,-1.85773366532,0.187128405436,-1.99597450275,K
3455,-1.5768358269,-1.95803125115,-0.140601892229,0.632314680729,J
3456,0.426067806495,-0.167195260612,-1.07538196693,-1.09232824787,P
3457,-0.716211974377,1.01534940901,0.488514171093,-0.6992617504,X
3458,-1.1598671543,-0.775871164631,0.605492118368,-0.297011919996,H
3459,-0.0882782310477,-0.206925043349,0.104637765647,0.87542263029,S
3460,-0.610495420468,0.557744325186,0.931148741404,0.436779495531,S
3461,0.379393939959,-1.31754650069,0.00140961496578,0.96985594288,E
3462,0.864210601103,1.51959270512,1.2602381929,0.654337294173,G
3463,1.35042386322,0.345149395659,-0.829000624479,0.185953000235,V
3464,0.956002398058,0.566695204857,1.15097765137,-0.360039348231,A
3465,-1.01271561372,-1.02089482455,0.650649332577,-1.21644042254,D
3466,-1.08723895963,-0.949828161359,-0.645357741883,-0.859970423632,P
3467,1.61426399023,0.488728492246,2.35284924877,0.268150788043,K
3468,0.662645364559,-0.887112505745,0.476253176239,0.0604539992241,E
3469,0.00581733342224,-2.76375520888,-1.30054320118,0.542560717341,0
3470,0.763452968026,0.438033043611,-1.23117308352,0.806291070585,S
3471,0.0248338278421,1.11800758559,1.7370337438,-0.374937943514,Q
3472,-0.355464724764,-1.07655406598,0.96589934481,0.659140527992,5
3473,-0.74518760691,-0.782876983092,-1.2584832296,-1.05593621566,V
3474,0.202093188944,-1.28208773942,-0.779934818834,1.44364991599,O
3475,0.760750512349,0.0220584686976,-0.351377425527,0.211099278376,5
3476,0.557157571393,-1.87664885531,-1.43015225415,-1.65496850295,C
3477,1.31963869033,-0.215069650367,-0.362025126756,0.518274727985,O
3478,-2.28647075909,0.411293577858,-1.53916240694,-0.0914176934627,N
3479,-0.573243668227,-0.422649981043,1.46408364419,0.542438619748,Z
3480,-0.55759050633,-0.698957716726,-0.993514769196,0.0759295578585,X
3481,1.33450280232,0.51301671119,-0.587333955623,-0.251175850978,T
3482,-1.49677491659,0.744357087817,-0.482187240495,-1.30800591706,Q
3483,-1.17452662221,0.387195589984,-1.71853862967,-1.28141022865,4
3484,-0.675109833043,1.19326561206,0.997501924819,-0.521572741003,C
3485,0.157038349596,-1.61630838977,-0.903543566356,0.350487107514,D
3486,-0.130342012064,-0.80397169943,-0.113091442772,-0.381548987444,K
3487,-1.34876562152,0.714155966661,0.0434317396693,-0.05786274716,V
3488,0.760157458407,-0.318976319748,0.433242506698,-0.439731006754,V
3489,-0.526895796936,-1.08364487888,-0.161763453781,0.660052577321,F
3490,-0.461581875405,-1.05073081656,-0.426426617924,0.887175023523,L
3491,-0.222515257586,0.753492078298,-0.409288872365,-0.295382020178,B
3492,0.721114129926,1.01171595253,-0.271546139347,1.21177601187,H
3493,1.12135600853,0.468571303309,-0.336326278748,0.0786054495786,P
3494,0.164942302327,-0.266020553863,-2.14393727282,-2.11347073409,F
3495,1.34582221279,2.363194536,-1.40556763539,2.59980012504,W
3496,0.173217293679,-0.116328659231,0.373465620635,0.381805231146,T
3497,-0.289274079692,1.43935233765,-0.799853033499,-1.20854339236,V
3498,1.09400792323,0.049683461924,-1.44582026124,0.54020866487,P
3499,0.290745099581,0.590175351162,0.895260240084,-0.0255184294724,O
3500,-0.264040070601,-1.20405142085,0.504198843251,0.602873258819,J
3501,2.02758398889,-0.0975764987238,-0.44568920093,1.96501777344,F
3502,1.34257307405,1.23139980051,1.72325729019,1.33221620567,3
3503,1.53604235709,1.58526435383,0.904740054914,0.972696763647,2
3504,-0.494592694128,0.00841829950128,1.51264658499,-0.114530825559,U
3505,0.796604424508,0.242222970311,-0.381732463187,-0.0061868522974,K
3506,-0.103387973006,0.690856569055,-0.217870281818,-0.399363176723,Z
3507,-1.055039179,1.26349828146,-0.294832615343,-0.131289713245,Y
3508,0.769964218459,-0.077620842945,-1.56905718062,1.75986614729,B
3509,-0.38048180046,-0.444606035908,-0.959612675019,0.375137657139,G
3510,0.343651826068,1.65349651861,0.361989871334,1.41352143336,Y
3511,-1.03716945797,0.466150540788,-0.483780259262,1.75466268238,E
3512,-1.37065976358,-0.0666614534728,0.780668543488,-0.341960144064,V
3513,-1.21895291966,-1.18545421346,-0.313376693344,0.509476841755,L
3514,0.32065739782,-2.37113525461,1.32758927225,-1.32668776082,W
3515,-0.0213784655609,-0.062101449849,0.573616579247,-0.603958067001,Z
3516,0.703793274237,0.0942090900064,0.212398830103,-0.698489941514,C
3517,0.126526890866,-0.597758058424,0.772461830038,0.406615119685,K
3518,0.47291713682,-0.828901504522,-0.236531944139,1.13817993646,L
3519,-0.903719219671,-1.37777727709,-1.8441900683,-0.472677417323,Z
3520,1.02434428182,-0.450260593235,-0.683783461487,-0.661728619468,L
3521,0.127562373998,0.164954534788,0.302059134943,-0.774068740856,6
3522,1.11430950795,0.0405451436899,-1.94560480062,-0.051612735138,9
3523,-1.10512139069,2.33019862975,-1.632063769,-0.64205644547,Q
3524,-0.638923156693,2.08778360298,-0.664266873688,1.27975890117,U
3525,0.394658235781,-1.41518093447,0.909132595548,-1.03002663758,K
3526,0.229628659311,1.2214494688,0.267325253875,1.54696487169,W
3527,-0.754185676927,-1.42834340554,1.64293143918,1.2988582937,N
3528,0.276273761718,0.759065379096,-0.779599533024,0.224756024803,J
3529,0.701377406387,0.12016209526,1.43200656513,-0.151164008576,B
3530,-0.595784982731,-1.44838128717,-1.43480865047,-1.8786321848,C
3531,0.500948697905,0.0705001032279,-0.443116787062,0.457912429478,R
3532,0.859546396113,2.78597107686,-0.532928794639,-1.13682821581,I
3533,0.711861098639,0.00273640226251,-0.400844152141,0.551365228914,J
3534,-1.44506248283,-0.611055479629,-0.322966946617,0.54738361468,G
3535,0.954099726062,-1.25736008385,1.00890258372,-0.906557894159,Y
3536,-0.833364012238,1.0406937031,1.19796801517,-1.3129231091,9
3537,-1.29261411516,0.276692468154,-1.05074080457,1.53401268267,S
3538,-1.01376004699,-0.0665722579385,-0.620853922909,0.730213584512,M
3539,-0.97616887528,-0.974598183313,-2.19737016739,1.8523709141,E
3540,-1.32972968472,1.08533137785,1.98057404207,1.17684100975,V
3541,-0.218698468277,0.0846662862322,-0.173542400081,-0.651511227568,4
3542,-1.98299142137,1.64359853045,1.46859789992,1.51674179275,U
3543,1.16488438917,0.0207641547176,-0.533329246529,-1.14503459564,L
3544,-1.49179906211,0.00756441213769,0.616604667771,-1.03741379671,5
3545,-0.996030372591,0.137300541492,1.73178153808,0.175898039776,I
3546,0.30386104738,-1.05266161509,-0.970054546841,-0.785081314528,L
3547,-1.0013319354,0.0171807790538,1.78241016157,-1.19056781967,Y
3548,-0.336102391466,-0.821629065309,-0.62618517135,0.571428907549,P
3549,0.422549798973,0.500042040825,0.513455808678,0.488155853567,F
3550,1.86787067037,1.4845820321,-1.35744289817,-2.62663711933,2
3551,2.00516672617,-0.685621936559,-1.56103048138,0.182441223881,F
3552,0.597000248932,0.22270846446,0.305167804049,-0.0805328901916,B
3553,-0.508773249441,1.02173424726,1.10864419183,0.943291270943,T
3554,-1.17902006177,0.0363309270846,1.04283678364,1.0882222048,U
3555,0.951402041644,-0.307577808863,-0.368335406758,0.251812938517,Y
3556,1.21833862783,0.713224474064,-1.29350675867,-0.760256789836,D
3557,-0.637574912267,0.26430508117,-1.31830080924,-0.356750794756,Q
3558,-0.27995191575,-0.48078795117,0.570095362591,0.0642803216313,C
3559,0.0701601952182,1.67139199387,-0.799068307941,1.15237521915,X
3560,0.765127419982,1.03266114891,0.20223758582,-0.111697075821,R
3561,-0.164872077134,-0.20505213879,-1.35280785366,1.07098723558,6
3562,-0.921248785596,0.130183091856,-0.494699786632,1.20031965974,S
3563,-0.772597691428,0.971765757827,-1.17280715891,-0.629113714662,Y
3564,-1.1680476192,-0.763391523445,-1.10101726786,-1.2252818223,G
3565,-0.487140834685,-1.57001419911,2.02370105914,0.942097604306,Z
3566,-0.960109537535,-0.599788708126,-0.420131232746,-1.06030457269,K
3567,1.14577395971,0.271638101868,0.158536461126,-0.138008496423,H
3568,-0.193084172498,0.966615598408,-1.28847490105,-0.604217202991,D
3569,-0.32850330582,0.848667855713,-0.0465495757159,-0.34978376267,L
3570,-0.350641166323,0.682651801838,1.21311000355,-0.422607458982,C
3571,1.62355806957,-0.389625926884,2.02048547686,-0.204084789532,N
3572,-0.281836288141,0.799263959008,-0.0336468325356,0.0417077579466,7
3573,-1.37962724985,-1.12480709842,0.0765727947042,-0.908952629489,H
3574,-0.481684847988,1.31709990956,-0.913979033311,-0.677304004251,5
3575,0.574355859415,-0.732227953104,-0.158524395444,-1.79488993722,V
3576,-0.556245520489,-0.972948130828,-0.358833604218,-0.229476947367,4
3577,-0.66214197248,-0.182813043716,0.328314602924,2.25219423183,C
3578,-0.209264365144,1.11609716094,-0.839968459552,0.4917501115,N
3579,0.412336945722,-0.46401227835,0.112052135657,0.829024115073,J
3580,-0.292731179187,0.152551896658,0.17142074717,-1.67651412448,1
3581,-0.810217142812,1.70764467309,-0.29562259442,0.205511313282,0
3582,0.443111229087,0.546865887965,-0.815407176367,-0.814718294187,8
3583,0.421462014369,-0.836823207563,1.42580423759,0.0523787733167,I
3584,-0.761552831379,-2.15348119654,-1.24191736203,-1.00006613764,I
3585,-1.74084323204,-1.61840533097,-0.206716811748,0.0885236732286,H
3586,0.862218665973,-1.02809105415,0.132115501033,0.920400144314,P
3587,1.15134711632,0.109755691825,-0.987296792559,0.763409498777,V
3588,-0.910334540236,-0.982107231739,0.4902264385,0.643449468038,B
3589,0.761674334864,-0.617405895191,-1.65258477842,1.8755176619,A
3590,-0.994851042536,-0.10349657939,-1.57733488725,-0.537262764861,D
3591,0.41050036481,2.35197116378,-0.97447979132,0.163615325464,D
3592,0.36384323618,-0.331078602072,0.00841093443977,-1.8089522996,Y
3593,-0.726562578488,-0.26114074372,0.243103290471,0.142010741304,W
3594,-1.01093123725,1.01473905996,-0.925784490381,-0.869490578157,E
3595,0.938798717736,0.421109969898,-0.105712068891,-0.563259551723,M
3596,-0.639066820623,-1.28946905741,1.12461840654,0.608780169403,S
3597,0.853379697811,-0.51483754096,0.0973156399369,-0.29752252718,I
3598,0.94774937481,0.259260159951,0.549507330206,-2.63681423282,7
3599,1.90534954455,-0.0120548434312,2.43179146247,1.23799691129,N
3600,-0.516668359351,-1.80923618898,0.416144059504,-2.28058797373,S
3601,1.02777951126,-0.0274045926422,-0.564503030393,-0.119946714041,8
3602,1.55120387297,0.466685124976,-0.641259955201,-0.18174401076,2
3603,0.926318464366,0.927290601245,0.117345511973,0.68985159387,0
3604,-0.632273080236,0.324688408795,0.298192933386,-1.0172733559,U
3605,-0.0158740950265,0.788400793745,0.638824670639,0.372047899762,E
3606,-0.010017321895,-0.32695451286,-0.31823590213,1.04604419541,M
3607,-0.634580292563,-0.522507979102,0.0685666156492,-0.884559531219,5
3608,2.05065268465,-1.18154915066,-0.533822033696,-2.12531292737,M
3609,-0.908868231614,-0.793014142453,-0.335109038577,0.0374922559769,W
3610,1.2241099505,0.958274145663,1.32975751534,-0.253768391221,C
3611,1.71814352165,-0.648634472817,0.1424226142,-0.403444926023,R
3612,-0.533004856114,-0.214491349788,-0.235922689724,0.9149299398,P
3613,-1.39075910696,0.211406286469,0.590674181073,0.0832624575212,G
3614,-0.928091152254,0.70195625048,1.03917784458,-0.762259190043,V
3615,0.72867183608,-0.383445985935,-0.562925808581,0.423290394881,W
3616,0.370023897628,0.0320204251703,-1.26304989909,-0.661189728673,O
3617,-0.174517541449,-0.253561303185,1.36344112483,-0.352336950599,Q
3618,-1.46212349337,-1.02408033265,0.516048048624,-0.274181111882,5
3619,0.149626247552,-1.25849281879,-3.14701156647,0.64737731324,9
3620,0.718572411262,0.122686536106,-0.264683241279,-0.0124673163138,H
3621,-0.583261123227,1.86609585372,-1.29196176134,0.501720480034,6
3622,-0.215772191528,0.0962581533943,0.500505854044,1.26603239651,C
3623,-2.00888695665,-0.463262449711,0.235280097167,1.5763809331,Q
3624,-0.389030855657,0.756333089626,-0.7271883968,-0.241930389347,P
3625,0.0947555661679,1.44339510027,0.421278686475,0.521303731115,J
3626,0.2113972845,-1.09106242295,-0.885884935981,-1.17421052926,M
3627,0.86797079808,0.0598448838376,2.11767405721,-0.275678335507,J
3628,-0.689219615703,-0.498567456429,-0.75448693175,0.249617849825,N
3629,-1.42231259979,-0.799299043152,-0.81816832882,0.175178717878,6
3630,0.12105782063,-1.39175755391,0.540613703281,0.610207516437,A
3631,0.320296932058,2.23958793722,-1.14674139894,-0.510207686705,H
3632,-0.690141911162,0.491000756184,1.05833166104,-0.00898897852961,D
3633,-0.521702563056,-2.2992284354,1.04297429809,0.0224880517746,Z
3634,0.255020814038,0.547389566602,-0.590398411856,1.0408746278,5
3635,1.17362315346,-1.47036633704,0.391081992179,2.61473306864,F
3636,0.408012033378,0.666054476474,-1.33205131558,-1.77327000572,T
3637,-0.40466508765,-1.82679566163,0.0510815643387,-0.38915532463,4
3638,1.31123318219,1.07163583275,-0.691517208418,-0.197166005505,G
3639,1.32948333693,-0.314181397961,1.1552500717,-0.310137704948,Q
3640,-1.33495964376,-1.37341691193,0.0212635301145,0.902418238064,6
3641,2.26828155848,-0.00732947160686,0.394682682766,-1.67980344276,U
3642,-0.304685066971,-1.35629610351,-1.62041924033,-0.569421791226,U
3643,-0.530817561108,0.800831462137,-2.27478067246,0.170541062213,6
3644,-0.00179986983782,-3.4653558453,-0.827826077789,1.43080821594,B
3645,-0.261444375509,1.48631429918,-1.03957864586,0.719062435257,Y
3646,0.62762234217,-0.46919389474,-0.101264239068,1.89167555183,Y
3647,-0.329298496659,0.0717152253405,0.479169387265,-1.0790751319,P
3648,-0.742764960953,0.759029529798,-1.11810900429,0.884686955416,J
3649,0.383763774827,1.11581944114,1.33311278763,0.371440405137,Q
3650,0.137338425346,-0.662399039657,1.7571400095,-0.909404566909,I
3651,-1.53960538842,-0.895458217211,-0.233274750243,2.66655612119,E
3652,0.0353039138924,-1.94248713729,1.24211758155,-0.184326342353,2
3653,0.182066404508,0.434355323079,-0.583836351776,0.616159546221,0
3654,-1.25990105329,-1.11409988744,0.283941450122,0.797891659445,B
3655,0.988201686454,-1.16336690726,0.115797150455,-0.048534985658,P
3656,0.236979548584,-1.60238488736,1.11837989374,-0.554615854672,W
3657,0.900937660768,0.716453965152,1.81187532375,-1.33070373795,0
3658,0.727674783924,-0.938173916416,0.479873744399,0.347832185007,I
3659,0.287110072224,-0.346400077377,-1.15967566037,1.04924310759,L
3660,-1.09946636266,0.356532775254,-0.167410152699,-1.17486770267,W
3661,2.1283707566,0.678285501341,-1.13497406993,0.492645207942,K
3662,-0.839113824688,-0.00629898159072,0.822816731551,-1.68470741455,Y
3663,0.883543016678,-1.08390836156,-0.0563487493394,0.571913010804,H
3664,0.394935659169,0.935667577549,0.401927372893,-0.0626312737887,V
3665,-1.23974059305,-1.06399123524,0.117355131206,0.529984300876,X
3666,-0.921698915115,2.01375842574,0.578415807888,-0.832472037503,E
3667,-0.438838985571,-1.68872582237,-0.772547963494,-1.13887365375,S
3668,0.367193623945,0.588573768007,0.63705434795,0.636911713473,Q
3669,-1.39824091937,0.701901911749,-1.6039740305,-0.00191015659499,E
3670,-0.759556384559,-1.76728167174,1.90306987097,-0.191658537688,V
3671,-0.0325374154026,0.924378833659,-0.148703780094,0.321012177688,E
3672,0.209908624091,1.62333189849,-1.14475403621,0.412215898863,X
3673,-0.457389497523,-0.117801477433,-0.32397183724,0.87981619223,C
3674,0.126167352241,-0.170581518245,-0.086927529729,1.42652676089,I
3675,1.38530572842,-1.47087255798,0.59369209983,-1.33194260542,P
3676,0.411997030112,-0.792781344662,1.11709531707,3.37295110815,E
3677,-0.794808010698,0.294574039582,-1.23511365799,-1.03851383432,V
3678,-0.400434824925,-0.0408743084732,-1.53988520595,1.30612484373,N
3679,0.0699993363635,0.856248596248,-0.599017277237,-0.766095044295,9
3680,0.480274367534,0.934570545918,-1.23317116217,-1.02728893157,Q
3681,0.169191485435,-0.24147182354,-0.199200577419,-0.42158335915,G
3682,-0.274242841274,1.46520620864,0.0983658151306,-0.166066319638,R
3683,0.350213524144,0.375084339419,-1.31954575896,-0.105641098649,9
3684,0.238529004497,0.37315459461,0.75596221298,-1.68183628998,9
3685,-0.222048141486,2.13619965929,0.197332538369,-0.539230303526,V
3686,0.375308784071,1.16542736895,-1.35745312889,0.612016863226,Z
3687,-0.463572516619,1.76608711618,0.455837038526,0.255511649762,K
3688,0.279987620365,0.420717170016,0.805524014081,-0.755125227341,X
3689,0.930874248303,0.0606505882541,1.62367108664,0.0860153472264,B
3690,-0.292948973947,-0.880245087659,-0.58117838012,0.654814808604,U
3691,-0.204133216404,0.333148655006,0.406851809035,-1.16939138914,6
3692,-0.242473906162,0.331982023684,0.290742328485,-0.278749501439,M
3693,0.145993094168,1.9304475604,1.72013936155,1.37752246006,Q
3694,-0.617593289332,-1.61459102215,0.016190729139,-0.604622352054,5
3695,0.922978305801,-1.29205533331,-1.35199744332,0.283805565248,B
3696,-0.928138328936,0.852961137271,0.0244439954446,2.34055255809,Y
3697,-0.821975954987,0.817373988272,0.451824760042,-1.5700276798,G
3698,1.32173710851,-0.400620518794,-0.807798064685,1.01563144261,Y
3699,0.711289457197,0.923190427705,-0.455170176161,1.06781436898,E
3700,-0.0473042822119,1.39417991714,2.34460962441,-0.0023966537126,E
3701,-1.68833560877,-0.34635181462,0.425520384037,-0.224832006719,3
3702,0.160532758569,-0.687899003181,-1.42119553711,-0.272782612488,9
3703,-1.06680985591,1.25993735104,-0.206259375156,-0.970698643303,V
3704,0.745745145667,0.218009162287,-1.16438909867,0.998143664553,2
3705,-1.11369373771,1.71432477317,0.0812320103556,-0.774843957654,B
3706,0.836288834404,-0.640711544732,0.214117823982,0.672352803796,J
3707,-1.25373252201,1.75515388592,1.00968391267,0.813606878515,O
3708,0.688122013016,0.107562816071,1.26869029345,1.58572469791,P
3709,-1.0009468033,0.543779192221,1.70153691822,-0.824417749374,Z
3710,0.259233095573,0.384970064867,0.623987326179,-2.26782692831,F
3711,0.681097356909,1.81924389122,0.669091092328,-1.13871377546,Z
3712,0.0795039851048,-0.515797218581,0.0340167738489,0.533996611324,E
3713,0.408100718791,0.314262768717,-2.7008336357,0.8859132187,N
3714,-1.04382757147,-0.659637977971,-0.383559155064,3.06084605348,C
3715,-0.559462647597,0.347588219136,-1.73081163024,0.51756309002,M
3716,0.980145396606,1.3943268393,-1.45622420078,0.791639097546,C
3717,-0.723501045729,2.55827129575,-0.850818278873,-0.475866884991,V
3718,0.100228489579,-0.570544048368,-0.00256505707677,-2.14829278736,W
3719,-2.00615363112,1.06267593795,0.56906021752,0.418153033207,U
3720,1.69852127828,-0.877714779877,2.72960265078,1.44346405127,P
3721,0.151382624623,-0.519385612794,0.389304096496,-0.481319320882,E
3722,0.945800588359,0.619985495344,2.09055348836,-0.437160156717,N
3723,-0.921652202904,0.748417609237,-1.99396792327,-0.438938179369,O
3724,1.93629465427,1.16277968735,-2.15459014518,0.718838726399,8
3725,1.55096996594,0.188206649625,-0.850501609279,-0.990649082908,F
3726,0.482061362676,-0.204229296934,-0.500644028219,0.319990573079,G
3727,0.223549309464,-0.195633062902,-1.18184207473,0.874798163863,A
3728,0.152340481812,-1.23936177911,-0.572878483917,2.02312146268,L
3729,0.364105113863,0.911929576062,-0.0565181763893,-0.468410058252,Y
3730,-0.76629382399,-0.268946105462,0.72287957043,-0.744594427195,L
3731,0.769704932653,-1.63963520121,0.49883531679,-0.237019181977,8
3732,-2.18986993218,0.334059256748,-0.248977380577,-0.303729944929,3
3733,-1.21916745213,-0.0941635031273,-0.759448590448,-0.373387208339,R
3734,-1.33130261999,0.159015019349,0.488239986316,-0.421206185344,P
3735,5.66223950651e-05,1.47588379362,-0.493882954239,-1.34734418967,B
3736,0.427966081718,-0.46214280229,2.54893104406,-0.643161909124,D
3737,0.326544941745,-0.360347945999,-1.71274713701,-1.03105326798,C
3738,-0.85799476887,0.301968676798,-1.46687613655,0.306274571171,S
3739,-1.09745814607,0.394401226267,-1.25529302567,-0.439218073891,H
3740,0.172591073062,-0.264389854116,-1.4983040704,-0.0724826418581,J
3741,-0.537247253004,0.98716575092,-0.415319198617,-0.91104583769,Q
3742,0.736183451939,0.215746005899,-0.396431235406,-0.0117007054873,W
3743,-1.91678390826,-1.35673032742,0.109771433938,-1.22650908046,Q
3744,-0.583047285811,1.13782871975,-0.592200591531,0.409020223143,D
3745,-0.377472167522,0.867823616265,0.14636073339,0.649429871836,F
3746,-0.669547665812,0.118215338219,-1.47648593903,0.535221716864,N
3747,0.94305029621,-2.48024260876,0.571788750306,-1.37133136033,C
3748,-0.556300424355,2.47179482559,0.387172042862,-0.374153804257,X
3749,1.12951868617,0.415313347837,-0.0370965086442,-0.150884904396,W
3750,-1.60041251525,0.159826095085,0.150359408882,0.0880602196173,M
3751,-0.792301914625,-0.76524690822,-1.02191016877,-2.05883831483,E
3752,0.492471995323,1.07503848839,0.85528879451,-0.0210789627351,1
3753,-1.0371043808,0.431853941696,2.73007053165,0.452413048807,R
3754,0.486590504702,0.122527086827,1.38833975452,0.014269667216,W
3755,0.0316208497834,0.222669440668,3.02527302239,0.412352352536,C
3756,-0.516121355321,0.433223672609,-1.82153673285,0.666071365629,L
3757,-0.127360692927,-1.41909321855,0.364285103981,0.709469209782,L
3758,1.28661958577,-1.32458630079,0.498088685367,0.00187521138031,Q
3759,0.941217850379,0.937460704898,0.993775149075,-1.54101090001,4
3760,0.140539288686,-0.675597555628,-0.0505261131976,-0.392512773928,H
3761,1.10081124131,-0.0718888144294,0.748639496112,0.926795818871,S
3762,0.904096042076,-0.387636017016,-1.83255018555,-0.0250052448144,W
3763,-0.723900813821,0.389482891181,2.04158480652,-0.193698755926,O
3764,-1.55629369485,-0.358824351591,0.0940718408771,-1.16363196789,Q
3765,0.257939508589,-1.34435565921,-1.61586307322,0.534847399684,B
3766,-0.955549393968,0.72161034695,0.544828820953,-0.773343863284,I
3767,0.0849826475437,0.643734355643,0.924384402933,0.820763855794,6
3768,0.339438074384,-0.512475033534,-0.140745455826,1.77211735938,2
3769,0.738018907393,-1.09093175979,0.936386888804,-0.0371964282075,Y
3770,0.498951192333,-1.60979591379,0.202239168837,0.333631436537,V
3771,-1.42127543108,-0.892238364289,-1.07919052889,1.36187145509,D
3772,0.571228139723,1.10725894135,-0.489435902443,0.439029935288,T
3773,2.34310409946,-0.0528592816379,0.536494792421,-0.256877717049,E
3774,-1.64971917155,-0.588895770961,-0.542998010496,-1.42952856916,R
3775,-1.23145473495,-0.141106337919,-0.0452990875334,-2.03329026729,X
3776,2.04617613644,0.00349119312846,-0.419639438874,0.338628978631,G
3777,0.455333559288,0.586218618595,-1.65973347887,0.745404258902,7
3778,1.08503958745,-0.416365170868,-2.09440497656,-0.291052618483,H
3779,0.223690415104,1.39966068901,-1.0526317556,-1.19815587788,I
3780,0.285272152024,0.16757342445,-0.111291986358,0.310478952482,3
3781,0.063792644617,-0.837654458103,-0.677238472193,-0.626083547637,P
3782,0.0872846336079,-0.517900176368,-1.18433247226,-1.08661011473,L
3783,0.131171319839,1.34071851793,-0.134506607695,-0.599765053446,M
3784,0.413138822462,0.297188164955,-0.674360984798,-0.868656779474,B
3785,-0.725957164077,-0.998949099333,0.592401903876,-0.818485681309,M
3786,2.01910601018,-0.870474209704,1.63956888769,-0.0186482972906,3
3787,1.52281658748,0.863990876198,-1.08472489824,0.995037186146,F
3788,1.59949539848,0.878765691631,-0.0318207476758,-1.5411366179,K
3789,0.0325844034946,-0.830247392859,0.0935280139959,-0.88542083393,2
3790,-0.218408198958,-0.479249697084,0.269820430019,0.587702567725,N
3791,-0.811632885386,0.880449044913,-0.355220991965,1.26746285098,2
3792,-0.331629285299,0.758538821203,-1.84899196322,-1.41798317763,8
3793,0.732672048983,-0.744897874133,0.512209365425,1.41749465308,D
3794,-1.28084916124,1.2000188395,-0.946479986539,-1.23655019214,U
3795,-0.154020827453,-0.413900354315,-0.475061072166,-0.452329618785,X
3796,-0.232235333519,-0.36847173223,0.993501179895,-1.02101002345,2
3797,0.781139612664,1.34234562331,0.913417802472,1.77422225806,K
3798,1.68121039922,0.372873798085,1.31129817203,-1.13375682387,D
3799,-1.24054657395,-1.16822655788,-0.580810292768,1.07676416929,J
3800,-1.29491390531,0.331681667567,-0.085695222413,-0.380569203981,J
3801,-0.049305332823,-2.43881064713,-0.682628072115,-0.573967632167,J
3802,-0.650771376287,-0.881442495616,-1.6948258761,1.43701618875,L
3803,-0.3963280984,-0.0452369599772,-0.82059866906,0.975118263886,M
3804,1.39805690189,-0.416834817448,-0.527764816545,0.655062660925,X
3805,-0.491837526362,0.252637810754,-0.712339559884,-0.134047513446,E
3806,-0.336568550864,-2.26989907835,-1.0710227466,0.943109716272,E
3807,0.756196944988,0.732624671297,-1.37274103159,2.87887107534,B
3808,-0.269079207469,0.639092505229,1.24410594108,-2.13611141214,1
3809,-0.308117543971,1.03423229452,-0.431444965322,0.994420033434,F
3810,-0.477304770346,0.350103060467,-0.825060983305,-1.61021866996,8
3811,-0.197311266495,1.49938437912,-0.450783103794,-0.543043564902,F
3812,-1.05625253562,1.32937402811,0.133393393512,-0.675953526835,R
3813,1.65880033704,1.2109383643,0.302966029029,-1.9723372194,E
3814,0.754500105805,-2.84593272352,1.25348652021,0.339283681809,O
3815,0.297284273164,0.420508090238,0.580422608514,0.909306175305,R
3816,-0.76321762939,-0.644610022908,0.200416889937,1.01539426888,S
3817,-0.193426879311,-0.461657552917,-0.340601033085,0.79847612844,P
3818,-0.0863577789857,0.278118692284,-0.796804928082,-0.224211991875,N
3819,-0.349744701235,0.754808662329,1.09616927863,-1.31170459798,H
3820,0.961266099257,-1.46778844208,-0.381348688075,3.41273351296,Y
3821,0.673155528024,-0.895039545756,-0.887768316474,1.03686108804,P
3822,1.67472533372,1.31104788835,-2.12170769834,0.744071402699,K
3823,-0.855255037706,-1.54022504577,-0.44504266492,-0.937946606221,I
3824,1.67778291259,0.670607667605,1.07874713842,0.26864676133,J
3825,0.951291266659,-1.04088336394,1.45237389809,0.205420588348,N
3826,-0.683097887861,2.9216360691,-2.35528521138,-0.835637235212,T
3827,1.34426326251,-0.900980064491,0.568158456451,1.05577289501,J
3828,-1.10859803141,-0.652089420449,-0.564324183872,0.768528153968,J
3829,0.866475879819,1.01904456102,-1.3055447184,-0.511820733324,P
3830,0.0336227249884,-0.521880676982,0.35910131472,-0.119273822888,X
3831,1.31906604769,-0.396321693019,-1.24960484384,0.121016911634,7
3832,-0.199601266224,1.00674727456,-1.41558472498,0.691379397029,L
3833,-1.02301936727,1.19496379397,0.255706928476,-0.457100512662,D
3834,0.0652278045305,-0.575107373281,0.182695662891,-0.828034532989,8
3835,-2.82599726093,-1.29774434477,1.04919134315,1.84040399386,3
3836,-0.179054955592,1.17439327596,1.73468010559,-1.91880005489,C
3837,-0.729083204046,-1.31977350694,1.5283421117,-1.09292106377,4
3838,0.104814349187,-0.552227972234,1.35323818987,0.630351971381,X
3839,-0.255672483988,0.775342891726,0.387702137828,0.0418494551318,R
3840,-0.587911322785,0.873910372309,-0.304845920201,-1.05027521033,K
3841,-1.33426075553,0.244746876054,0.467975323645,-0.815458542903,D
3842,0.438789581994,0.395960469908,0.579843229114,-0.738805475948,W
3843,0.000146530085908,-0.713570904478,-0.727029685305,0.207665206445,1
3844,-0.693389161461,0.133031836655,-1.81038531981,-0.206715974803,S
3845,0.312562281614,0.702847315732,0.531875411792,-0.419881861122,Y
3846,-0.72994891374,0.909011091713,-0.368559501292,0.712992749964,M
3847,0.0295548609596,-0.0529727450304,0.687465466262,-1.87728427811,J
3848,1.04361055558,-0.0838950974768,-0.563813578305,-0.637313722505,K
3849,1.33212030119,0.432326957381,-1.0716308531,-0.353301446466,7
3850,0.433454205741,0.493090342954,-0.430091219215,-1.24739175022,A
3851,-0.388183036252,0.717130413588,0.104644785048,-1.34474922968,B
3852,-0.309841435596,-0.0556518391709,-0.471842937587,0.286450798247,X
3853,-0.10828356148,-1.61065829236,0.452592196848,1.94223950052,9
3854,-0.124121110466,-0.454045802778,0.0193995787656,0.700822612342,R
3855,1.11394609825,-1.85683176362,0.81443068184,1.19548157654,A
3856,-0.685256694272,0.124450265983,-0.505895355436,0.642685156877,D
3857,-0.631721617603,-0.143666478319,1.08793628245,0.219917483414,Q
3858,-0.187874760576,-1.48158409815,-1.0547680998,0.20038830298,7
3859,2.41239638962,-0.338503880638,-3.23439138156,-0.688067285952,B
3860,-1.9462312239,1.37207972876,-0.221379762679,-1.12699594624,Z
3861,-0.226293445835,0.0401963494412,-2.77001770957,1.11509332768,K
3862,1.00806977374,-0.423869233278,1.8897126832,0.348197686869,T
3863,0.971149249318,-1.32616582025,-0.354045936994,-0.327411143482,S
3864,1.36353051114,0.135903703892,1.46731318356,-0.127779495965,P
3865,-0.19197145977,-0.123172297399,0.510274218386,0.399055290176,J
3866,-0.751564616688,1.86823193803,0.0886936677273,0.470142846466,Y
3867,-0.699964735883,-1.76355121411,1.82848889807,-0.880434405584,2
3868,0.0260083276047,0.920829784862,0.371928190593,1.21384797207,N
3869,0.680894289163,0.578016409835,-1.21484038451,1.44762363744,9
3870,1.39327052397,0.0435632544791,-1.146234218,1.17880695603,6
3871,-2.19086950852,0.44790006442,0.982867191279,-0.103476657828,9
3872,0.849065019414,-0.657636267962,-1.70064256543,-1.23527182936,P
3873,0.356928303944,0.729238575934,-1.16525974664,0.0969562541038,B
3874,-0.615839157106,-1.02152825853,-0.775866788286,-0.585817912809,N
3875,0.0941280496711,-0.637392107258,2.35679915261,-0.716469860111,H
3876,1.38850825692,-0.0234837365833,0.376429178738,1.64489617536,O
3877,0.418292759723,-0.817763260527,0.0175127262705,-1.00715977501,U
3878,-1.02322878472,-1.66426790996,1.29433373219,0.333396239157,D
3879,-0.357209186505,-0.812384920199,0.164543846545,0.395520652446,P
3880,0.243235091968,0.198340970477,0.146675326609,-0.912407950633,I
3881,0.100768448376,-0.111568568318,0.442554649842,0.655966490529,X
3882,0.202153755435,-0.403594279834,1.08693821044,0.0571988931779,J
3883,0.682939474818,-1.25740887569,-1.03095120356,-0.695575887968,T
3884,0.224673650561,-1.28298191411,0.170885761371,-0.72666181024,5
3885,-0.81574968852,0.0416703835773,0.449463712687,-2.60614480621,O
3886,-0.670342332976,-0.181165069273,1.51316512869,0.241033275228,H
3887,-0.421222629323,-0.506196052729,0.667947006081,-0.252557001408,Q
3888,0.0356510040138,-0.0349447892103,-0.354961292903,-1.00323924187,6
3889,-0.853609950686,-0.436814381594,-0.871246067907,-0.0162318805644,H
3890,0.720569698538,-0.12368692566,-1.70015409095,0.301859068104,3
3891,1.00600208149,-0.282086676389,2.90520202543,1.60357122905,H
3892,1.33078157887,1.25342207656,-0.876879953169,-0.939893841763,D
3893,-1.13908371589,0.521191884293,-0.693467894987,0.703674352254,K
3894,0.32237578151,0.314142765689,0.260488034437,-0.496940556074,C
3895,0.998554474257,-0.814302246659,1.04821975405,-0.0615903771574,S
3896,-0.00502519161042,-0.711575161614,-1.7320073944,-0.517527817753,X
3897,-1.57729022239,0.516398621773,1.19967266911,-0.512883724356,N
3898,-0.856402921327,0.0317180388109,-0.48867731018,-0.819806621925,T
3899,0.879164164607,-6.87039017353e-05,0.0851421932229,-0.737687908672,J
3900,-0.917820624958,0.0583672724068,-0.531512220961,-0.812805362046,Y
3901,-0.759938801046,0.10565513117,0.0517595045228,1.12498746591,J
3902,-0.179007752923,0.577350578,0.638650462054,1.51324343654,C
3903,-0.792080993285,0.311284469838,-0.154407809749,-0.351270888659,C
3904,-1.33130391846,0.893180615133,-0.0818464184847,-0.294822978963,H
3905,-1.1975743343,0.568163820583,1.98516367888,0.583706200654,Q
3906,-0.0910102711284,-0.72764821894,0.315931873022,-0.0314558889142,W
3907,-0.228641076424,0.00979227123029,0.409629522564,0.028353200635,O
3908,1.42908929255,-0.0297455723289,-0.140590061656,1.00768745361,C
3909,-0.851548444586,-0.260413376981,-0.407416098231,0.0683278470549,N
3910,0.451367134559,0.434449932361,0.70073558306,0.190064683453,N
3911,1.27320362836,1.48258566991,-2.01227159324,-1.37778539264,F
3912,0.665903957171,0.656232757675,0.304479707619,0.159378844096,F
3913,0.206585239638,-1.10114726087,-0.707540897003,-0.978277029763,M
3914,0.990034482357,0.111278235777,-0.503771947105,-0.895681219964,J
3915,-0.684401120074,0.509116920103,-0.957427019668,0.130915958699,P
3916,0.034603865237,0.769922070912,0.168947506298,-1.61044278835,J
3917,2.48734717001,-0.258828717066,-0.970272174128,-0.531656068783,3
3918,0.842772347254,2.66506017346,-0.0933887692822,-1.22298581578,M
3919,0.556821533814,2.10532106684,0.408342363677,-1.06952799595,D
3920,-0.566608487663,-1.80612311106,0.00723679397273,1.14246042313,V
3921,-0.347958047771,-1.70329780095,-1.27677896747,0.016063414931,E
3922,1.68928528604,-0.243741291762,-0.0328599153251,-0.699973544707,D
3923,0.512343746976,1.10588560379,0.996068399717,1.86630341595,Q
3924,-0.695322671369,-1.13816410412,0.995712525369,-0.789439880785,F
3925,-0.494161886817,-2.27768988196,-0.0927977432127,-0.0412041183027,G
3926,0.102128255696,-0.497692506439,-1.2404019268,-1.37668191774,L
3927,0.532616345844,-0.955477479034,0.825892603513,2.39044789991,S
3928,-1.27174117295,2.01804584008,0.124696038762,-1.1380608374,H
3929,1.16388529444,-2.19758759565,-1.19805498631,-0.422572367407,0
3930,-0.679812513384,0.274314278446,-0.178447578753,-0.426898618812,M
3931,0.933633898912,0.350503634407,-0.468304135728,1.15617294229,A
3932,0.648978269635,-0.0959148686079,-0.0638389788879,0.0860773134828,W
3933,0.611148995312,-0.742646729166,-0.250950798954,1.6108752152,U
3934,-0.141520498289,-0.351262783086,1.96506991024,0.297953599083,G
3935,-0.684331972915,1.01187460935,0.70650636507,-0.181270681137,G
3936,0.268776734778,0.214678354876,0.42727178463,0.521098868458,V
3937,1.16729953082,-0.0180285216823,1.08684065028,-0.686287395778,O
3938,0.329986083788,0.299002867554,-1.50203698932,-1.86698381909,N
3939,1.02625695504,0.389163275741,-0.433496404284,0.159209973881,L
3940,1.47801112182,-0.29544722812,-0.276814207824,-0.3162505872,A
3941,-0.343394172769,-0.0835139027575,3.05334492778,-0.57314918205,0
3942,-0.0304983004796,-0.380566259652,0.482507158938,0.00452875346031,J
3943,1.00378858999,-0.688903430455,-0.627384063578,0.704902457771,I
3944,-1.46697079336,-0.0862892733564,-1.82922699204,-0.21229006081,J
3945,-1.07101254008,-1.46101742425,1.33743575745,2.29750830376,A
3946,-1.59475998689,-1.0956867318,-0.941550586512,-1.54025750712,P
3947,-0.621688855453,0.613429557372,-0.756052306212,0.647458293632,Z
3948,-0.891974106918,0.507887559927,-0.220682668061,0.0622325247424,B
3949,-1.18633164337,-0.45056234874,-0.546765766983,-1.05726599285,I
3950,-0.166791134618,-1.10568393926,-0.0788695450821,0.0521644667501,9
3951,-0.188106064548,-0.248578049448,0.490971120252,1.54771167874,V
3952,-0.138187582345,1.18774063338,1.90246012098,0.953902720226,R
3953,0.104037779949,-0.113550963079,0.764308215447,-0.918112487536,L
3954,-0.0105891245446,1.30018068416,0.796238870636,0.982547428655,A
3955,-1.02515245618,0.896530652279,-2.33638014354,1.03323190369,J
3956,1.85135657271,-1.35936736304,2.39693285678,0.21464761982,M
3957,0.683998573878,0.638675296326,-0.27729610029,-0.996665031687,D
3958,0.0861463712494,-0.918117142863,-0.541719770848,0.536130968068,G
3959,0.84185677345,0.913906538505,-2.57507869955,0.794486917428,6
3960,-0.890223307632,0.58286442763,-0.999817944464,0.472839464612,O
3961,0.365284774282,1.43914146245,1.54964189908,-0.181554052833,S
3962,0.172716412222,0.202306824443,0.956202781979,-0.145276849671,J
3963,-0.830696473284,2.15207551169,1.15964228021,1.23727862354,Y
3964,1.07897929966,0.0313087868678,-0.134672010112,0.438420092912,0
3965,0.505521795956,0.563120003372,0.752423766826,1.25290897961,7
3966,0.120993682064,0.416448592196,-0.643344448819,0.585661214561,X
3967,-0.686920732051,0.439469047074,0.320119462122,0.84197659869,F
3968,1.54067741422,-0.824946411537,1.04644435733,-0.890283085945,A
3969,-1.63069019177,0.467838170439,0.299393737409,-0.0865049052479,K
3970,0.633494778804,-0.186524009218,0.927626965339,0.143163919205,H
3971,0.308635854456,-0.112857308281,0.762842218963,-1.07297708256,O
3972,-1.62705067432,-0.97815141263,0.154744635774,-1.22903670661,A
3973,0.3148469838,0.0979888456607,0.199608299962,0.95519346772,X
3974,1.6669071275,0.992005251442,0.496127673055,-0.686391014806,Y
3975,0.0106028383268,0.708539635302,-1.25871092114,0.226540952916,F
3976,0.11869281378,-0.714454714392,-0.50134244455,-0.254763929933,E
3977,0.302616230947,-2.01152735667,-0.628084547049,0.768826864455,D
3978,-0.0985721257172,1.76908645538,-0.215026976047,-0.053076199659,S
3979,-0.0190579326345,1.96499405621,0.738537929544,-0.883775928618,U
3980,-0.595349058225,0.00178120547993,-1.42335533545,-1.45847723898,5
3981,1.39217049077,-1.39655962763,-1.42530626093,-0.847535140771,B
3982,-0.896028542768,-0.152287244864,1.92448322383,0.365183971059,T
3983,-2.27464172743,-0.901873739278,1.50035163127,0.996540537761,C
3984,-0.30189755765,1.01990578818,1.10216033286,2.62452608968,H
3985,-2.54838896657,-0.585373738403,1.496201467,-0.718814745545,7
3986,-0.0645879626599,0.759291883006,-1.56841485777,-0.420933037922,J
3987,-0.143365411354,-1.11175954725,-1.81558086703,0.435273612751,N
3988,-0.070412399543,-1.05592096242,0.338016708521,-0.440762523974,U
3989,0.649148000252,0.994272913069,-1.38422724628,0.485120032364,2
3990,-0.370768721563,0.404356340287,-1.05162846226,-1.05089891162,5
3991,-0.409980111625,0.155627076006,-0.81898965427,1.27735013287,I
3992,0.301213589188,-1.11120335047,0.668257684091,0.671921855703,6
3993,1.82111702878,0.416444799351,0.173874079053,0.505118430246,S
3994,0.0688036448846,1.32275858021,0.802346253327,0.223617809159,V
3995,2.31189587899,-0.41707032545,-1.40959852635,-0.515820726027,W
3996,-0.479892969973,-0.650418530998,0.745152119818,-0.646037876591,E
3997,0.523330748868,0.787112113221,0.486066142508,1.09315580825,Q
3998,-0.362559431988,0.598893993038,-1.84320146381,0.887291508481,A
3999,-0.0963755510259,-1.01299883547,-0.657431480807,-0.573315211841,M
4000,0.467976300189,-0.0386485396255,-0.295344251987,-1.82472622729,H
4001,-0.358893469543,1.40445260007,0.704964644926,-0.200638304015,Z
4002,-0.50184039929,0.659253707223,-0.421690619312,-0.0576883018364,2
4003,0.204886212202,1.07413396504,1.38836131252,-0.982404023494,B
4004,0.354627914484,-0.133115852296,0.283762637978,-0.837062961653,1
4005,1.81748001608,0.742272722638,0.419394843928,-2.25103520513,R
4006,-0.776764319165,0.935517747061,-0.332871759623,-1.87564085416,R
4007,-0.913134961617,1.53062351168,-0.572656719239,0.477252252981,L
4008,0.358479538224,-0.49757199147,-0.367016188009,0.507701778685,8
4009,-1.74087710829,-1.16041658062,-1.63783027929,2.17220101238,M
4010,0.24056373835,-0.328249185208,1.25215525783,1.07279626643,K
4011,0.764018252198,1.16547617218,-0.639544262638,1.49525751956,8
4012,0.571034923177,-0.310537224251,0.582437274651,-0.2987651796,U
4013,2.31765810894,0.430709506296,-1.33421573445,0.199679483557,5
4014,1.54777073472,-1.11975292512,-2.27763354506,0.329585909852,M
4015,-1.31060811665,0.401719086645,-1.00098707369,1.15670834954,0
4016,-0.0884964396951,0.634711729043,0.153323985774,0.415334751149,B
4017,-0.0186628260149,-0.247487241047,-1.44652215689,0.750937748749,K
4018,-0.0701272145463,-1.57909726069,0.120891794918,0.671431885035,Y
4019,-0.194677940725,-0.492039150308,2.35960484963,0.319810396195,N
4020,-0.248617847177,0.868706587235,-0.492226143765,-0.717959381922,K
4021,-1.09154895394,-0.867110226119,-0.647760443099,-0.832561559975,E
4022,0.641404300148,-0.138821578977,-0.621962804042,-0.284839425379,A
4023,1.21640846838,0.99268666512,0.165161778012,-0.0696186082242,A
4024,-0.564474180519,0.792832268133,0.747052842907,0.57167515791,8
4025,1.75987899507,-0.515665834496,-0.230480686323,1.36231722352,I
4026,0.126266090531,0.309281375664,0.38281996138,-0.239199054993,I
4027,1.33436047951,-0.100152166835,-0.840730552173,-0.643966598255,L
4028,-0.737620017711,0.278087463151,-0.053235240431,-0.950971590734,U
4029,-1.1484864849,-0.986292150868,-0.144963115417,0.124362404338,L
4030,1.63059449241,0.243886206002,0.468368306354,1.25804787443,F
4031,1.04488953219,0.0807175385621,0.857885542829,-0.298381802517,S
4032,-0.262542542362,-1.61519874791,-1.08723871374,0.759029075237,D
4033,0.0201440713103,1.10779156618,-0.559435335039,-0.481925210095,V
4034,-1.20391554609,1.88534310731,-0.0804704068388,0.25064589327,I
4035,0.366914548813,-2.43008643092,-1.05344696342,0.346278884194,N
4036,0.434220473424,-0.0798625386706,-0.422976747932,-0.0742721760915,4
4037,0.0406656980213,-1.81021570262,-0.189192727269,1.22926636581,V
4038,1.33845943246,0.338489099729,-0.213446105129,2.32592341971,X
4039,0.572981073363,0.782663875351,1.30767321124,1.61995725335,M
4040,0.762428447112,-0.648528798886,1.93651473707,-1.15966561312,P
4041,-1.25204557796,-1.53853949038,1.0422813822,0.623835121823,6
4042,-0.0475302140596,-0.494310199706,-0.165460018905,0.472929032513,K
4043,0.124547711991,0.730791450242,-0.25752685093,-1.51125664924,Q
4044,0.801889237656,-0.462780621429,-1.73462083332,0.674768319362,B
4045,-0.992306666472,-1.09683007882,-2.0617943017,0.035390605957,K
4046,-0.109662774864,2.57709376617,0.91356252242,0.613594050216,Y
4047,-0.541680906279,1.5100313553,0.467944825377,0.553225037837,L
4048,-0.0795865737601,-0.609923697841,0.35383422895,1.10803005914,U
4049,-0.0437516462601,-0.410666385961,-0.729599036366,0.263223371713,H
4050,-0.761490177447,1.10418191625,1.27060866366,-0.319284452382,B
4051,-0.804975073037,0.559520138339,1.05223226496,-0.645574265818,N
4052,0.35394105397,1.82996269805,0.398922026361,-1.52223131661,H
4053,1.54163640493,0.478316068959,-0.666760327343,1.36717494756,6
4054,-0.987620842341,0.337534288405,0.386934953004,1.99614391761,9
4055,-0.353462320307,-0.448433452071,-0.420520291568,0.606223206634,U
4056,-0.275687122051,0.127910363851,0.877755572144,0.141774294303,B
4057,0.448882070123,-0.0164103203039,-0.0414342913919,0.483096480304,U
4058,-0.0437649578253,-0.878445916853,1.52507535186,0.00822316479269,H
4059,-0.0644155835746,0.080920574987,0.644715202274,0.393025120766,U
4060,0.0150183089497,-1.62030091273,0.465865552616,1.63737662602,J
4061,0.579715377177,-0.565645982402,-0.812128961966,1.53280260401,X
4062,-0.324507167079,1.85335063636,-2.26860910203,-0.355131709073,E
4063,-0.100246742541,-1.9546139579,0.132518774906,0.83692675288,F
4064,0.275725087798,0.349561138652,-0.617722975053,0.675990898106,H
4065,0.300486311556,-0.914367342324,-1.6046088239,-0.90545849944,1
4066,-0.362382393314,0.708360644964,-0.388316739311,-2.32876299592,G
4067,0.805330955425,0.0736168178539,0.481166223853,0.632620759249,A
4068,0.786095366054,0.0951374087988,-1.04996472851,1.82879833145,L
4069,0.20781502657,1.40727518965,-1.04479960125,0.140207499487,X
4070,1.80974963809,0.592023139186,-0.146214836643,-0.113817691749,I
4071,0.190562146781,-2.88635875932,0.514364781284,-2.2081180574,X
4072,0.844977118094,-0.164290184848,0.218672395512,0.0990115476933,5
4073,0.195035085082,-0.649590655548,2.17166386104,0.453465558806,K
4074,-0.0564333653869,1.75865043501,-0.448091017018,0.346784396043,J
4075,-0.11260915388,-2.64245701436,-0.487309941502,-0.220507107741,0
4076,-1.39531912204,0.573474013814,-0.0133236905274,-1.30707048628,P
4077,-2.08027277833,0.0974981483635,0.321489166278,0.0126076722626,J
4078,0.88317164615,0.490426984887,-0.799299286482,-0.699668792454,O
4079,-0.138631966525,-1.41784482297,-0.199678277638,1.19929867533,E
4080,-0.961579329566,1.16624685822,-1.12495332265,0.201727835778,N
4081,1.30145347696,1.07711713668,0.56050246064,0.859991127179,V
4082,0.0636793444679,-0.995532083484,0.879547223724,-0.0124713077028,I
4083,-0.373381111798,0.982861169257,-0.0375341446861,-1.33785580601,Y
4084,1.49229222711,0.485490431128,0.129313292844,1.73356873962,8
4085,-0.908491526543,0.498234275772,-0.588843697186,-0.903956188452,F
4086,1.13713975779,0.977509103934,-0.940993915461,0.149012866744,H
4087,-1.04983803109,2.45342509904,1.23008741443,-2.06850760711,Q
4088,1.48519893861,-0.806453458123,-0.475087116613,0.936801368414,E
4089,-0.790436911077,1.8238515301,0.470826739735,0.898781975943,Y
4090,2.02480808353,0.0322506496307,1.31529742078,-0.156432529592,F
4091,0.379253002685,-1.05940924098,-1.13206803173,1.22229604428,S
4092,2.40321605952,-1.79252836422,-0.917572680139,-0.88669297209,J
4093,1.24997470755,1.49152996563,0.371475805897,-0.000464620420962,M
4094,0.501130600702,-1.8524509796,1.11035434692,0.508864733821,R
4095,1.10652128242,0.0981530997183,0.789793234562,1.19269254286,Q
4096,-0.540542595454,1.78256921968,0.0519310959987,0.463867655906,H
4097,-0.101979890355,0.981720222277,1.10699018111,-1.75226932921,J
4098,0.632107381338,-0.761419236427,1.42793044112,-0.0469283588887,K
4099,1.00977860887,-0.608379336968,-1.40510505648,-1.17505405942,V
4100,-0.602747944659,-0.182503514402,-0.768163968379,1.26068635765,F
4101,-0.0391054339894,-0.0695099824413,-1.35805194008,-0.292858620366,Z
4102,-0.345100573788,-0.179476870638,-0.904657664386,-0.0712867473108,E
4103,-0.759495118894,0.225916245652,2.2358717609,-0.00448980823071,D
4104,-1.6867705196,0.742275516539,0.48587599627,1.79850711251,Y
4105,0.145697316417,0.805037295613,0.350361830434,-0.540234679436,E
4106,2.48765369604,-0.147867121811,0.580688201183,-0.305696173077,E
4107,0.38016591287,-0.592483279562,0.393693377794,-0.463216602736,6
4108,0.96354902595,-1.55030192705,-0.944962257052,0.121546253521,K
4109,-0.0403846130388,-0.312648567879,-1.19660390862,1.0750431857,Q
4110,0.938356628434,-0.235761104349,-0.0773603113055,1.16215015537,Z
4111,0.190303261201,-0.425472860755,0.362347382137,-0.688710660785,C
4112,0.256419161128,0.0826694187979,-2.30275824842,-0.446115220145,L
4113,0.690971664806,0.871498395659,0.948468891564,0.644683368429,B
4114,-1.15778132548,0.0936961784472,-0.765272815741,-0.724766824934,C
4115,-0.295462233706,-0.832817149695,1.49020373854,-0.420786204612,S
4116,0.132722962244,-1.25578038911,1.37000771682,1.14448991761,H
4117,-0.111380676194,0.572076202947,1.8079619052,1.09020474362,4
4118,0.178699745816,-1.60883234776,2.1746148394,-1.35173849821,3
4119,1.20218256712,0.179582552204,0.202061214889,-0.731213132128,V
4120,-0.674446571006,-0.184702666166,0.706721251292,0.718680803788,C
4121,1.76553544644,-0.951931579911,0.320146510176,-1.15934952511,T
4122,-1.2478849863,-0.725490485007,0.541997606469,-0.126572143755,T
4123,-1.1640445457,-0.647618961239,-0.550283265919,1.16494340443,P
4124,1.81613255613,-0.393382465546,-1.21291011478,-0.317186597786,M
4125,0.499882890819,-1.18363110139,-0.638619314755,-0.785336775967,R
4126,1.22849889391,1.25347911733,-0.221459415048,-0.0654131965162,P
4127,1.01895127853,-0.423936860698,-1.72455343475,-0.823409084355,K
4128,-0.169892938696,0.301071840312,1.40996063006,-0.516055941099,O
4129,0.883067867689,0.950612783539,0.783765906001,0.776406924195,T
4130,1.03277821333,-0.0929303289895,0.600042004986,0.173515461043,E
4131,-0.249224588436,-0.0648201009871,-0.0127630546134,0.0304726487395,G
4132,0.556590447301,1.97690140411,0.130668936682,2.71966409048,G
4133,0.16107564162,-1.3149395378,-0.605192051164,-0.732212975124,T
4134,-1.84206221975,0.0109146960347,-0.0132330195161,-0.29825942451,Q
4135,1.72723710088,1.67458417387,-0.988291322079,0.512445217364,D
4136,-0.190386389574,-0.184385010197,1.16329213344,-1.05989578865,W
4137,0.69311133934,0.815751494672,-2.38869472458,-0.201710174422,I
4138,-0.0621126729433,-0.00984964476467,0.658452659654,0.782909762977,I
4139,0.880939751586,-0.707391129783,-0.750939055668,-0.0423814584647,E
4140,-0.592837623954,-0.700117210885,0.831351965158,-1.15891084185,B
4141,1.62834979618,0.404618215489,0.0863343325974,0.278913544915,R
4142,0.210544278316,-0.909438189136,0.903899753529,0.471579103734,M
4143,0.033606494896,-0.882900260313,-0.345729265059,-0.317833493034,E
4144,-0.0755744023429,-0.616260178437,-0.342470997941,0.850522271235,F
4145,-1.26295070974,-0.167273237609,1.45780742884,-0.37563609476,O
4146,-0.289513268133,-0.927606335239,0.950207336839,1.23406721349,U
4147,1.34653227067,1.08338934179,-0.840822696227,0.525032166375,D
4148,0.698212579575,-1.2635370225,0.0345888504173,-1.08271314806,T
4149,-0.798004160565,-1.30179455306,-1.95685241187,-1.2841200757,7
4150,0.042611218243,-0.175943187928,-1.01597727921,0.668173594623,9
4151,1.52264922941,2.29139247927,1.5064450569,-0.448051016456,X
4152,0.54911837215,-0.439673137424,0.651228776652,2.6480462772,N
4153,0.119467771322,0.224633361843,-0.462936521536,1.41015553196,A
4154,-0.323899441166,-0.115278120343,-2.24762512685,0.271304098854,D
4155,-0.569092884953,1.86005610394,-2.5526005446,-0.433538185597,S
4156,0.112111473607,-0.845797840143,1.00631020207,1.13883188261,I
4157,-0.499492134991,0.91641467488,-1.04521512609,-0.50757820342,H
4158,0.376336174588,0.764118507122,0.935520356664,-0.594284323631,S
4159,0.0435519604575,-1.13311390808,1.83995995892,1.07689076788,U
4160,0.08521566085,2.51096445751,-1.05481405994,0.673699680303,T
4161,-1.78187926997,-1.08540212875,-0.0523621760075,-1.07072106964,G
4162,0.895674400067,1.2217782908,0.354943949672,-2.72080073957,C
4163,0.178964296545,-1.24036038336,0.216703259507,-0.931038265768,7
4164,0.751110935945,-1.67754135722,-1.84529427201,0.472624179004,G
4165,-0.174065305457,0.41737570589,0.67568579441,0.976129682648,P
4166,0.469285344255,0.468042648048,0.740358197771,-3.17350880211,Y
4167,-0.414343091707,-0.847569597434,0.321460576581,-2.57576740455,W
4168,0.947170681816,0.328539010454,0.194054760004,-0.530855170507,U
4169,0.280983721958,2.21810968243,0.0430190102528,0.105970933337,3
4170,1.36877536297,0.314364311301,0.237928036312,0.826479814371,J
4171,-0.556653869652,0.677243772286,-0.0487451867473,0.481484592223,D
4172,1.27535225202,-1.63660490059,-0.907082516741,-0.842150166534,B
4173,0.354484776486,0.336961106409,-0.877360547161,1.94340295455,2
4174,1.63041080339,-0.107837334831,-0.452669704243,0.511911011614,5
4175,2.13082174199,-0.513612858636,-0.589272751532,0.270246731148,H
4176,1.1330300851,-0.920498984072,-0.41147778905,-0.00125773317809,F
4177,-0.022368446588,-0.165693213389,1.48750250694,-1.5609710846,E
4178,-1.59781750388,-0.544169575971,0.565075786079,1.28817666767,0
4179,-0.641428915759,0.376689595468,-0.153789313646,-0.512960526573,W
4180,0.314357377289,-0.962541936748,-0.541512534494,-1.1561648896,D
4181,0.0883395556165,0.814274132271,-0.304655359037,0.792676034143,7
4182,-0.241961771733,-0.629315403013,-2.21260233427,-0.374105157708,6
4183,-1.18173491365,-0.596941681158,0.2743443978,0.273126365442,Y
4184,-0.216653074676,-0.736039143474,-0.695235903991,0.421187733859,K
4185,-0.210084441042,0.708076753126,1.54565512016,-1.58704505966,A
4186,-0.194803690607,-0.215578248302,0.691829450352,-0.0992752966404,A
4187,0.555034364088,-0.628948162163,-0.550886205331,-1.30358538455,7
4188,-0.00132553343873,0.234979080439,0.305587215001,1.17498471846,1
4189,-0.505884715251,0.289074547151,-1.01753668504,0.086234836138,N
4190,0.818458302751,-0.0774239427346,-1.53559692163,-0.727323013995,U
4191,-0.739837815235,0.654747515967,0.775892880451,0.911725982352,P
4192,-0.157668660717,0.0105765369843,-0.473290818785,-0.114977254557,W
4193,1.582072755,1.21135077234,0.277131433192,0.637144296923,D
4194,-0.704190048658,0.12787599735,1.05250272942,0.209073871078,Q
4195,-0.389367804328,-0.93291366124,-0.998024963481,0.563616911143,G
4196,-0.558272131251,-0.161774896289,-1.53806659646,0.613443319356,8
4197,-0.158497066494,1.34901324395,-0.475157789661,-1.0330587238,V
4198,0.407671432137,0.254556508037,-1.56082456407,1.12562760798,U
4199,-0.653921366863,0.0275790877175,-1.39629369836,0.913825226594,L
4200,-2.57692549898,0.338165036668,0.519442976393,-2.30330714219,M
4201,-0.842865347335,1.0821650933,-0.646397860835,-1.13500686925,0
4202,-0.494181289099,0.104939493471,0.827236857824,1.05511433215,2
4203,1.15576168508,-0.0660077704386,0.23605882151,0.309968188821,A
4204,-0.687534473898,-0.0263544937825,0.106619281446,2.47490163593,T
4205,0.649517559904,-1.17781051518,-0.954277458301,-0.339043658202,L
4206,-0.423467777754,0.638837715089,-0.0390346575333,0.145446357589,Z
4207,0.0827382882553,-0.472712215521,0.480072117744,2.01998684041,X
4208,0.268893320742,-1.48484562253,-1.63763986608,-2.3255800776,6
4209,-0.107129695053,-1.11241995795,-1.27069822508,0.848296771646,T
4210,-1.04544077775,0.797202720191,-0.350622812646,-1.15411164074,G
4211,0.419680914033,-1.20255497117,0.374432783263,-0.556201528434,3
4212,0.203280886034,0.947044539757,0.990641967636,0.0618586714995,G
4213,2.09212414836,0.906692467548,1.3274444574,1.09801998125,E
4214,0.426330491605,0.77543138121,-0.540806606851,0.483395084815,X
4215,1.65203944937,-0.887319814636,-2.17453333781,1.28661777145,H
4216,1.01408518893,0.771958446614,0.391397552654,1.34960477211,H
4217,-0.268733296954,0.145778431561,1.14838487859,-0.0558591686879,E
4218,1.17460855008,0.611714412276,0.515178519961,-0.185847595552,W
4219,-2.40501866212,-0.160283329726,2.32208248639,-0.944042520795,O
4220,0.423191686836,0.0957867735118,-0.887767669303,-0.741621278186,X
4221,-1.24207952376,0.371923550534,0.16677714031,1.0104893326,D
4222,1.2934718078,1.14453036376,-1.4812669881,-0.441601572264,P
4223,-1.12685300658,-1.03722648479,-0.239714171379,1.17321878409,3
4224,-1.0622089135,1.19226182583,-0.77544757706,-1.22501175108,L
4225,-0.372656417204,-0.485827702989,0.534654941088,-1.21224456369,1
4226,-0.020036253405,-1.33303514247,2.18945039442,-0.24919015118,Q
4227,-0.577762744277,-0.389902047992,0.488137595884,0.626000837653,T
4228,-0.766540645184,0.713716560555,-1.01825632674,1.88936116726,Y
4229,-1.73870003681,-0.336053519267,-0.992538495353,1.42120418055,M
4230,-0.568215850256,-1.84814384541,0.863834662405,1.32228142724,N
4231,1.32185817098,1.00887344786,0.254607528649,-1.34209930073,N
4232,-1.44311819447,0.240571274358,0.792943937286,0.0736683310364,C
4233,0.440871905275,1.12257403393,-0.755518791048,-0.716928210258,N
4234,1.51509585736,1.33547436495,-0.910115691199,0.0511775765034,4
4235,2.02357956321,1.09680739934,-1.3481784049,0.264341887714,Q
4236,-0.361315167468,1.01065213956,2.55387890981,-0.0895751091802,W
4237,-0.994547758775,-0.457568170876,2.21848280827,-1.2782514738,P
4238,0.132032388144,-1.3051371475,-0.536163371291,-1.28005533132,W
4239,1.16176432633,0.818181671369,0.0151191881992,0.283321533309,L
4240,-1.03942080599,1.13451743559,-2.22579019681,0.0592040052355,A
4241,-0.867388839047,0.398072218402,2.05379725736,0.734562840374,K
4242,1.45300175913,0.569163454607,0.198247662356,0.46520554845,T
4243,-0.0954282988118,0.428386420293,-0.405097533928,-1.39724911033,5
4244,-1.17327031236,0.159077812036,1.9276511382,-0.210691347031,Q
4245,1.04396635963,-0.104110599839,-0.249275629159,-0.0207793012098,D
4246,0.280528850972,1.60109135858,0.561331365945,0.868630989409,E
4247,-0.659952829242,-2.30316016277,0.248001069221,0.942725735947,L
4248,0.790583884393,-0.983115534038,0.874530999569,0.809282002383,B
4249,-1.17591092941,2.15198696697,-0.0809277136982,-0.431623621004,N
4250,-0.261109738898,-0.516069628221,1.13538791735,-0.761319800575,I
4251,0.703423839947,0.449614099105,-1.593578247,-1.15539989748,N
4252,1.11645041825,-0.274068941169,-0.0297477874901,-0.433413276523,G
4253,-0.357308670313,-0.529398311787,0.205417525617,0.108428490163,E
4254,0.423229026993,2.08909611309,0.923674782142,1.50272651831,Y
4255,0.217126083205,1.28236141456,-0.978428564074,0.263613449525,M
4256,-0.443397941574,0.676989997986,0.638588633657,-0.873794918749,E
4257,1.00534200238,0.682462254711,1.20027333585,0.193455111389,F
4258,1.37620985675,1.14804621775,-1.19493291425,-0.0246510549904,6
4259,0.745346522906,-0.886025029683,-0.437063213681,2.12474074181,R
4260,0.620059226462,-1.3714426877,0.722629755468,1.63796007884,T
4261,0.00630699376911,-1.33134152729,0.0649616494499,-0.572398251742,U
4262,-0.198477349779,0.684455814174,-0.147475221075,0.581648940506,D
4263,0.681178436604,0.283488752572,-0.20125716997,-0.837272455076,J
4264,-3.72686372556,2.15263217662,0.986711235344,-1.27395629167,D
4265,1.23296534957,-0.872075211571,1.12573394106,-1.26969198429,F
4266,1.68071777569,-0.795061674656,0.429541561971,0.907959685749,K
4267,0.0126033461146,-0.559557999613,1.17009301533,-0.755084321136,0
4268,0.478687852114,-0.923803097176,-1.62141331544,1.12210892346,W
4269,0.654912901411,0.0515714367429,2.0161479636,0.652618167303,O
4270,-0.840524554435,-0.155627932446,0.992245693988,0.818994762669,2
4271,0.167651456358,-0.126483159859,-0.2159230909,-0.551816953755,L
4272,-1.69486905349,-0.251793821628,0.643791694262,1.05148438879,G
4273,1.15891064075,1.19204131316,-0.474725241124,-1.1885329973,M
4274,-0.359609404441,-0.742869703536,-1.43423198616,-0.412530336918,M
4275,0.527893710782,0.0840680255476,2.36852964741,-0.00302369910935,Y
4276,0.388307345228,0.969655421373,-0.16239111452,-0.256349189716,J
4277,-0.270080229648,-1.25575148996,-0.356178529128,1.23140641525,C
4278,0.0820128039793,-0.523347238177,-0.29892608064,-2.25924648718,X
4279,-1.40152899868,0.293567238208,0.915068680577,-0.697823682964,X
4280,-0.34203915437,0.204837022753,0.965391319534,0.21957721666,8
4281,1.58845583063,-0.269371964148,-0.298398891617,-0.0173215631696,L
4282,0.367102716772,-0.208086567685,-0.251701415964,-0.522192758844,L
4283,0.197511460601,-0.502179218169,-1.73685418123,1.23451645845,F
4284,1.55252757473,-1.33235367105,-0.227917886077,-0.817040668057,F
4285,0.304381622491,1.40660303091,0.373171731372,0.446836979475,E
4286,-1.40555861862,-0.701879470135,1.7938014939,-0.370494730707,V
4287,-0.290145817461,0.466116593833,1.01992419248,-0.0913182440873,N
4288,-0.0461043106532,0.873557369774,0.660301204101,0.463093389561,Q
4289,-1.57701158808,-2.11928449832,1.8056211286,-0.283501178844,P
4290,0.34037236652,0.382560935847,0.000310750462007,0.452416589048,J
4291,1.61748513305,0.325101331381,-0.56004210719,0.944086448958,P
4292,0.268348057071,-0.373019728317,0.433140418073,-0.868285773218,A
4293,0.599410556722,-1.05300636777,-0.0612465004706,0.890921720842,Q
4294,-1.76732355314,0.564682563134,-0.274611661673,-0.174666490025,U
4295,0.00758863980265,1.50644674792,1.90347761211,0.416104168602,V
4296,-0.109962464506,-0.92011662808,1.82319172674,-1.42793478629,U
4297,0.645940278964,0.441283164828,0.724278886156,0.72679455762,8
4298,1.18991277757,-0.453600708269,1.20712924318,-0.241784995613,R
4299,1.20958260767,0.65135204117,0.384909738967,0.560129899922,N
4300,-0.835033146253,0.186814148387,0.0994207791387,-0.540764053646,D
4301,0.923118167978,-1.34952513551,1.98628884937,1.09994393543,6
4302,-0.169421148516,1.09333515534,-0.0476520705247,-0.0857051252725,E
4303,-0.367094822957,-0.764236642365,0.525876450542,0.358030321448,4
4304,-1.1500069318,0.824940600187,-0.871590899842,0.058123757859,Q
4305,1.49739986205,-0.819334159838,0.0173922939101,-0.0373138831218,X
4306,-0.317808432798,1.23565305224,0.129119462254,-0.750614454962,V
4307,0.89532447686,1.73828940595,-0.789496165367,1.56141462002,O
4308,-2.32337594373,-0.0864840810099,-0.937811232637,0.975500070851,L
4309,0.749856964401,-1.46987067396,2.67443377359,-0.835017756629,L
4310,-0.631610955098,-0.828862135897,-0.120593931393,-1.00073677846,J
4311,-0.722216454,-0.507615853758,0.252700306067,-0.196934531941,I
4312,-1.12139973048,-0.830073503932,-1.55615056655,1.3721124891,1
4313,1.25533425487,-0.09154850985,-1.09204964199,1.43161043377,V
4314,-2.088979558,-1.03384018998,-0.175709666863,-0.0449589141002,I
4315,-0.593835822312,-0.125592399728,-0.148472855001,0.824293452333,U
4316,-0.853371415484,-1.05039203696,-1.63655218727,-0.531499124856,D
4317,0.184960336992,0.724280895102,-1.30361378129,0.0427831967716,P
4318,-0.234229356882,-2.15677620777,0.665154262535,0.652184895711,4
4319,-0.54299503992,0.391323100562,-0.623618972537,-0.638090845749,8
4320,1.03698614841,0.499677025358,1.1483637071,-0.467138973178,K
4321,0.76271339487,-0.337945754488,-0.2394130161,-0.662794634356,S
4322,0.749977252066,0.712538194104,1.00191689839,-0.996523167443,1
4323,0.171084490966,-0.255490209155,0.10204825688,-0.316482514731,S
4324,1.93252529985,0.246312840195,-0.141026811591,-0.530162228416,5
4325,-1.05774509068,-0.974924406809,-0.138163668084,0.50749427439,X
4326,1.45092529268,-0.757698387582,-0.0953520457199,-0.783242478344,Y
4327,-0.85149196031,0.531830081401,-0.000884832874349,1.09008844783,9
4328,-1.45522992648,-1.65130642134,0.176941162469,0.872048144356,Y
4329,1.61492737297,-1.21321204424,-0.481253085157,-0.417013545521,D
4330,-0.0844707071002,-0.277350251414,1.45142975013,0.084764073742,L
4331,-0.5181126395,0.226027523031,-0.511796004744,-0.919189801343,Y
4332,-0.972865815785,1.00420510815,0.120233141304,0.0420245997512,T
4333,2.83389146282,-2.10126036599,-0.429481838014,-0.463515049932,G
4334,-0.128270349801,-0.543379557898,-0.221872914332,-1.02900699991,L
4335,1.2479672656,0.12885030993,-1.5591854335,0.0442225359338,T
4336,0.273832207653,0.522074012213,-0.308342079956,2.69927626674,F
4337,0.702012139939,0.711724433547,1.16333553945,0.296342565636,T
4338,-1.01616433854,-0.354133698994,0.344964062178,-0.991717145794,V
4339,1.06324882728,-1.60978016501,1.58545234186,0.266229477001,6
4340,-0.345091855756,-1.7837325519,0.99536338098,-0.133127352441,G
4341,0.58027291123,0.858169734642,-0.411593834311,0.237032769553,D
4342,0.242251380141,-0.0145725002239,-0.546432249808,0.329856322069,C
4343,0.399690118727,1.88321678065,-0.567522295935,0.406623115363,I
4344,-0.388245285516,1.91955177908,-0.905066936826,0.678331150429,B
4345,0.533743889572,1.90674601442,0.543798074993,-1.30882802925,X
4346,-0.978300644853,-0.936582646346,0.0904091533885,-0.218279913589,E
4347,0.339442344569,-0.280249621951,-1.00701185586,-2.80808361019,W
4348,-1.67040365215,0.0766646690072,1.29803020109,-0.763384229448,E
4349,0.673709173872,1.49274874214,0.54797402281,-0.21453004323,L
4350,-0.860414392152,-1.05417317622,-0.213906071213,2.00459404389,M
4351,-0.697103088091,0.482458727851,-0.618269289508,0.46832546042,F
4352,-1.595699258,0.747178514991,0.439321734363,0.375915183795,X
4353,0.640864163329,-0.928822634893,0.139355578476,-0.740331951841,C
4354,0.504642371483,0.0813011615781,-0.524630774609,0.122069394944,U
4355,-1.56057635517,-1.40874130154,0.544640810174,0.939580399542,T
4356,0.876947072215,0.969391778742,-1.06937456045,0.173287156582,W
4357,-0.99574766653,-0.962385194582,1.25743132987,-0.631645560594,2
4358,0.500235549767,-0.891189447424,0.463303711582,-0.39450123141,Y
4359,-2.68733452364,-0.240996973166,-0.588066956412,-0.355681965761,T
4360,1.11229192519,-0.0268625158011,-0.144076658429,0.364360511234,W
4361,0.236182901499,0.113043321335,-1.38045374982,0.0287923325092,3
4362,-1.09349419073,-0.94656249728,0.149382352342,-0.190454424156,2
4363,0.676450248634,0.904576346819,0.854621267822,0.323596422009,D
4364,1.84171173892,0.439631156345,-1.26512150935,-0.7130287437,A
4365,-1.12860527791,-0.498973014223,-0.0799628298771,0.176692485018,I
4366,0.767857131539,-0.511653489057,-2.18141435994,-0.225151027299,C
4367,2.21922339462,-1.50715786572,0.901498948231,0.474151148398,X
4368,-0.0304388705899,0.912498133079,1.78049729509,0.437121618886,Z
4369,1.03866081951,-0.390588986449,1.52163398484,1.43129877901,2
4370,-0.562847699886,0.630243211028,-0.055076707411,-2.03174199858,2
4371,-0.838190893841,1.91050059234,1.78492448135,-0.128931948702,V
4372,0.289629648945,1.53067290722,-1.67807010088,1.18281868986,E
4373,-0.458333386443,1.22967156917,-0.038086863698,0.961370489165,J
4374,0.607270919702,-1.16172766879,1.128580891,0.477947174106,H
4375,1.13675096117,-0.617244498209,-0.103224928341,1.27397470921,B
4376,-0.499357001246,0.0824176514851,0.886325430417,-0.889349932532,H
4377,-0.0530786331086,-0.431909164702,-0.819709901449,-0.184382551556,8
4378,0.554388857689,-3.41544808181,-1.00800794735,0.0956364361786,M
4379,-0.437517905883,1.41621800826,-1.22369560488,-0.983090516508,X
4380,-0.562207056126,0.26643240258,0.282217485754,-0.572416652579,M
4381,0.282379064814,0.261255125512,0.38970012658,-1.35030545437,G
4382,1.03683079029,0.417989492642,-0.203445978253,0.483798676157,A
4383,-0.468093396047,0.346607093628,-1.77374773202,0.778592939632,P
4384,0.439716272699,-0.543873067464,0.113143588946,-0.889963518532,U
4385,-1.37494706434,1.85812561095,0.670141349612,1.64345039722,F
4386,-0.854070607979,0.0151225979044,0.606645377924,-0.924788887394,5
4387,-1.06491417838,-0.75226427386,0.635654031495,-0.847768533913,J
4388,0.328037718826,-2.20103509075,-0.640834771785,-0.762974021399,4
4389,-0.454491340371,-1.29681690578,2.02138698688,0.740482200426,Z
4390,0.495932976806,-0.706393240953,0.515892204902,-1.66452889496,E
4391,1.01509811308,0.25448136615,0.284005106318,0.0846178898836,V
4392,1.11009050854,-1.07843735256,-0.415990547218,-2.49707209912,F
4393,-0.787877349072,0.0236297063864,0.7913470345,-0.153286527989,F
4394,0.0741205418627,2.94673670796,0.432237323415,-1.32222208221,P
4395,0.35342855129,-0.247717312554,0.0270991093519,-0.8727517262,V
4396,1.22420513996,0.710345339979,0.406203541908,1.36239436326,O
4397,-0.350708061042,-2.26332804205,0.280187557964,0.996977921218,X
4398,0.207885888902,1.21936259874,0.120394429028,1.4164817797,L
4399,0.321767430171,0.997814544627,-0.141008953383,-0.214223069583,J
4400,-1.34352840794,-0.396485091799,-1.63834733693,-1.00633153068,W
4401,0.0223192577748,-0.704375089347,0.789894079467,-1.78064925419,Y
4402,-1.53943926339,0.535849749487,1.97650932326,1.14605246914,Z
4403,1.72177032018,0.110357738361,-1.42699106961,0.302452803603,K
4404,-0.122782703232,1.0179528959,-0.485182089307,-0.757532732116,S
4405,1.43788156947,0.462308988083,0.645183803592,-0.488187632764,Y
4406,0.252518543508,-0.893763986209,-1.45102014416,-0.0375714708079,C
4407,1.42814001855,-0.307382228111,0.83523623261,0.318658934567,U
4408,-0.653512584303,-0.826898221622,0.365600388917,-0.343441776258,Y
4409,0.648526065008,0.382165727931,0.837119818479,2.05771302981,T
4410,-0.294030957524,1.86694743373,-2.42464104529,-0.594399243629,0
4411,0.546135512764,-1.1652909911,-0.0694930860228,0.839442562258,W
4412,0.0555903173585,0.460796082116,1.48077737332,-1.17394972208,Z
4413,0.911487343891,0.336340804591,-0.890389890144,-0.131222395415,S
4414,-0.907505123734,-0.773818498491,0.12346139694,1.7238138304,A
4415,0.118950459723,0.898642337493,1.35942348119,-0.0251395016419,E
4416,-0.878654567323,-1.64017262638,-1.32403367272,1.13121059108,E
4417,-0.0195090687534,0.876112935533,-1.54975781181,1.65096516971,L
4418,-0.00394339077814,-0.100710552307,0.0893260410262,1.22039805412,K
4419,-0.047169296907,-0.834209871166,-1.41768037596,-0.992629006235,X
4420,1.40810880852,-1.29737317132,0.331663635673,0.227962745993,3
4421,-1.2548590158,0.379769430064,0.234047833903,-0.412161262918,E
4422,0.532226558002,-0.576430066769,0.43398252735,-1.03456633891,G
4423,-0.440185697792,-0.920559501068,-0.886908087445,-0.717393448213,N
4424,1.75584352847,0.583304752123,-0.0230017894854,-1.24022240905,7
4425,0.326275027406,1.11890023602,2.10019897659,-0.302665366483,T
4426,0.0248800828258,-0.717322432289,1.40819580332,0.961345834295,A
4427,-2.33818700445,1.44802661918,-1.88231862791,0.0909206150754,Z
4428,-2.32939753655,0.226032598024,-0.359550306075,-0.5455516848,C
4429,-0.203604287816,-0.371016242329,-0.120284759296,-1.31681269188,T
4430,1.62664704134,0.296329948808,0.314340903553,-0.0317415498562,X
4431,1.91553837462,0.902880160713,0.408402965813,0.380035754502,K
4432,-1.09537790015,-1.43646233529,-0.136635738729,-0.0764722286529,O
4433,-1.58854993692,-0.192420492975,-0.125518628071,-0.116337654564,L
4434,0.677292248175,0.0215356207764,-1.54365114036,-0.254481873178,D
4435,0.146032559378,0.956711496135,-0.116032917948,-1.11825909448,W
4436,0.162938608377,-0.176831264211,-0.517488651292,-0.0864830176844,I
4437,0.446003820737,1.42139105029,1.8642327115,-0.231943635664,O
4438,-0.766637482273,0.849321807088,-2.2714823531,0.0979413653458,Q
4439,-2.21232557542,0.371240253681,0.0767079166135,0.579677915908,W
4440,0.449887859227,-0.382981989997,0.535168018616,-0.139049020421,J
4441,-0.22639148269,-0.360102264648,-0.256502694834,-0.591465556768,E
4442,0.731659744695,-1.8953074595,-0.977830033843,0.609794571862,A
4443,0.0931606166309,-0.941322320321,0.948940099357,0.907185151192,O
4444,-0.473135155994,-0.1540750458,-1.01919773462,0.46338232721,G
4445,-0.360482350751,1.12928193,-0.520626158038,-0.583512350911,G
4446,0.398427752894,0.931626627109,0.126570487381,-0.359562151167,F
4447,0.0564556589296,0.94288979243,0.4874905816,-0.32511113966,K
4448,0.919765871956,1.27189320756,0.325628696606,1.43833768786,5
4449,0.826459617836,-0.25257759857,-0.935144634831,1.41416706578,X
4450,0.239816750433,0.200545908818,0.676697575328,0.3592047039,Q
4451,1.00425814123,0.137819747451,0.340929542235,-0.534090208875,6
4452,-0.0229073465848,-1.52309532595,0.641033356976,-0.104280827356,Q
4453,2.4553294856,-0.190568706751,0.302308755128,-0.480748487426,C
4454,-1.152558702,-1.85773366532,0.187128405436,-1.99597450275,Z
4455,-1.5768358269,-1.95803125115,-0.140601892229,0.632314680729,Q
4456,0.426067806495,-0.167195260612,-1.07538196693,-1.09232824787,8
4457,-0.716211974377,1.01534940901,0.488514171093,-0.6992617504,Q
4458,-1.1598671543,-0.775871164631,0.605492118368,-0.297011919996,J
4459,-0.0882782310477,-0.206925043349,0.104637765647,0.87542263029,F
4460,-0.610495420468,0.557744325186,0.931148741404,0.436779495531,4
4461,0.379393939959,-1.31754650069,0.00140961496578,0.96985594288,A
4462,0.864210601103,1.51959270512,1.2602381929,0.654337294173,D
4463,1.35042386322,0.345149395659,-0.829000624479,0.185953000235,3
4464,0.956002398058,0.566695204857,1.15097765137,-0.360039348231,H
4465,-1.01271561372,-1.02089482455,0.650649332577,-1.21644042254,S
4466,-1.08723895963,-0.949828161359,-0.645357741883,-0.859970423632,L
4467,1.61426399023,0.488728492246,2.35284924877,0.268150788043,H
4468,0.662645364559,-0.887112505745,0.476253176239,0.0604539992241,G
4469,0.00581733342224,-2.76375520888,-1.30054320118,0.542560717341,Q
4470,0.763452968026,0.438033043611,-1.23117308352,0.806291070585,8
4471,0.0248338278421,1.11800758559,1.7370337438,-0.374937943514,0
4472,-0.355464724764,-1.07655406598,0.96589934481,0.659140527992,U
4473,-0.74518760691,-0.782876983092,-1.2584832296,-1.05593621566,M
4474,0.202093188944,-1.28208773942,-0.779934818834,1.44364991599,Q
4475,0.760750512349,0.0220584686976,-0.351377425527,0.211099278376,K
4476,0.557157571393,-1.87664885531,-1.43015225415,-1.65496850295,T
4477,1.31963869033,-0.215069650367,-0.362025126756,0.518274727985,8
4478,-2.28647075909,0.411293577858,-1.53916240694,-0.0914176934627,T
4479,-0.573243668227,-0.422649981043,1.46408364419,0.542438619748,2
4480,-0.55759050633,-0.698957716726,-0.993514769196,0.0759295578585,P
4481,1.33450280232,0.51301671119,-0.587333955623,-0.251175850978,Z
4482,-1.49677491659,0.744357087817,-0.482187240495,-1.30800591706,E
4483,-1.17452662221,0.387195589984,-1.71853862967,-1.28141022865,Y
4484,-0.675109833043,1.19326561206,0.997501924819,-0.521572741003,7
4485,0.157038349596,-1.61630838977,-0.903543566356,0.350487107514,A
4486,-0.130342012064,-0.80397169943,-0.113091442772,-0.381548987444,S
4487,-1.34876562152,0.714155966661,0.0434317396693,-0.05786274716,O
4488,0.760157458407,-0.318976319748,0.433242506698,-0.439731006754,2
4489,-0.526895796936,-1.08364487888,-0.161763453781,0.660052577321,Z
4490,-0.461581875405,-1.05073081656,-0.426426617924,0.887175023523,O
4491,-0.222515257586,0.753492078298,-0.409288872365,-0.295382020178,L
4492,0.721114129926,1.01171595253,-0.271546139347,1.21177601187,W
4493,1.12135600853,0.468571303309,-0.336326278748,0.0786054495786,S
4494,0.164942302327,-0.266020553863,-2.14393727282,-2.11347073409,D
4495,1.34582221279,2.363194536,-1.40556763539,2.59980012504,M
4496,0.173217293679,-0.116328659231,0.373465620635,0.381805231146,I
4497,-0.289274079692,1.43935233765,-0.799853033499,-1.20854339236,D
4498,1.09400792323,0.049683461924,-1.44582026124,0.54020866487,H
4499,0.290745099581,0.590175351162,0.895260240084,-0.0255184294724,G
4500,-0.264040070601,-1.20405142085,0.504198843251,0.602873258819,M
4501,2.02758398889,-0.0975764987238,-0.44568920093,1.96501777344,Q
4502,1.34257307405,1.23139980051,1.72325729019,1.33221620567,H
4503,1.53604235709,1.58526435383,0.904740054914,0.972696763647,N
4504,-0.494592694128,0.00841829950128,1.51264658499,-0.114530825559,A
4505,0.796604424508,0.242222970311,-0.381732463187,-0.0061868522974,B
4506,-0.103387973006,0.690856569055,-0.217870281818,-0.399363176723,Z
4507,-1.055039179,1.26349828146,-0.294832615343,-0.131289713245,R
4508,0.769964218459,-0.077620842945,-1.56905718062,1.75986614729,Q
4509,-0.38048180046,-0.444606035908,-0.959612675019,0.375137657139,2
4510,0.343651826068,1.65349651861,0.361989871334,1.41352143336,P
4511,-1.03716945797,0.466150540788,-0.483780259262,1.75466268238,D
4512,-1.37065976358,-0.0666614534728,0.780668543488,-0.341960144064,3
4513,-1.21895291966,-1.18545421346,-0.313376693344,0.509476841755,W
4514,0.32065739782,-2.37113525461,1.32758927225,-1.32668776082,S
4515,-0.0213784655609,-0.062101449849,0.573616579247,-0.603958067001,E
4516,0.703793274237,0.0942090900064,0.212398830103,-0.698489941514,T
4517,0.126526890866,-0.597758058424,0.772461830038,0.406615119685,P
4518,0.47291713682,-0.828901504522,-0.236531944139,1.13817993646,S
4519,-0.903719219671,-1.37777727709,-1.8441900683,-0.472677417323,M
4520,1.02434428182,-0.450260593235,-0.683783461487,-0.661728619468,W
4521,0.127562373998,0.164954534788,0.302059134943,-0.774068740856,E
4522,1.11430950795,0.0405451436899,-1.94560480062,-0.051612735138,P
4523,-1.10512139069,2.33019862975,-1.632063769,-0.64205644547,Q
4524,-0.638923156693,2.08778360298,-0.664266873688,1.27975890117,B
4525,0.394658235781,-1.41518093447,0.909132595548,-1.03002663758,3
4526,0.229628659311,1.2214494688,0.267325253875,1.54696487169,F
4527,-0.754185676927,-1.42834340554,1.64293143918,1.2988582937,C
4528,0.276273761718,0.759065379096,-0.779599533024,0.224756024803,Q
4529,0.701377406387,0.12016209526,1.43200656513,-0.151164008576,D
4530,-0.595784982731,-1.44838128717,-1.43480865047,-1.8786321848,C
4531,0.500948697905,0.0705001032279,-0.443116787062,0.457912429478,9
4532,0.859546396113,2.78597107686,-0.532928794639,-1.13682821581,X
4533,0.711861098639,0.00273640226251,-0.400844152141,0.551365228914,1
4534,-1.44506248283,-0.611055479629,-0.322966946617,0.54738361468,P
4535,0.954099726062,-1.25736008385,1.00890258372,-0.906557894159,2
4536,-0.833364012238,1.0406937031,1.19796801517,-1.3129231091,N
4537,-1.29261411516,0.276692468154,-1.05074080457,1.53401268267,V
4538,-1.01376004699,-0.0665722579385,-0.620853922909,0.730213584512,6
4539,-0.97616887528,-0.974598183313,-2.19737016739,1.8523709141,Y
4540,-1.32972968472,1.08533137785,1.98057404207,1.17684100975,L
4541,-0.218698468277,0.0846662862322,-0.173542400081,-0.651511227568,R
4542,-1.98299142137,1.64359853045,1.46859789992,1.51674179275,P
4543,1.16488438917,0.0207641547176,-0.533329246529,-1.14503459564,3
4544,-1.49179906211,0.00756441213769,0.616604667771,-1.03741379671,Y
4545,-0.996030372591,0.137300541492,1.73178153808,0.175898039776,L
4546,0.30386104738,-1.05266161509,-0.970054546841,-0.785081314528,H
4547,-1.0013319354,0.0171807790538,1.78241016157,-1.19056781967,S
4548,-0.336102391466,-0.821629065309,-0.62618517135,0.571428907549,N
4549,0.422549798973,0.500042040825,0.513455808678,0.488155853567,D
4550,1.86787067037,1.4845820321,-1.35744289817,-2.62663711933,W
4551,2.00516672617,-0.685621936559,-1.56103048138,0.182441223881,R
4552,0.597000248932,0.22270846446,0.305167804049,-0.0805328901916,I
4553,-0.508773249441,1.02173424726,1.10864419183,0.943291270943,Q
4554,-1.17902006177,0.0363309270846,1.04283678364,1.0882222048,4
4555,0.951402041644,-0.307577808863,-0.368335406758,0.251812938517,N
4556,1.21833862783,0.713224474064,-1.29350675867,-0.760256789836,Q
4557,-0.637574912267,0.26430508117,-1.31830080924,-0.356750794756,A
4558,-0.27995191575,-0.48078795117,0.570095362591,0.0642803216313,8
4559,0.0701601952182,1.67139199387,-0.799068307941,1.15237521915,Z
4560,0.765127419982,1.03266114891,0.20223758582,-0.111697075821,N
4561,-0.164872077134,-0.20505213879,-1.35280785366,1.07098723558,3
4562,-0.921248785596,0.130183091856,-0.494699786632,1.20031965974,G
4563,-0.772597691428,0.971765757827,-1.17280715891,-0.629113714662,I
4564,-1.1680476192,-0.763391523445,-1.10101726786,-1.2252818223,6
4565,-0.487140834685,-1.57001419911,2.02370105914,0.942097604306,S
4566,-0.960109537535,-0.599788708126,-0.420131232746,-1.06030457269,N
4567,1.14577395971,0.271638101868,0.158536461126,-0.138008496423,Z
4568,-0.193084172498,0.966615598408,-1.28847490105,-0.604217202991,X
4569,-0.32850330582,0.848667855713,-0.0465495757159,-0.34978376267,Z
4570,-0.350641166323,0.682651801838,1.21311000355,-0.422607458982,Q
4571,1.62355806957,-0.389625926884,2.02048547686,-0.204084789532,P
4572,-0.281836288141,0.799263959008,-0.0336468325356,0.0417077579466,M
4573,-1.37962724985,-1.12480709842,0.0765727947042,-0.908952629489,J
4574,-0.481684847988,1.31709990956,-0.913979033311,-0.677304004251,K
4575,0.574355859415,-0.732227953104,-0.158524395444,-1.79488993722,2
4576,-0.556245520489,-0.972948130828,-0.358833604218,-0.229476947367,B
4577,-0.66214197248,-0.182813043716,0.328314602924,2.25219423183,Q
4578,-0.209264365144,1.11609716094,-0.839968459552,0.4917501115,W
4579,0.412336945722,-0.46401227835,0.112052135657,0.829024115073,G
4580,-0.292731179187,0.152551896658,0.17142074717,-1.67651412448,X
4581,-0.810217142812,1.70764467309,-0.29562259442,0.205511313282,H
4582,0.443111229087,0.546865887965,-0.815407176367,-0.814718294187,9
4583,0.421462014369,-0.836823207563,1.42580423759,0.0523787733167,O
4584,-0.761552831379,-2.15348119654,-1.24191736203,-1.00006613764,Y
4585,-1.74084323204,-1.61840533097,-0.206716811748,0.0885236732286,5
4586,0.862218665973,-1.02809105415,0.132115501033,0.920400144314,W
4587,1.15134711632,0.109755691825,-0.987296792559,0.763409498777,V
4588,-0.910334540236,-0.982107231739,0.4902264385,0.643449468038,Z
4589,0.761674334864,-0.617405895191,-1.65258477842,1.8755176619,U
4590,-0.994851042536,-0.10349657939,-1.57733488725,-0.537262764861,J
4591,0.41050036481,2.35197116378,-0.97447979132,0.163615325464,T
4592,0.36384323618,-0.331078602072,0.00841093443977,-1.8089522996,Y
4593,-0.726562578488,-0.26114074372,0.243103290471,0.142010741304,X
4594,-1.01093123725,1.01473905996,-0.925784490381,-0.869490578157,H
4595,0.938798717736,0.421109969898,-0.105712068891,-0.563259551723,F
4596,-0.639066820623,-1.28946905741,1.12461840654,0.608780169403,E
4597,0.853379697811,-0.51483754096,0.0973156399369,-0.29752252718,2
4598,0.94774937481,0.259260159951,0.549507330206,-2.63681423282,R
4599,1.90534954455,-0.0120548434312,2.43179146247,1.23799691129,N
4600,-0.516668359351,-1.80923618898,0.416144059504,-2.28058797373,H
4601,1.02777951126,-0.0274045926422,-0.564503030393,-0.119946714041,7
4602,1.55120387297,0.466685124976,-0.641259955201,-0.18174401076,H
4603,0.926318464366,0.927290601245,0.117345511973,0.68985159387,P
4604,-0.632273080236,0.324688408795,0.298192933386,-1.0172733559,C
4605,-0.0158740950265,0.788400793745,0.638824670639,0.372047899762,B
4606,-0.010017321895,-0.32695451286,-0.31823590213,1.04604419541,Y
4607,-0.634580292563,-0.522507979102,0.0685666156492,-0.884559531219,E
4608,2.05065268465,-1.18154915066,-0.533822033696,-2.12531292737,F
4609,-0.908868231614,-0.793014142453,-0.335109038577,0.0374922559769,7
4610,1.2241099505,0.958274145663,1.32975751534,-0.253768391221,H
4611,1.71814352165,-0.648634472817,0.1424226142,-0.403444926023,I
4612,-0.533004856114,-0.214491349788,-0.235922689724,0.9149299398,0
4613,-1.39075910696,0.211406286469,0.590674181073,0.0832624575212,Q
4614,-0.928091152254,0.70195625048,1.03917784458,-0.762259190043,N
4615,0.72867183608,-0.383445985935,-0.562925808581,0.423290394881,W
4616,0.370023897628,0.0320204251703,-1.26304989909,-0.661189728673,L
4617,-0.174517541449,-0.253561303185,1.36344112483,-0.352336950599,E
4618,-1.46212349337,-1.02408033265,0.516048048624,-0.274181111882,O
4619,0.149626247552,-1.25849281879,-3.14701156647,0.64737731324,U
4620,0.718572411262,0.122686536106,-0.264683241279,-0.0124673163138,Y
4621,-0.583261123227,1.86609585372,-1.29196176134,0.501720480034,9
4622,-0.215772191528,0.0962581533943,0.500505854044,1.26603239651,P
4623,-2.00888695665,-0.463262449711,0.235280097167,1.5763809331,O
4624,-0.389030855657,0.756333089626,-0.7271883968,-0.241930389347,K
4625,0.0947555661679,1.44339510027,0.421278686475,0.521303731115,W
4626,0.2113972845,-1.09106242295,-0.885884935981,-1.17421052926,Y
4627,0.86797079808,0.0598448838376,2.11767405721,-0.275678335507,Q
4628,-0.689219615703,-0.498567456429,-0.75448693175,0.249617849825,N
4629,-1.42231259979,-0.799299043152,-0.81816832882,0.175178717878,Q
4630,0.12105782063,-1.39175755391,0.540613703281,0.610207516437,I
4631,0.320296932058,2.23958793722,-1.14674139894,-0.510207686705,A
4632,-0.690141911162,0.491000756184,1.05833166104,-0.00898897852961,A
4633,-0.521702563056,-2.2992284354,1.04297429809,0.0224880517746,F
4634,0.255020814038,0.547389566602,-0.590398411856,1.0408746278,X
4635,1.17362315346,-1.47036633704,0.391081992179,2.61473306864,P
4636,0.408012033378,0.666054476474,-1.33205131558,-1.77327000572,A
4637,-0.40466508765,-1.82679566163,0.0510815643387,-0.38915532463,H
4638,1.31123318219,1.07163583275,-0.691517208418,-0.197166005505,K
4639,1.32948333693,-0.314181397961,1.1552500717,-0.310137704948,B
4640,-1.33495964376,-1.37341691193,0.0212635301145,0.902418238064,Z
4641,2.26828155848,-0.00732947160686,0.394682682766,-1.67980344276,A
4642,-0.304685066971,-1.35629610351,-1.62041924033,-0.569421791226,Q
4643,-0.530817561108,0.800831462137,-2.27478067246,0.170541062213,D
4644,-0.00179986983782,-3.4653558453,-0.827826077789,1.43080821594,Y
4645,-0.261444375509,1.48631429918,-1.03957864586,0.719062435257,A
4646,0.62762234217,-0.46919389474,-0.101264239068,1.89167555183,I
4647,-0.329298496659,0.0717152253405,0.479169387265,-1.0790751319,Q
4648,-0.742764960953,0.759029529798,-1.11810900429,0.884686955416,V
4649,0.383763774827,1.11581944114,1.33311278763,0.371440405137,N
4650,0.137338425346,-0.662399039657,1.7571400095,-0.909404566909,W
4651,-1.53960538842,-0.895458217211,-0.233274750243,2.66655612119,L
4652,0.0353039138924,-1.94248713729,1.24211758155,-0.184326342353,J
4653,0.182066404508,0.434355323079,-0.583836351776,0.616159546221,Z
4654,-1.25990105329,-1.11409988744,0.283941450122,0.797891659445,X
4655,0.988201686454,-1.16336690726,0.115797150455,-0.048534985658,Z
4656,0.236979548584,-1.60238488736,1.11837989374,-0.554615854672,L
4657,0.900937660768,0.716453965152,1.81187532375,-1.33070373795,S
4658,0.727674783924,-0.938173916416,0.479873744399,0.347832185007,T
4659,0.287110072224,-0.346400077377,-1.15967566037,1.04924310759,Y
4660,-1.09946636266,0.356532775254,-0.167410152699,-1.17486770267,E
4661,2.1283707566,0.678285501341,-1.13497406993,0.492645207942,W
4662,-0.839113824688,-0.00629898159072,0.822816731551,-1.68470741455,K
4663,0.883543016678,-1.08390836156,-0.0563487493394,0.571913010804,4
4664,0.394935659169,0.935667577549,0.401927372893,-0.0626312737887,X
4665,-1.23974059305,-1.06399123524,0.117355131206,0.529984300876,H
4666,-0.921698915115,2.01375842574,0.578415807888,-0.832472037503,H
4667,-0.438838985571,-1.68872582237,-0.772547963494,-1.13887365375,G
4668,0.367193623945,0.588573768007,0.63705434795,0.636911713473,A
4669,-1.39824091937,0.701901911749,-1.6039740305,-0.00191015659499,5
4670,-0.759556384559,-1.76728167174,1.90306987097,-0.191658537688,M
4671,-0.0325374154026,0.924378833659,-0.148703780094,0.321012177688,5
4672,0.209908624091,1.62333189849,-1.14475403621,0.412215898863,E
4673,-0.457389497523,-0.117801477433,-0.32397183724,0.87981619223,I
4674,0.126167352241,-0.170581518245,-0.086927529729,1.42652676089,0
4675,1.38530572842,-1.47087255798,0.59369209983,-1.33194260542,W
4676,0.411997030112,-0.792781344662,1.11709531707,3.37295110815,S
4677,-0.794808010698,0.294574039582,-1.23511365799,-1.03851383432,H
4678,-0.400434824925,-0.0408743084732,-1.53988520595,1.30612484373,9
4679,0.0699993363635,0.856248596248,-0.599017277237,-0.766095044295,P
4680,0.480274367534,0.934570545918,-1.23317116217,-1.02728893157,I
4681,0.169191485435,-0.24147182354,-0.199200577419,-0.42158335915,S
4682,-0.274242841274,1.46520620864,0.0983658151306,-0.166066319638,5
4683,0.350213524144,0.375084339419,-1.31954575896,-0.105641098649,P
4684,0.238529004497,0.37315459461,0.75596221298,-1.68183628998,D
4685,-0.222048141486,2.13619965929,0.197332538369,-0.539230303526,G
4686,0.375308784071,1.16542736895,-1.35745312889,0.612016863226,M
4687,-0.463572516619,1.76608711618,0.455837038526,0.255511649762,0
4688,0.279987620365,0.420717170016,0.805524014081,-0.755125227341,L
4689,0.930874248303,0.0606505882541,1.62367108664,0.0860153472264,T
4690,-0.292948973947,-0.880245087659,-0.58117838012,0.654814808604,C
4691,-0.204133216404,0.333148655006,0.406851809035,-1.16939138914,E
4692,-0.242473906162,0.331982023684,0.290742328485,-0.278749501439,X
4693,0.145993094168,1.9304475604,1.72013936155,1.37752246006,D
4694,-0.617593289332,-1.61459102215,0.016190729139,-0.604622352054,D
4695,0.922978305801,-1.29205533331,-1.35199744332,0.283805565248,J
4696,-0.928138328936,0.852961137271,0.0244439954446,2.34055255809,W
4697,-0.821975954987,0.817373988272,0.451824760042,-1.5700276798,2
4698,1.32173710851,-0.400620518794,-0.807798064685,1.01563144261,M
4699,0.711289457197,0.923190427705,-0.455170176161,1.06781436898,0
4700,-0.0473042822119,1.39417991714,2.34460962441,-0.0023966537126,A
4701,-1.68833560877,-0.34635181462,0.425520384037,-0.224832006719,N
4702,0.160532758569,-0.687899003181,-1.42119553711,-0.272782612488,I
4703,-1.06680985591,1.25993735104,-0.206259375156,-0.970698643303,8
4704,0.745745145667,0.218009162287,-1.16438909867,0.998143664553,O
4705,-1.11369373771,1.71432477317,0.0812320103556,-0.774843957654,4
4706,0.836288834404,-0.640711544732,0.214117823982,0.672352803796,X
4707,-1.25373252201,1.75515388592,1.00968391267,0.813606878515,E
4708,0.688122013016,0.107562816071,1.26869029345,1.58572469791,O
4709,-1.0009468033,0.543779192221,1.70153691822,-0.824417749374,5
4710,0.259233095573,0.384970064867,0.623987326179,-2.26782692831,X
4711,0.681097356909,1.81924389122,0.669091092328,-1.13871377546,Z
4712,0.0795039851048,-0.515797218581,0.0340167738489,0.533996611324,H
4713,0.408100718791,0.314262768717,-2.7008336357,0.8859132187,D
4714,-1.04382757147,-0.659637977971,-0.383559155064,3.06084605348,P
4715,-0.559462647597,0.347588219136,-1.73081163024,0.51756309002,V
4716,0.980145396606,1.3943268393,-1.45622420078,0.791639097546,Z
4717,-0.723501045729,2.55827129575,-0.850818278873,-0.475866884991,3
4718,0.100228489579,-0.570544048368,-0.00256505707677,-2.14829278736,B
4719,-2.00615363112,1.06267593795,0.56906021752,0.418153033207,D
4720,1.69852127828,-0.877714779877,2.72960265078,1.44346405127,8
4721,0.151382624623,-0.519385612794,0.389304096496,-0.481319320882,P
4722,0.945800588359,0.619985495344,2.09055348836,-0.437160156717,E
4723,-0.921652202904,0.748417609237,-1.99396792327,-0.438938179369,2
4724,1.93629465427,1.16277968735,-2.15459014518,0.718838726399,K
4725,1.55096996594,0.188206649625,-0.850501609279,-0.990649082908,K
4726,0.482061362676,-0.204229296934,-0.500644028219,0.319990573079,P
4727,0.223549309464,-0.195633062902,-1.18184207473,0.874798163863,H
4728,0.152340481812,-1.23936177911,-0.572878483917,2.02312146268,G
4729,0.364105113863,0.911929576062,-0.0565181763893,-0.468410058252,Q
4730,-0.76629382399,-0.268946105462,0.72287957043,-0.744594427195,Z
4731,0.769704932653,-1.63963520121,0.49883531679,-0.237019181977,F
4732,-2.18986993218,0.334059256748,-0.248977380577,-0.303729944929,Z
4733,-1.21916745213,-0.0941635031273,-0.759448590448,-0.373387208339,I
4734,-1.33130261999,0.159015019349,0.488239986316,-0.421206185344,E
4735,5.66223950651e-05,1.47588379362,-0.493882954239,-1.34734418967,7
4736,0.427966081718,-0.46214280229,2.54893104406,-0.643161909124,V
4737,0.326544941745,-0.360347945999,-1.71274713701,-1.03105326798,R
4738,-0.85799476887,0.301968676798,-1.46687613655,0.306274571171,M
4739,-1.09745814607,0.394401226267,-1.25529302567,-0.439218073891,W
4740,0.172591073062,-0.264389854116,-1.4983040704,-0.0724826418581,2
4741,-0.537247253004,0.98716575092,-0.415319198617,-0.91104583769,0
4742,0.736183451939,0.215746005899,-0.396431235406,-0.0117007054873,4
4743,-1.91678390826,-1.35673032742,0.109771433938,-1.22650908046,I
4744,-0.583047285811,1.13782871975,-0.592200591531,0.409020223143,L
4745,-0.377472167522,0.867823616265,0.14636073339,0.649429871836,L
4746,-0.669547665812,0.118215338219,-1.47648593903,0.535221716864,J
4747,0.94305029621,-2.48024260876,0.571788750306,-1.37133136033,E
4748,-0.556300424355,2.47179482559,0.387172042862,-0.374153804257,O
4749,1.12951868617,0.415313347837,-0.0370965086442,-0.150884904396,L
4750,-1.60041251525,0.159826095085,0.150359408882,0.0880602196173,C
4751,-0.792301914625,-0.76524690822,-1.02191016877,-2.05883831483,P
4752,0.492471995323,1.07503848839,0.85528879451,-0.0210789627351,E
4753,-1.0371043808,0.431853941696,2.73007053165,0.452413048807,U
4754,0.486590504702,0.122527086827,1.38833975452,0.014269667216,V
4755,0.0316208497834,0.222669440668,3.02527302239,0.412352352536,6
4756,-0.516121355321,0.433223672609,-1.82153673285,0.666071365629,N
4757,-0.127360692927,-1.41909321855,0.364285103981,0.709469209782,M
4758,1.28661958577,-1.32458630079,0.498088685367,0.00187521138031,G
4759,0.941217850379,0.937460704898,0.993775149075,-1.54101090001,K
4760,0.140539288686,-0.675597555628,-0.0505261131976,-0.392512773928,O
4761,1.10081124131,-0.0718888144294,0.748639496112,0.926795818871,D
4762,0.904096042076,-0.387636017016,-1.83255018555,-0.0250052448144,6
4763,-0.723900813821,0.389482891181,2.04158480652,-0.193698755926,C
4764,-1.55629369485,-0.358824351591,0.0940718408771,-1.16363196789,4
4765,0.257939508589,-1.34435565921,-1.61586307322,0.534847399684,U
4766,-0.955549393968,0.72161034695,0.544828820953,-0.773343863284,Q
4767,0.0849826475437,0.643734355643,0.924384402933,0.820763855794,4
4768,0.339438074384,-0.512475033534,-0.140745455826,1.77211735938,B
4769,0.738018907393,-1.09093175979,0.936386888804,-0.0371964282075,6
4770,0.498951192333,-1.60979591379,0.202239168837,0.333631436537,M
4771,-1.42127543108,-0.892238364289,-1.07919052889,1.36187145509,O
4772,0.571228139723,1.10725894135,-0.489435902443,0.439029935288,J
4773,2.34310409946,-0.0528592816379,0.536494792421,-0.256877717049,R
4774,-1.64971917155,-0.588895770961,-0.542998010496,-1.42952856916,3
4775,-1.23145473495,-0.141106337919,-0.0452990875334,-2.03329026729,A
4776,2.04617613644,0.00349119312846,-0.419639438874,0.338628978631,G
4777,0.455333559288,0.586218618595,-1.65973347887,0.745404258902,Q
4778,1.08503958745,-0.416365170868,-2.09440497656,-0.291052618483,A
4779,0.223690415104,1.39966068901,-1.0526317556,-1.19815587788,F
4780,0.285272152024,0.16757342445,-0.111291986358,0.310478952482,X
4781,0.063792644617,-0.837654458103,-0.677238472193,-0.626083547637,U
4782,0.0872846336079,-0.517900176368,-1.18433247226,-1.08661011473,M
4783,0.131171319839,1.34071851793,-0.134506607695,-0.599765053446,W
4784,0.413138822462,0.297188164955,-0.674360984798,-0.868656779474,Y
4785,-0.725957164077,-0.998949099333,0.592401903876,-0.818485681309,F
4786,2.01910601018,-0.870474209704,1.63956888769,-0.0186482972906,I
4787,1.52281658748,0.863990876198,-1.08472489824,0.995037186146,I
4788,1.59949539848,0.878765691631,-0.0318207476758,-1.5411366179,E
4789,0.0325844034946,-0.830247392859,0.0935280139959,-0.88542083393,T
4790,-0.218408198958,-0.479249697084,0.269820430019,0.587702567725,K
4791,-0.811632885386,0.880449044913,-0.355220991965,1.26746285098,V
4792,-0.331629285299,0.758538821203,-1.84899196322,-1.41798317763,R
4793,0.732672048983,-0.744897874133,0.512209365425,1.41749465308,4
4794,-1.28084916124,1.2000188395,-0.946479986539,-1.23655019214,H
4795,-0.154020827453,-0.413900354315,-0.475061072166,-0.452329618785,P
4796,-0.232235333519,-0.36847173223,0.993501179895,-1.02101002345,3
4797,0.781139612664,1.34234562331,0.913417802472,1.77422225806,O
4798,1.68121039922,0.372873798085,1.31129817203,-1.13375682387,U
4799,-1.24054657395,-1.16822655788,-0.580810292768,1.07676416929,E
4800,-1.29491390531,0.331681667567,-0.085695222413,-0.380569203981,M
4801,-0.049305332823,-2.43881064713,-0.682628072115,-0.573967632167,Q
4802,-0.650771376287,-0.881442495616,-1.6948258761,1.43701618875,H
4803,-0.3963280984,-0.0452369599772,-0.82059866906,0.975118263886,I
4804,1.39805690189,-0.416834817448,-0.527764816545,0.655062660925,O
4805,-0.491837526362,0.252637810754,-0.712339559884,-0.134047513446,0
4806,-0.336568550864,-2.26989907835,-1.0710227466,0.943109716272,B
4807,0.756196944988,0.732624671297,-1.37274103159,2.87887107534,4
4808,-0.269079207469,0.639092505229,1.24410594108,-2.13611141214,I
4809,-0.308117543971,1.03423229452,-0.431444965322,0.994420033434,N
4810,-0.477304770346,0.350103060467,-0.825060983305,-1.61021866996,K
4811,-0.197311266495,1.49938437912,-0.450783103794,-0.543043564902,E
4812,-1.05625253562,1.32937402811,0.133393393512,-0.675953526835,5
4813,1.65880033704,1.2109383643,0.302966029029,-1.9723372194,U
4814,0.754500105805,-2.84593272352,1.25348652021,0.339283681809,K
4815,0.297284273164,0.420508090238,0.580422608514,0.909306175305,3
4816,-0.76321762939,-0.644610022908,0.200416889937,1.01539426888,W
4817,-0.193426879311,-0.461657552917,-0.340601033085,0.79847612844,Y
4818,-0.0863577789857,0.278118692284,-0.796804928082,-0.224211991875,J
4819,-0.349744701235,0.754808662329,1.09616927863,-1.31170459798,M
4820,0.961266099257,-1.46778844208,-0.381348688075,3.41273351296,S
4821,0.673155528024,-0.895039545756,-0.887768316474,1.03686108804,A
4822,1.67472533372,1.31104788835,-2.12170769834,0.744071402699,D
4823,-0.855255037706,-1.54022504577,-0.44504266492,-0.937946606221,W
4824,1.67778291259,0.670607667605,1.07874713842,0.26864676133,M
4825,0.951291266659,-1.04088336394,1.45237389809,0.205420588348,T
4826,-0.683097887861,2.9216360691,-2.35528521138,-0.835637235212,G
4827,1.34426326251,-0.900980064491,0.568158456451,1.05577289501,N
4828,-1.10859803141,-0.652089420449,-0.564324183872,0.768528153968,A
4829,0.866475879819,1.01904456102,-1.3055447184,-0.511820733324,E
4830,0.0336227249884,-0.521880676982,0.35910131472,-0.119273822888,H
4831,1.31906604769,-0.396321693019,-1.24960484384,0.121016911634,E
4832,-0.199601266224,1.00674727456,-1.41558472498,0.691379397029,M
4833,-1.02301936727,1.19496379397,0.255706928476,-0.457100512662,0
4834,0.0652278045305,-0.575107373281,0.182695662891,-0.828034532989,O
4835,-2.82599726093,-1.29774434477,1.04919134315,1.84040399386,Q
4836,-0.179054955592,1.17439327596,1.73468010559,-1.91880005489,I
4837,-0.729083204046,-1.31977350694,1.5283421117,-1.09292106377,8
4838,0.104814349187,-0.552227972234,1.35323818987,0.630351971381,G
4839,-0.255672483988,0.775342891726,0.387702137828,0.0418494551318,Y
4840,-0.587911322785,0.873910372309,-0.304845920201,-1.05027521033,M
4841,-1.33426075553,0.244746876054,0.467975323645,-0.815458542903,Q
4842,0.438789581994,0.395960469908,0.579843229114,-0.738805475948,S
4843,0.000146530085908,-0.713570904478,-0.727029685305,0.207665206445,L
4844,-0.693389161461,0.133031836655,-1.81038531981,-0.206715974803,J
4845,0.312562281614,0.702847315732,0.531875411792,-0.419881861122,K
4846,-0.72994891374,0.909011091713,-0.368559501292,0.712992749964,E
4847,0.0295548609596,-0.0529727450304,0.687465466262,-1.87728427811,L
4848,1.04361055558,-0.0838950974768,-0.563813578305,-0.637313722505,C
4849,1.33212030119,0.432326957381,-1.0716308531,-0.353301446466,2
4850,0.433454205741,0.493090342954,-0.430091219215,-1.24739175022,S
4851,-0.388183036252,0.717130413588,0.104644785048,-1.34474922968,V
4852,-0.309841435596,-0.0556518391709,-0.471842937587,0.286450798247,H
4853,-0.10828356148,-1.61065829236,0.452592196848,1.94223950052,A
4854,-0.124121110466,-0.454045802778,0.0193995787656,0.700822612342,F
4855,1.11394609825,-1.85683176362,0.81443068184,1.19548157654,C
4856,-0.685256694272,0.124450265983,-0.505895355436,0.642685156877,L
4857,-0.631721617603,-0.143666478319,1.08793628245,0.219917483414,Y
4858,-0.187874760576,-1.48158409815,-1.0547680998,0.20038830298,Z
4859,2.41239638962,-0.338503880638,-3.23439138156,-0.688067285952,P
4860,-1.9462312239,1.37207972876,-0.221379762679,-1.12699594624,J
4861,-0.226293445835,0.0401963494412,-2.77001770957,1.11509332768,H
4862,1.00806977374,-0.423869233278,1.8897126832,0.348197686869,W
4863,0.971149249318,-1.32616582025,-0.354045936994,-0.327411143482,B
4864,1.36353051114,0.135903703892,1.46731318356,-0.127779495965,6
4865,-0.19197145977,-0.123172297399,0.510274218386,0.399055290176,H
4866,-0.751564616688,1.86823193803,0.0886936677273,0.470142846466,H
4867,-0.699964735883,-1.76355121411,1.82848889807,-0.880434405584,L
4868,0.0260083276047,0.920829784862,0.371928190593,1.21384797207,V
4869,0.680894289163,0.578016409835,-1.21484038451,1.44762363744,W
4870,1.39327052397,0.0435632544791,-1.146234218,1.17880695603,R
4871,-2.19086950852,0.44790006442,0.982867191279,-0.103476657828,Q
4872,0.849065019414,-0.657636267962,-1.70064256543,-1.23527182936,K
4873,0.356928303944,0.729238575934,-1.16525974664,0.0969562541038,7
4874,-0.615839157106,-1.02152825853,-0.775866788286,-0.585817912809,B
4875,0.0941280496711,-0.637392107258,2.35679915261,-0.716469860111,E
4876,1.38850825692,-0.0234837365833,0.376429178738,1.64489617536,K
4877,0.418292759723,-0.817763260527,0.0175127262705,-1.00715977501,M
4878,-1.02322878472,-1.66426790996,1.29433373219,0.333396239157,P
4879,-0.357209186505,-0.812384920199,0.164543846545,0.395520652446,E
4880,0.243235091968,0.198340970477,0.146675326609,-0.912407950633,B
4881,0.100768448376,-0.111568568318,0.442554649842,0.655966490529,R
4882,0.202153755435,-0.403594279834,1.08693821044,0.0571988931779,C
4883,0.682939474818,-1.25740887569,-1.03095120356,-0.695575887968,V
4884,0.224673650561,-1.28298191411,0.170885761371,-0.72666181024,4
4885,-0.81574968852,0.0416703835773,0.449463712687,-2.60614480621,Q
4886,-0.670342332976,-0.181165069273,1.51316512869,0.241033275228,Y
4887,-0.421222629323,-0.506196052729,0.667947006081,-0.252557001408,F
4888,0.0356510040138,-0.0349447892103,-0.354961292903,-1.00323924187,9
4889,-0.853609950686,-0.436814381594,-0.871246067907,-0.0162318805644,M
4890,0.720569698538,-0.12368692566,-1.70015409095,0.301859068104,6
4891,1.00600208149,-0.282086676389,2.90520202543,1.60357122905,3
4892,1.33078157887,1.25342207656,-0.876879953169,-0.939893841763,A
4893,-1.13908371589,0.521191884293,-0.693467894987,0.703674352254,Z
4894,0.32237578151,0.314142765689,0.260488034437,-0.496940556074,Z
4895,0.998554474257,-0.814302246659,1.04821975405,-0.0615903771574,G
4896,-0.00502519161042,-0.711575161614,-1.7320073944,-0.517527817753,E
4897,-1.57729022239,0.516398621773,1.19967266911,-0.512883724356,5
4898,-0.856402921327,0.0317180388109,-0.48867731018,-0.819806621925,C
4899,0.879164164607,-6.87039017353e-05,0.0851421932229,-0.737687908672,E
4900,-0.917820624958,0.0583672724068,-0.531512220961,-0.812805362046,Z
4901,-0.759938801046,0.10565513117,0.0517595045228,1.12498746591,E
4902,-0.179007752923,0.577350578,0.638650462054,1.51324343654,Y
4903,-0.792080993285,0.311284469838,-0.154407809749,-0.351270888659,Y
4904,-1.33130391846,0.893180615133,-0.0818464184847,-0.294822978963,U
4905,-1.1975743343,0.568163820583,1.98516367888,0.583706200654,Q
4906,-0.0910102711284,-0.72764821894,0.315931873022,-0.0314558889142,U
4907,-0.228641076424,0.00979227123029,0.409629522564,0.028353200635,U
4908,1.42908929255,-0.0297455723289,-0.140590061656,1.00768745361,0
4909,-0.851548444586,-0.260413376981,-0.407416098231,0.0683278470549,M
4910,0.451367134559,0.434449932361,0.70073558306,0.190064683453,V
4911,1.27320362836,1.48258566991,-2.01227159324,-1.37778539264,B
4912,0.665903957171,0.656232757675,0.304479707619,0.159378844096,P
4913,0.206585239638,-1.10114726087,-0.707540897003,-0.978277029763,T
4914,0.990034482357,0.111278235777,-0.503771947105,-0.895681219964,C
4915,-0.684401120074,0.509116920103,-0.957427019668,0.130915958699,U
4916,0.034603865237,0.769922070912,0.168947506298,-1.61044278835,K
4917,2.48734717001,-0.258828717066,-0.970272174128,-0.531656068783,7
4918,0.842772347254,2.66506017346,-0.0933887692822,-1.22298581578,C
4919,0.556821533814,2.10532106684,0.408342363677,-1.06952799595,X
4920,-0.566608487663,-1.80612311106,0.00723679397273,1.14246042313,L
4921,-0.347958047771,-1.70329780095,-1.27677896747,0.016063414931,Z
4922,1.68928528604,-0.243741291762,-0.0328599153251,-0.699973544707,X
4923,0.512343746976,1.10588560379,0.996068399717,1.86630341595,E
4924,-0.695322671369,-1.13816410412,0.995712525369,-0.789439880785,T
4925,-0.494161886817,-2.27768988196,-0.0927977432127,-0.0412041183027,N
4926,0.102128255696,-0.497692506439,-1.2404019268,-1.37668191774,P
4927,0.532616345844,-0.955477479034,0.825892603513,2.39044789991,Q
4928,-1.27174117295,2.01804584008,0.124696038762,-1.1380608374,0
4929,1.16388529444,-2.19758759565,-1.19805498631,-0.422572367407,E
4930,-0.679812513384,0.274314278446,-0.178447578753,-0.426898618812,S
4931,0.933633898912,0.350503634407,-0.468304135728,1.15617294229,T
4932,0.648978269635,-0.0959148686079,-0.0638389788879,0.0860773134828,2
4933,0.611148995312,-0.742646729166,-0.250950798954,1.6108752152,F
4934,-0.141520498289,-0.351262783086,1.96506991024,0.297953599083,2
4935,-0.684331972915,1.01187460935,0.70650636507,-0.181270681137,3
4936,0.268776734778,0.214678354876,0.42727178463,0.521098868458,D
4937,1.16729953082,-0.0180285216823,1.08684065028,-0.686287395778,R
4938,0.329986083788,0.299002867554,-1.50203698932,-1.86698381909,0
4939,1.02625695504,0.389163275741,-0.433496404284,0.159209973881,N
4940,1.47801112182,-0.29544722812,-0.276814207824,-0.3162505872,D
4941,-0.343394172769,-0.0835139027575,3.05334492778,-0.57314918205,5
4942,-0.0304983004796,-0.380566259652,0.482507158938,0.00452875346031,U
4943,1.00378858999,-0.688903430455,-0.627384063578,0.704902457771,K
4944,-1.46697079336,-0.0862892733564,-1.82922699204,-0.21229006081,Z
4945,-1.07101254008,-1.46101742425,1.33743575745,2.29750830376,V
4946,-1.59475998689,-1.0956867318,-0.941550586512,-1.54025750712,F
4947,-0.621688855453,0.613429557372,-0.756052306212,0.647458293632,N
4948,-0.891974106918,0.507887559927,-0.220682668061,0.0622325247424,B
4949,-1.18633164337,-0.45056234874,-0.546765766983,-1.05726599285,B
4950,-0.166791134618,-1.10568393926,-0.0788695450821,0.0521644667501,G
4951,-0.188106064548,-0.248578049448,0.490971120252,1.54771167874,7
4952,-0.138187582345,1.18774063338,1.90246012098,0.953902720226,E
4953,0.104037779949,-0.113550963079,0.764308215447,-0.918112487536,N
4954,-0.0105891245446,1.30018068416,0.796238870636,0.982547428655,Y
4955,-1.02515245618,0.896530652279,-2.33638014354,1.03323190369,X
4956,1.85135657271,-1.35936736304,2.39693285678,0.21464761982,B
4957,0.683998573878,0.638675296326,-0.27729610029,-0.996665031687,P
4958,0.0861463712494,-0.918117142863,-0.541719770848,0.536130968068,O
4959,0.84185677345,0.913906538505,-2.57507869955,0.794486917428,R
4960,-0.890223307632,0.58286442763,-0.999817944464,0.472839464612,P
4961,0.365284774282,1.43914146245,1.54964189908,-0.181554052833,6
4962,0.172716412222,0.202306824443,0.956202781979,-0.145276849671,F
4963,-0.830696473284,2.15207551169,1.15964228021,1.23727862354,K
4964,1.07897929966,0.0313087868678,-0.134672010112,0.438420092912,1
4965,0.505521795956,0.563120003372,0.752423766826,1.25290897961,L
4966,0.120993682064,0.416448592196,-0.643344448819,0.585661214561,P
4967,-0.686920732051,0.439469047074,0.320119462122,0.84197659869,C
4968,1.54067741422,-0.824946411537,1.04644435733,-0.890283085945,J
4969,-1.63069019177,0.467838170439,0.299393737409,-0.0865049052479,B
4970,0.633494778804,-0.186524009218,0.927626965339,0.143163919205,K
4971,0.308635854456,-0.112857308281,0.762842218963,-1.07297708256,N
4972,-1.62705067432,-0.97815141263,0.154744635774,-1.22903670661,F
4973,0.3148469838,0.0979888456607,0.199608299962,0.95519346772,H
4974,1.6669071275,0.992005251442,0.496127673055,-0.686391014806,G
4975,0.0106028383268,0.708539635302,-1.25871092114,0.226540952916,3
4976,0.11869281378,-0.714454714392,-0.50134244455,-0.254763929933,5
4977,0.302616230947,-2.01152735667,-0.628084547049,0.768826864455,K
4978,-0.0985721257172,1.76908645538,-0.215026976047,-0.053076199659,Z
4979,-0.0190579326345,1.96499405621,0.738537929544,-0.883775928618,4
4980,-0.595349058225,0.00178120547993,-1.42335533545,-1.45847723898,L
4981,1.39217049077,-1.39655962763,-1.42530626093,-0.847535140771,C
4982,-0.896028542768,-0.152287244864,1.92448322383,0.365183971059,M
4983,-2.27464172743,-0.901873739278,1.50035163127,0.996540537761,P
4984,-0.30189755765,1.01990578818,1.10216033286,2.62452608968,K
4985,-2.54838896657,-0.585373738403,1.496201467,-0.718814745545,7
4986,-0.0645879626599,0.759291883006,-1.56841485777,-0.420933037922,I
4987,-0.143365411354,-1.11175954725,-1.81558086703,0.435273612751,U
4988,-0.070412399543,-1.05592096242,0.338016708521,-0.440762523974,K
4989,0.649148000252,0.994272913069,-1.38422724628,0.485120032364,O
4990,-0.370768721563,0.404356340287,-1.05162846226,-1.05089891162,4
4991,-0.409980111625,0.155627076006,-0.81898965427,1.27735013287,O
4992,0.301213589188,-1.11120335047,0.668257684091,0.671921855703,0
4993,1.82111702878,0.416444799351,0.173874079053,0.505118430246,S
4994,0.0688036448846,1.32275858021,0.802346253327,0.223617809159,H
4995,2.31189587899,-0.41707032545,-1.40959852635,-0.515820726027,X
4996,-0.479892969973,-0.650418530998,0.745152119818,-0.646037876591,M
4997,0.523330748868,0.787112113221,0.486066142508,1.09315580825,5
4998,-0.362559431988,0.598893993038,-1.84320146381,0.887291508481,T
4999,-0.0963755510259,-1.01299883547,-0.657431480807,-0.573315211841,U
5000,0.467976300189,-0.0386485396255,-0.295344251987,-1.82472622729,1
5001,-0.358893469543,1.40445260007,0.704964644926,-0.200638304015,Z
5002,-0.50184039929,0.659253707223,-0.421690619312,-0.0576883018364,3
5003,0.204886212202,1.07413396504,1.38836131252,-0.982404023494,H
5004,0.354627914484,-0.133115852296,0.283762637978,-0.837062961653,B
5005,1.81748001608,0.742272722638,0.419394843928,-2.25103520513,L
5006,-0.776764319165,0.935517747061,-0.332871759623,-1.87564085416,O
5007,-0.913134961617,1.53062351168,-0.572656719239,0.477252252981,8
5008,0.358479538224,-0.49757199147,-0.367016188009,0.507701778685,W
5009,-1.74087710829,-1.16041658062,-1.63783027929,2.17220101238,G
5010,0.24056373835,-0.328249185208,1.25215525783,1.07279626643,Y
5011,0.764018252198,1.16547617218,-0.639544262638,1.49525751956,S
5012,0.571034923177,-0.310537224251,0.582437274651,-0.2987651796,E
5013,2.31765810894,0.430709506296,-1.33421573445,0.199679483557,R
5014,1.54777073472,-1.11975292512,-2.27763354506,0.329585909852,B
5015,-1.31060811665,0.401719086645,-1.00098707369,1.15670834954,L
5016,-0.0884964396951,0.634711729043,0.153323985774,0.415334751149,Z
5017,-0.0186628260149,-0.247487241047,-1.44652215689,0.750937748749,L
5018,-0.0701272145463,-1.57909726069,0.120891794918,0.671431885035,F
5019,-0.194677940725,-0.492039150308,2.35960484963,0.319810396195,8
5020,-0.248617847177,0.868706587235,-0.492226143765,-0.717959381922,4
5021,-1.09154895394,-0.867110226119,-0.647760443099,-0.832561559975,K
5022,0.641404300148,-0.138821578977,-0.621962804042,-0.284839425379,Y
5023,1.21640846838,0.99268666512,0.165161778012,-0.0696186082242,R
5024,-0.564474180519,0.792832268133,0.747052842907,0.57167515791,T
5025,1.75987899507,-0.515665834496,-0.230480686323,1.36231722352,S
5026,0.126266090531,0.309281375664,0.38281996138,-0.239199054993,O
5027,1.33436047951,-0.100152166835,-0.840730552173,-0.643966598255,V
5028,-0.737620017711,0.278087463151,-0.053235240431,-0.950971590734,P
5029,-1.1484864849,-0.986292150868,-0.144963115417,0.124362404338,B
5030,1.63059449241,0.243886206002,0.468368306354,1.25804787443,W
5031,1.04488953219,0.0807175385621,0.857885542829,-0.298381802517,S
5032,-0.262542542362,-1.61519874791,-1.08723871374,0.759029075237,Y
5033,0.0201440713103,1.10779156618,-0.559435335039,-0.481925210095,R
5034,-1.20391554609,1.88534310731,-0.0804704068388,0.25064589327,E
5035,0.366914548813,-2.43008643092,-1.05344696342,0.346278884194,C
5036,0.434220473424,-0.0798625386706,-0.422976747932,-0.0742721760915,K
5037,0.0406656980213,-1.81021570262,-0.189192727269,1.22926636581,W
5038,1.33845943246,0.338489099729,-0.213446105129,2.32592341971,H
5039,0.572981073363,0.782663875351,1.30767321124,1.61995725335,M
5040,0.762428447112,-0.648528798886,1.93651473707,-1.15966561312,I
5041,-1.25204557796,-1.53853949038,1.0422813822,0.623835121823,M
5042,-0.0475302140596,-0.494310199706,-0.165460018905,0.472929032513,X
5043,0.124547711991,0.730791450242,-0.25752685093,-1.51125664924,L
5044,0.801889237656,-0.462780621429,-1.73462083332,0.674768319362,A
5045,-0.992306666472,-1.09683007882,-2.0617943017,0.035390605957,Q
5046,-0.109662774864,2.57709376617,0.91356252242,0.613594050216,Z
5047,-0.541680906279,1.5100313553,0.467944825377,0.553225037837,V
5048,-0.0795865737601,-0.609923697841,0.35383422895,1.10803005914,6
5049,-0.0437516462601,-0.410666385961,-0.729599036366,0.263223371713,R
5050,-0.761490177447,1.10418191625,1.27060866366,-0.319284452382,5
5051,-0.804975073037,0.559520138339,1.05223226496,-0.645574265818,F
5052,0.35394105397,1.82996269805,0.398922026361,-1.52223131661,E
5053,1.54163640493,0.478316068959,-0.666760327343,1.36717494756,9
5054,-0.987620842341,0.337534288405,0.386934953004,1.99614391761,2
5055,-0.353462320307,-0.448433452071,-0.420520291568,0.606223206634,T
5056,-0.275687122051,0.127910363851,0.877755572144,0.141774294303,Y
5057,0.448882070123,-0.0164103203039,-0.0414342913919,0.483096480304,R
5058,-0.0437649578253,-0.878445916853,1.52507535186,0.00822316479269,L
5059,-0.0644155835746,0.080920574987,0.644715202274,0.393025120766,K
5060,0.0150183089497,-1.62030091273,0.465865552616,1.63737662602,X
5061,0.579715377177,-0.565645982402,-0.812128961966,1.53280260401,3
5062,-0.324507167079,1.85335063636,-2.26860910203,-0.355131709073,K
5063,-0.100246742541,-1.9546139579,0.132518774906,0.83692675288,V
5064,0.275725087798,0.349561138652,-0.617722975053,0.675990898106,5
5065,0.300486311556,-0.914367342324,-1.6046088239,-0.90545849944,V
5066,-0.362382393314,0.708360644964,-0.388316739311,-2.32876299592,G
5067,0.805330955425,0.0736168178539,0.481166223853,0.632620759249,C
5068,0.786095366054,0.0951374087988,-1.04996472851,1.82879833145,P
5069,0.20781502657,1.40727518965,-1.04479960125,0.140207499487,7
5070,1.80974963809,0.592023139186,-0.146214836643,-0.113817691749,T
5071,0.190562146781,-2.88635875932,0.514364781284,-2.2081180574,N
5072,0.844977118094,-0.164290184848,0.218672395512,0.0990115476933,9
5073,0.195035085082,-0.649590655548,2.17166386104,0.453465558806,Y
5074,-0.0564333653869,1.75865043501,-0.448091017018,0.346784396043,V
5075,-0.11260915388,-2.64245701436,-0.487309941502,-0.220507107741,I
5076,-1.39531912204,0.573474013814,-0.0133236905274,-1.30707048628,U
5077,-2.08027277833,0.0974981483635,0.321489166278,0.0126076722626,G
5078,0.88317164615,0.490426984887,-0.799299286482,-0.699668792454,N
5079,-0.138631966525,-1.41784482297,-0.199678277638,1.19929867533,U
5080,-0.961579329566,1.16624685822,-1.12495332265,0.201727835778,Q
5081,1.30145347696,1.07711713668,0.56050246064,0.859991127179,H
5082,0.0636793444679,-0.995532083484,0.879547223724,-0.0124713077028,F
5083,-0.373381111798,0.982861169257,-0.0375341446861,-1.33785580601,S
5084,1.49229222711,0.485490431128,0.129313292844,1.73356873962,1
5085,-0.908491526543,0.498234275772,-0.588843697186,-0.903956188452,G
5086,1.13713975779,0.977509103934,-0.940993915461,0.149012866744,3
5087,-1.04983803109,2.45342509904,1.23008741443,-2.06850760711,P
5088,1.48519893861,-0.806453458123,-0.475087116613,0.936801368414,X
5089,-0.790436911077,1.8238515301,0.470826739735,0.898781975943,X
5090,2.02480808353,0.0322506496307,1.31529742078,-0.156432529592,S
5091,0.379253002685,-1.05940924098,-1.13206803173,1.22229604428,X
5092,2.40321605952,-1.79252836422,-0.917572680139,-0.88669297209,F
5093,1.24997470755,1.49152996563,0.371475805897,-0.000464620420962,X
5094,0.501130600702,-1.8524509796,1.11035434692,0.508864733821,T
5095,1.10652128242,0.0981530997183,0.789793234562,1.19269254286,E
5096,-0.540542595454,1.78256921968,0.0519310959987,0.463867655906,X
5097,-0.101979890355,0.981720222277,1.10699018111,-1.75226932921,C
5098,0.632107381338,-0.761419236427,1.42793044112,-0.0469283588887,5
5099,1.00977860887,-0.608379336968,-1.40510505648,-1.17505405942,R
5100,-0.602747944659,-0.182503514402,-0.768163968379,1.26068635765,L
5101,-0.0391054339894,-0.0695099824413,-1.35805194008,-0.292858620366,R
5102,-0.345100573788,-0.179476870638,-0.904657664386,-0.0712867473108,V
5103,-0.759495118894,0.225916245652,2.2358717609,-0.00448980823071,T
5104,-1.6867705196,0.742275516539,0.48587599627,1.79850711251,R
5105,0.145697316417,0.805037295613,0.350361830434,-0.540234679436,X
5106,2.48765369604,-0.147867121811,0.580688201183,-0.305696173077,S
5107,0.38016591287,-0.592483279562,0.393693377794,-0.463216602736,S
5108,0.96354902595,-1.55030192705,-0.944962257052,0.121546253521,F
5109,-0.0403846130388,-0.312648567879,-1.19660390862,1.0750431857,G
5110,0.938356628434,-0.235761104349,-0.0773603113055,1.16215015537,D
5111,0.190303261201,-0.425472860755,0.362347382137,-0.688710660785,K
5112,0.256419161128,0.0826694187979,-2.30275824842,-0.446115220145,Y
5113,0.690971664806,0.871498395659,0.948468891564,0.644683368429,W
5114,-1.15778132548,0.0936961784472,-0.765272815741,-0.724766824934,5
5115,-0.295462233706,-0.832817149695,1.49020373854,-0.420786204612,U
5116,0.132722962244,-1.25578038911,1.37000771682,1.14448991761,O
5117,-0.111380676194,0.572076202947,1.8079619052,1.09020474362,A
5118,0.178699745816,-1.60883234776,2.1746148394,-1.35173849821,U
5119,1.20218256712,0.179582552204,0.202061214889,-0.731213132128,J
5120,-0.674446571006,-0.184702666166,0.706721251292,0.718680803788,T
5121,1.76553544644,-0.951931579911,0.320146510176,-1.15934952511,E
5122,-1.2478849863,-0.725490485007,0.541997606469,-0.126572143755,X
5123,-1.1640445457,-0.647618961239,-0.550283265919,1.16494340443,J
5124,1.81613255613,-0.393382465546,-1.21291011478,-0.317186597786,S
5125,0.499882890819,-1.18363110139,-0.638619314755,-0.785336775967,D
5126,1.22849889391,1.25347911733,-0.221459415048,-0.0654131965162,H
5127,1.01895127853,-0.423936860698,-1.72455343475,-0.823409084355,R
5128,-0.169892938696,0.301071840312,1.40996063006,-0.516055941099,3
5129,0.883067867689,0.950612783539,0.783765906001,0.776406924195,M
5130,1.03277821333,-0.0929303289895,0.600042004986,0.173515461043,I
5131,-0.249224588436,-0.0648201009871,-0.0127630546134,0.0304726487395,F
5132,0.556590447301,1.97690140411,0.130668936682,2.71966409048,G
5133,0.16107564162,-1.3149395378,-0.605192051164,-0.732212975124,R
5134,-1.84206221975,0.0109146960347,-0.0132330195161,-0.29825942451,I
5135,1.72723710088,1.67458417387,-0.988291322079,0.512445217364,T
5136,-0.190386389574,-0.184385010197,1.16329213344,-1.05989578865,S
5137,0.69311133934,0.815751494672,-2.38869472458,-0.201710174422,T
5138,-0.0621126729433,-0.00984964476467,0.658452659654,0.782909762977,U
5139,0.880939751586,-0.707391129783,-0.750939055668,-0.0423814584647,M
5140,-0.592837623954,-0.700117210885,0.831351965158,-1.15891084185,0
5141,1.62834979618,0.404618215489,0.0863343325974,0.278913544915,Y
5142,0.210544278316,-0.909438189136,0.903899753529,0.471579103734,B
5143,0.033606494896,-0.882900260313,-0.345729265059,-0.317833493034,V
5144,-0.0755744023429,-0.616260178437,-0.342470997941,0.850522271235,Y
5145,-1.26295070974,-0.167273237609,1.45780742884,-0.37563609476,W
5146,-0.289513268133,-0.927606335239,0.950207336839,1.23406721349,L
5147,1.34653227067,1.08338934179,-0.840822696227,0.525032166375,E
5148,0.698212579575,-1.2635370225,0.0345888504173,-1.08271314806,S
5149,-0.798004160565,-1.30179455306,-1.95685241187,-1.2841200757,W
5150,0.042611218243,-0.175943187928,-1.01597727921,0.668173594623,V
5151,1.52264922941,2.29139247927,1.5064450569,-0.448051016456,P
5152,0.54911837215,-0.439673137424,0.651228776652,2.6480462772,B
5153,0.119467771322,0.224633361843,-0.462936521536,1.41015553196,M
5154,-0.323899441166,-0.115278120343,-2.24762512685,0.271304098854,O
5155,-0.569092884953,1.86005610394,-2.5526005446,-0.433538185597,U
5156,0.112111473607,-0.845797840143,1.00631020207,1.13883188261,8
5157,-0.499492134991,0.91641467488,-1.04521512609,-0.50757820342,K
5158,0.376336174588,0.764118507122,0.935520356664,-0.594284323631,Q
5159,0.0435519604575,-1.13311390808,1.83995995892,1.07689076788,V
5160,0.08521566085,2.51096445751,-1.05481405994,0.673699680303,G
5161,-1.78187926997,-1.08540212875,-0.0523621760075,-1.07072106964,B
5162,0.895674400067,1.2217782908,0.354943949672,-2.72080073957,V
5163,0.178964296545,-1.24036038336,0.216703259507,-0.931038265768,1
5164,0.751110935945,-1.67754135722,-1.84529427201,0.472624179004,R
5165,-0.174065305457,0.41737570589,0.67568579441,0.976129682648,Q
5166,0.469285344255,0.468042648048,0.740358197771,-3.17350880211,R
5167,-0.414343091707,-0.847569597434,0.321460576581,-2.57576740455,P
5168,0.947170681816,0.328539010454,0.194054760004,-0.530855170507,E
5169,0.280983721958,2.21810968243,0.0430190102528,0.105970933337,6
5170,1.36877536297,0.314364311301,0.237928036312,0.826479814371,7
5171,-0.556653869652,0.677243772286,-0.0487451867473,0.481484592223,M
5172,1.27535225202,-1.63660490059,-0.907082516741,-0.842150166534,F
5173,0.354484776486,0.336961106409,-0.877360547161,1.94340295455,O
5174,1.63041080339,-0.107837334831,-0.452669704243,0.511911011614,P
5175,2.13082174199,-0.513612858636,-0.589272751532,0.270246731148,L
5176,1.1330300851,-0.920498984072,-0.41147778905,-0.00125773317809,E
5177,-0.022368446588,-0.165693213389,1.48750250694,-1.5609710846,8
5178,-1.59781750388,-0.544169575971,0.565075786079,1.28817666767,Y
5179,-0.641428915759,0.376689595468,-0.153789313646,-0.512960526573,F
5180,0.314357377289,-0.962541936748,-0.541512534494,-1.1561648896,8
5181,0.0883395556165,0.814274132271,-0.304655359037,0.792676034143,9
5182,-0.241961771733,-0.629315403013,-2.21260233427,-0.374105157708,W
5183,-1.18173491365,-0.596941681158,0.2743443978,0.273126365442,S
5184,-0.216653074676,-0.736039143474,-0.695235903991,0.421187733859,N
5185,-0.210084441042,0.708076753126,1.54565512016,-1.58704505966,X
5186,-0.194803690607,-0.215578248302,0.691829450352,-0.0992752966404,Q
5187,0.555034364088,-0.628948162163,-0.550886205331,-1.30358538455,Q
5188,-0.00132553343873,0.234979080439,0.305587215001,1.17498471846,F
5189,-0.505884715251,0.289074547151,-1.01753668504,0.086234836138,P
5190,0.818458302751,-0.0774239427346,-1.53559692163,-0.727323013995,L
5191,-0.739837815235,0.654747515967,0.775892880451,0.911725982352,R
5192,-0.157668660717,0.0105765369843,-0.473290818785,-0.114977254557,7
5193,1.582072755,1.21135077234,0.277131433192,0.637144296923,Q
5194,-0.704190048658,0.12787599735,1.05250272942,0.209073871078,K
5195,-0.389367804328,-0.93291366124,-0.998024963481,0.563616911143,E
5196,-0.558272131251,-0.161774896289,-1.53806659646,0.613443319356,O
5197,-0.158497066494,1.34901324395,-0.475157789661,-1.0330587238,V
5198,0.407671432137,0.254556508037,-1.56082456407,1.12562760798,K
5199,-0.653921366863,0.0275790877175,-1.39629369836,0.913825226594,N
5200,-2.57692549898,0.338165036668,0.519442976393,-2.30330714219,B
5201,-0.842865347335,1.0821650933,-0.646397860835,-1.13500686925,N
5202,-0.494181289099,0.104939493471,0.827236857824,1.05511433215,W
5203,1.15576168508,-0.0660077704386,0.23605882151,0.309968188821,I
5204,-0.687534473898,-0.0263544937825,0.106619281446,2.47490163593,I
5205,0.649517559904,-1.17781051518,-0.954277458301,-0.339043658202,F
5206,-0.423467777754,0.638837715089,-0.0390346575333,0.145446357589,I
5207,0.0827382882553,-0.472712215521,0.480072117744,2.01998684041,3
5208,0.268893320742,-1.48484562253,-1.63763986608,-2.3255800776,Q
5209,-0.107129695053,-1.11241995795,-1.27069822508,0.848296771646,U
5210,-1.04544077775,0.797202720191,-0.350622812646,-1.15411164074,8
5211,0.419680914033,-1.20255497117,0.374432783263,-0.556201528434,Y
5212,0.203280886034,0.947044539757,0.990641967636,0.0618586714995,K
5213,2.09212414836,0.906692467548,1.3274444574,1.09801998125,B
5214,0.426330491605,0.77543138121,-0.540806606851,0.483395084815,O
5215,1.65203944937,-0.887319814636,-2.17453333781,1.28661777145,2
5216,1.01408518893,0.771958446614,0.391397552654,1.34960477211,2
5217,-0.268733296954,0.145778431561,1.14838487859,-0.0558591686879,U
5218,1.17460855008,0.611714412276,0.515178519961,-0.185847595552,N
5219,-2.40501866212,-0.160283329726,2.32208248639,-0.944042520795,V
5220,0.423191686836,0.0957867735118,-0.887767669303,-0.741621278186,Y
5221,-1.24207952376,0.371923550534,0.16677714031,1.0104893326,L
5222,1.2934718078,1.14453036376,-1.4812669881,-0.441601572264,J
5223,-1.12685300658,-1.03722648479,-0.239714171379,1.17321878409,I
5224,-1.0622089135,1.19226182583,-0.77544757706,-1.22501175108,N
5225,-0.372656417204,-0.485827702989,0.534654941088,-1.21224456369,Y
5226,-0.020036253405,-1.33303514247,2.18945039442,-0.24919015118,Q
5227,-0.577762744277,-0.389902047992,0.488137595884,0.626000837653,6
5228,-0.766540645184,0.713716560555,-1.01825632674,1.88936116726,L
5229,-1.73870003681,-0.336053519267,-0.992538495353,1.42120418055,J
5230,-0.568215850256,-1.84814384541,0.863834662405,1.32228142724,J
5231,1.32185817098,1.00887344786,0.254607528649,-1.34209930073,C
5232,-1.44311819447,0.240571274358,0.792943937286,0.0736683310364,P
5233,0.440871905275,1.12257403393,-0.755518791048,-0.716928210258,J
5234,1.51509585736,1.33547436495,-0.910115691199,0.0511775765034,Z
5235,2.02357956321,1.09680739934,-1.3481784049,0.264341887714,4
5236,-0.361315167468,1.01065213956,2.55387890981,-0.0895751091802,8
5237,-0.994547758775,-0.457568170876,2.21848280827,-1.2782514738,V
5238,0.132032388144,-1.3051371475,-0.536163371291,-1.28005533132,O
5239,1.16176432633,0.818181671369,0.0151191881992,0.283321533309,K
5240,-1.03942080599,1.13451743559,-2.22579019681,0.0592040052355,9
5241,-0.867388839047,0.398072218402,2.05379725736,0.734562840374,Q
5242,1.45300175913,0.569163454607,0.198247662356,0.46520554845,W
5243,-0.0954282988118,0.428386420293,-0.405097533928,-1.39724911033,P
5244,-1.17327031236,0.159077812036,1.9276511382,-0.210691347031,3
5245,1.04396635963,-0.104110599839,-0.249275629159,-0.0207793012098,X
5246,0.280528850972,1.60109135858,0.561331365945,0.868630989409,8
5247,-0.659952829242,-2.30316016277,0.248001069221,0.942725735947,3
5248,0.790583884393,-0.983115534038,0.874530999569,0.809282002383,7
5249,-1.17591092941,2.15198696697,-0.0809277136982,-0.431623621004,A
5250,-0.261109738898,-0.516069628221,1.13538791735,-0.761319800575,L
5251,0.703423839947,0.449614099105,-1.593578247,-1.15539989748,X
5252,1.11645041825,-0.274068941169,-0.0297477874901,-0.433413276523,N
5253,-0.357308670313,-0.529398311787,0.205417525617,0.108428490163,U
5254,0.423229026993,2.08909611309,0.923674782142,1.50272651831,L
5255,0.217126083205,1.28236141456,-0.978428564074,0.263613449525,V
5256,-0.443397941574,0.676989997986,0.638588633657,-0.873794918749,H
5257,1.00534200238,0.682462254711,1.20027333585,0.193455111389,J
5258,1.37620985675,1.14804621775,-1.19493291425,-0.0246510549904,5
5259,0.745346522906,-0.886025029683,-0.437063213681,2.12474074181,X
5260,0.620059226462,-1.3714426877,0.722629755468,1.63796007884,E
5261,0.00630699376911,-1.33134152729,0.0649616494499,-0.572398251742,Y
5262,-0.198477349779,0.684455814174,-0.147475221075,0.581648940506,9
5263,0.681178436604,0.283488752572,-0.20125716997,-0.837272455076,N
5264,-3.72686372556,2.15263217662,0.986711235344,-1.27395629167,E
5265,1.23296534957,-0.872075211571,1.12573394106,-1.26969198429,Y
5266,1.68071777569,-0.795061674656,0.429541561971,0.907959685749,M
5267,0.0126033461146,-0.559557999613,1.17009301533,-0.755084321136,A
5268,0.478687852114,-0.923803097176,-1.62141331544,1.12210892346,T
5269,0.654912901411,0.0515714367429,2.0161479636,0.652618167303,E
5270,-0.840524554435,-0.155627932446,0.992245693988,0.818994762669,P
5271,0.167651456358,-0.126483159859,-0.2159230909,-0.551816953755,D
5272,-1.69486905349,-0.251793821628,0.643791694262,1.05148438879,N
5273,1.15891064075,1.19204131316,-0.474725241124,-1.1885329973,J
5274,-0.359609404441,-0.742869703536,-1.43423198616,-0.412530336918,D
5275,0.527893710782,0.0840680255476,2.36852964741,-0.00302369910935,5
5276,0.388307345228,0.969655421373,-0.16239111452,-0.256349189716,F
5277,-0.270080229648,-1.25575148996,-0.356178529128,1.23140641525,1
5278,0.0820128039793,-0.523347238177,-0.29892608064,-2.25924648718,S
5279,-1.40152899868,0.293567238208,0.915068680577,-0.697823682964,1
5280,-0.34203915437,0.204837022753,0.965391319534,0.21957721666,6
5281,1.58845583063,-0.269371964148,-0.298398891617,-0.0173215631696,9
5282,0.367102716772,-0.208086567685,-0.251701415964,-0.522192758844,F
5283,0.197511460601,-0.502179218169,-1.73685418123,1.23451645845,X
5284,1.55252757473,-1.33235367105,-0.227917886077,-0.817040668057,K
5285,0.304381622491,1.40660303091,0.373171731372,0.446836979475,E
5286,-1.40555861862,-0.701879470135,1.7938014939,-0.370494730707,N
5287,-0.290145817461,0.466116593833,1.01992419248,-0.0913182440873,N
5288,-0.0461043106532,0.873557369774,0.660301204101,0.463093389561,M
5289,-1.57701158808,-2.11928449832,1.8056211286,-0.283501178844,X
5290,0.34037236652,0.382560935847,0.000310750462007,0.452416589048,M
5291,1.61748513305,0.325101331381,-0.56004210719,0.944086448958,N
5292,0.268348057071,-0.373019728317,0.433140418073,-0.868285773218,2
5293,0.599410556722,-1.05300636777,-0.0612465004706,0.890921720842,G
5294,-1.76732355314,0.564682563134,-0.274611661673,-0.174666490025,S
5295,0.00758863980265,1.50644674792,1.90347761211,0.416104168602,B
5296,-0.109962464506,-0.92011662808,1.82319172674,-1.42793478629,X
5297,0.645940278964,0.441283164828,0.724278886156,0.72679455762,T
5298,1.18991277757,-0.453600708269,1.20712924318,-0.241784995613,B
5299,1.20958260767,0.65135204117,0.384909738967,0.560129899922,C
5300,-0.835033146253,0.186814148387,0.0994207791387,-0.540764053646,G
5301,0.923118167978,-1.34952513551,1.98628884937,1.09994393543,M
5302,-0.169421148516,1.09333515534,-0.0476520705247,-0.0857051252725,V
5303,-0.367094822957,-0.764236642365,0.525876450542,0.358030321448,D
5304,-1.1500069318,0.824940600187,-0.871590899842,0.058123757859,W
5305,1.49739986205,-0.819334159838,0.0173922939101,-0.0373138831218,B
5306,-0.317808432798,1.23565305224,0.129119462254,-0.750614454962,P
5307,0.89532447686,1.73828940595,-0.789496165367,1.56141462002,2
5308,-2.32337594373,-0.0864840810099,-0.937811232637,0.975500070851,5
5309,0.749856964401,-1.46987067396,2.67443377359,-0.835017756629,W
5310,-0.631610955098,-0.828862135897,-0.120593931393,-1.00073677846,H
5311,-0.722216454,-0.507615853758,0.252700306067,-0.196934531941,J
5312,-1.12139973048,-0.830073503932,-1.55615056655,1.3721124891,Q
5313,1.25533425487,-0.09154850985,-1.09204964199,1.43161043377,5
5314,-2.088979558,-1.03384018998,-0.175709666863,-0.0449589141002,5
5315,-0.593835822312,-0.125592399728,-0.148472855001,0.824293452333,L
5316,-0.853371415484,-1.05039203696,-1.63655218727,-0.531499124856,O
5317,0.184960336992,0.724280895102,-1.30361378129,0.0427831967716,B
5318,-0.234229356882,-2.15677620777,0.665154262535,0.652184895711,T
5319,-0.54299503992,0.391323100562,-0.623618972537,-0.638090845749,C
5320,1.03698614841,0.499677025358,1.1483637071,-0.467138973178,K
5321,0.76271339487,-0.337945754488,-0.2394130161,-0.662794634356,Z
5322,0.749977252066,0.712538194104,1.00191689839,-0.996523167443,O
5323,0.171084490966,-0.255490209155,0.10204825688,-0.316482514731,7
5324,1.93252529985,0.246312840195,-0.141026811591,-0.530162228416,W
5325,-1.05774509068,-0.974924406809,-0.138163668084,0.50749427439,J
5326,1.45092529268,-0.757698387582,-0.0953520457199,-0.783242478344,R
5327,-0.85149196031,0.531830081401,-0.000884832874349,1.09008844783,E
5328,-1.45522992648,-1.65130642134,0.176941162469,0.872048144356,I
5329,1.61492737297,-1.21321204424,-0.481253085157,-0.417013545521,V
5330,-0.0844707071002,-0.277350251414,1.45142975013,0.084764073742,A
5331,-0.5181126395,0.226027523031,-0.511796004744,-0.919189801343,Q
5332,-0.972865815785,1.00420510815,0.120233141304,0.0420245997512,H
5333,2.83389146282,-2.10126036599,-0.429481838014,-0.463515049932,N
5334,-0.128270349801,-0.543379557898,-0.221872914332,-1.02900699991,6
5335,1.2479672656,0.12885030993,-1.5591854335,0.0442225359338,D
5336,0.273832207653,0.522074012213,-0.308342079956,2.69927626674,P
5337,0.702012139939,0.711724433547,1.16333553945,0.296342565636,8
5338,-1.01616433854,-0.354133698994,0.344964062178,-0.991717145794,F
5339,1.06324882728,-1.60978016501,1.58545234186,0.266229477001,3
5340,-0.345091855756,-1.7837325519,0.99536338098,-0.133127352441,V
5341,0.58027291123,0.858169734642,-0.411593834311,0.237032769553,9
5342,0.242251380141,-0.0145725002239,-0.546432249808,0.329856322069,C
5343,0.399690118727,1.88321678065,-0.567522295935,0.406623115363,F
5344,-0.388245285516,1.91955177908,-0.905066936826,0.678331150429,1
5345,0.533743889572,1.90674601442,0.543798074993,-1.30882802925,Y
5346,-0.978300644853,-0.936582646346,0.0904091533885,-0.218279913589,5
5347,0.339442344569,-0.280249621951,-1.00701185586,-2.80808361019,7
5348,-1.67040365215,0.0766646690072,1.29803020109,-0.763384229448,K
5349,0.673709173872,1.49274874214,0.54797402281,-0.21453004323,R
5350,-0.860414392152,-1.05417317622,-0.213906071213,2.00459404389,U
5351,-0.697103088091,0.482458727851,-0.618269289508,0.46832546042,2
5352,-1.595699258,0.747178514991,0.439321734363,0.375915183795,G
5353,0.640864163329,-0.928822634893,0.139355578476,-0.740331951841,4
5354,0.504642371483,0.0813011615781,-0.524630774609,0.122069394944,E
5355,-1.56057635517,-1.40874130154,0.544640810174,0.939580399542,C
5356,0.876947072215,0.969391778742,-1.06937456045,0.173287156582,N
5357,-0.99574766653,-0.962385194582,1.25743132987,-0.631645560594,B
5358,0.500235549767,-0.891189447424,0.463303711582,-0.39450123141,X
5359,-2.68733452364,-0.240996973166,-0.588066956412,-0.355681965761,D
5360,1.11229192519,-0.0268625158011,-0.144076658429,0.364360511234,P
5361,0.236182901499,0.113043321335,-1.38045374982,0.0287923325092,I
5362,-1.09349419073,-0.94656249728,0.149382352342,-0.190454424156,1
5363,0.676450248634,0.904576346819,0.854621267822,0.323596422009,V
5364,1.84171173892,0.439631156345,-1.26512150935,-0.7130287437,R
5365,-1.12860527791,-0.498973014223,-0.0799628298771,0.176692485018,L
5366,0.767857131539,-0.511653489057,-2.18141435994,-0.225151027299,5
5367,2.21922339462,-1.50715786572,0.901498948231,0.474151148398,U
5368,-0.0304388705899,0.912498133079,1.78049729509,0.437121618886,Q
5369,1.03866081951,-0.390588986449,1.52163398484,1.43129877901,I
5370,-0.562847699886,0.630243211028,-0.055076707411,-2.03174199858,Y
5371,-0.838190893841,1.91050059234,1.78492448135,-0.128931948702,F
5372,0.289629648945,1.53067290722,-1.67807010088,1.18281868986,P
5373,-0.458333386443,1.22967156917,-0.038086863698,0.961370489165,1
5374,0.607270919702,-1.16172766879,1.128580891,0.477947174106,R
5375,1.13675096117,-0.617244498209,-0.103224928341,1.27397470921,V
5376,-0.499357001246,0.0824176514851,0.886325430417,-0.889349932532,J
5377,-0.0530786331086,-0.431909164702,-0.819709901449,-0.184382551556,G
5378,0.554388857689,-3.41544808181,-1.00800794735,0.0956364361786,L
5379,-0.437517905883,1.41621800826,-1.22369560488,-0.983090516508,G
5380,-0.562207056126,0.26643240258,0.282217485754,-0.572416652579,D
5381,0.282379064814,0.261255125512,0.38970012658,-1.35030545437,9
5382,1.03683079029,0.417989492642,-0.203445978253,0.483798676157,J
5383,-0.468093396047,0.346607093628,-1.77374773202,0.778592939632,N
5384,0.439716272699,-0.543873067464,0.113143588946,-0.889963518532,8
5385,-1.37494706434,1.85812561095,0.670141349612,1.64345039722,5
5386,-0.854070607979,0.0151225979044,0.606645377924,-0.924788887394,J
5387,-1.06491417838,-0.75226427386,0.635654031495,-0.847768533913,A
5388,0.328037718826,-2.20103509075,-0.640834771785,-0.762974021399,W
5389,-0.454491340371,-1.29681690578,2.02138698688,0.740482200426,Z
5390,0.495932976806,-0.706393240953,0.515892204902,-1.66452889496,N
5391,1.01509811308,0.25448136615,0.284005106318,0.0846178898836,Y
5392,1.11009050854,-1.07843735256,-0.415990547218,-2.49707209912,Q
5393,-0.787877349072,0.0236297063864,0.7913470345,-0.153286527989,J
5394,0.0741205418627,2.94673670796,0.432237323415,-1.32222208221,P
5395,0.35342855129,-0.247717312554,0.0270991093519,-0.8727517262,Y
5396,1.22420513996,0.710345339979,0.406203541908,1.36239436326,N
5397,-0.350708061042,-2.26332804205,0.280187557964,0.996977921218,W
5398,0.207885888902,1.21936259874,0.120394429028,1.4164817797,F
5399,0.321767430171,0.997814544627,-0.141008953383,-0.214223069583,A
5400,-1.34352840794,-0.396485091799,-1.63834733693,-1.00633153068,4
5401,0.0223192577748,-0.704375089347,0.789894079467,-1.78064925419,E
5402,-1.53943926339,0.535849749487,1.97650932326,1.14605246914,M
5403,1.72177032018,0.110357738361,-1.42699106961,0.302452803603,K
5404,-0.122782703232,1.0179528959,-0.485182089307,-0.757532732116,S
5405,1.43788156947,0.462308988083,0.645183803592,-0.488187632764,3
5406,0.252518543508,-0.893763986209,-1.45102014416,-0.0375714708079,B
5407,1.42814001855,-0.307382228111,0.83523623261,0.318658934567,F
5408,-0.653512584303,-0.826898221622,0.365600388917,-0.343441776258,J
5409,0.648526065008,0.382165727931,0.837119818479,2.05771302981,8
5410,-0.294030957524,1.86694743373,-2.42464104529,-0.594399243629,2
5411,0.546135512764,-1.1652909911,-0.0694930860228,0.839442562258,U
5412,0.0555903173585,0.460796082116,1.48077737332,-1.17394972208,E
5413,0.911487343891,0.336340804591,-0.890389890144,-0.131222395415,S
5414,-0.907505123734,-0.773818498491,0.12346139694,1.7238138304,G
5415,0.118950459723,0.898642337493,1.35942348119,-0.0251395016419,I
5416,-0.878654567323,-1.64017262638,-1.32403367272,1.13121059108,4
5417,-0.0195090687534,0.876112935533,-1.54975781181,1.65096516971,W
5418,-0.00394339077814,-0.100710552307,0.0893260410262,1.22039805412,F
5419,-0.047169296907,-0.834209871166,-1.41768037596,-0.992629006235,K
5420,1.40810880852,-1.29737317132,0.331663635673,0.227962745993,F
5421,-1.2548590158,0.379769430064,0.234047833903,-0.412161262918,K
5422,0.532226558002,-0.576430066769,0.43398252735,-1.03456633891,D
5423,-0.440185697792,-0.920559501068,-0.886908087445,-0.717393448213,7
5424,1.75584352847,0.583304752123,-0.0230017894854,-1.24022240905,N
5425,0.326275027406,1.11890023602,2.10019897659,-0.302665366483,Y
5426,0.0248800828258,-0.717322432289,1.40819580332,0.961345834295,D
5427,-2.33818700445,1.44802661918,-1.88231862791,0.0909206150754,J
5428,-2.32939753655,0.226032598024,-0.359550306075,-0.5455516848,H
5429,-0.203604287816,-0.371016242329,-0.120284759296,-1.31681269188,H
5430,1.62664704134,0.296329948808,0.314340903553,-0.0317415498562,C
5431,1.91553837462,0.902880160713,0.408402965813,0.380035754502,2
5432,-1.09537790015,-1.43646233529,-0.136635738729,-0.0764722286529,M
5433,-1.58854993692,-0.192420492975,-0.125518628071,-0.116337654564,Q
5434,0.677292248175,0.0215356207764,-1.54365114036,-0.254481873178,A
5435,0.146032559378,0.956711496135,-0.116032917948,-1.11825909448,V
5436,0.162938608377,-0.176831264211,-0.517488651292,-0.0864830176844,U
5437,0.446003820737,1.42139105029,1.8642327115,-0.231943635664,B
5438,-0.766637482273,0.849321807088,-2.2714823531,0.0979413653458,C
5439,-2.21232557542,0.371240253681,0.0767079166135,0.579677915908,Z
5440,0.449887859227,-0.382981989997,0.535168018616,-0.139049020421,Y
5441,-0.22639148269,-0.360102264648,-0.256502694834,-0.591465556768,3
5442,0.731659744695,-1.8953074595,-0.977830033843,0.609794571862,X
5443,0.0931606166309,-0.941322320321,0.948940099357,0.907185151192,O
5444,-0.473135155994,-0.1540750458,-1.01919773462,0.46338232721,S
5445,-0.360482350751,1.12928193,-0.520626158038,-0.583512350911,V
5446,0.398427752894,0.931626627109,0.126570487381,-0.359562151167,E
5447,0.0564556589296,0.94288979243,0.4874905816,-0.32511113966,W
5448,0.919765871956,1.27189320756,0.325628696606,1.43833768786,W
5449,0.826459617836,-0.25257759857,-0.935144634831,1.41416706578,9
5450,0.239816750433,0.200545908818,0.676697575328,0.3592047039,N
5451,1.00425814123,0.137819747451,0.340929542235,-0.534090208875,S
5452,-0.0229073465848,-1.52309532595,0.641033356976,-0.104280827356,E
5453,2.4553294856,-0.190568706751,0.302308755128,-0.480748487426,9
5454,-1.152558702,-1.85773366532,0.187128405436,-1.99597450275,7
5455,-1.5768358269,-1.95803125115,-0.140601892229,0.632314680729,X
5456,0.426067806495,-0.167195260612,-1.07538196693,-1.09232824787,F
5457,-0.716211974377,1.01534940901,0.488514171093,-0.6992617504,U
5458,-1.1598671543,-0.775871164631,0.605492118368,-0.297011919996,Q
5459,-0.0882782310477,-0.206925043349,0.104637765647,0.87542263029,M
5460,-0.610495420468,0.557744325186,0.931148741404,0.436779495531,H
5461,0.379393939959,-1.31754650069,0.00140961496578,0.96985594288,S
5462,0.864210601103,1.51959270512,1.2602381929,0.654337294173,D
5463,1.35042386322,0.345149395659,-0.829000624479,0.185953000235,K
5464,0.956002398058,0.566695204857,1.15097765137,-0.360039348231,B
5465,-1.01271561372,-1.02089482455,0.650649332577,-1.21644042254,I
5466,-1.08723895963,-0.949828161359,-0.645357741883,-0.859970423632,J
5467,1.61426399023,0.488728492246,2.35284924877,0.268150788043,9
5468,0.662645364559,-0.887112505745,0.476253176239,0.0604539992241,1
5469,0.00581733342224,-2.76375520888,-1.30054320118,0.542560717341,6
5470,0.763452968026,0.438033043611,-1.23117308352,0.806291070585,G
5471,0.0248338278421,1.11800758559,1.7370337438,-0.374937943514,A
5472,-0.355464724764,-1.07655406598,0.96589934481,0.659140527992,T
5473,-0.74518760691,-0.782876983092,-1.2584832296,-1.05593621566,C
5474,0.202093188944,-1.28208773942,-0.779934818834,1.44364991599,A
5475,0.760750512349,0.0220584686976,-0.351377425527,0.211099278376,D
5476,0.557157571393,-1.87664885531,-1.43015225415,-1.65496850295,T
5477,1.31963869033,-0.215069650367,-0.362025126756,0.518274727985,4
5478,-2.28647075909,0.411293577858,-1.53916240694,-0.0914176934627,K
5479,-0.573243668227,-0.422649981043,1.46408364419,0.542438619748,R
5480,-0.55759050633,-0.698957716726,-0.993514769196,0.0759295578585,N
5481,1.33450280232,0.51301671119,-0.587333955623,-0.251175850978,T
5482,-1.49677491659,0.744357087817,-0.482187240495,-1.30800591706,B
5483,-1.17452662221,0.387195589984,-1.71853862967,-1.28141022865,A
5484,-0.675109833043,1.19326561206,0.997501924819,-0.521572741003,A
5485,0.157038349596,-1.61630838977,-0.903543566356,0.350487107514,B
5486,-0.130342012064,-0.80397169943,-0.113091442772,-0.381548987444,Y
5487,-1.34876562152,0.714155966661,0.0434317396693,-0.05786274716,K
5488,0.760157458407,-0.318976319748,0.433242506698,-0.439731006754,Z
5489,-0.526895796936,-1.08364487888,-0.161763453781,0.660052577321,F
5490,-0.461581875405,-1.05073081656,-0.426426617924,0.887175023523,L
5491,-0.222515257586,0.753492078298,-0.409288872365,-0.295382020178,X
5492,0.721114129926,1.01171595253,-0.271546139347,1.21177601187,F
5493,1.12135600853,0.468571303309,-0.336326278748,0.0786054495786,M
5494,0.164942302327,-0.266020553863,-2.14393727282,-2.11347073409,5
5495,1.34582221279,2.363194536,-1.40556763539,2.59980012504,F
5496,0.173217293679,-0.116328659231,0.373465620635,0.381805231146,W
5497,-0.289274079692,1.43935233765,-0.799853033499,-1.20854339236,O
5498,1.09400792323,0.049683461924,-1.44582026124,0.54020866487,G
5499,0.290745099581,0.590175351162,0.895260240084,-0.0255184294724,P
5500,-0.264040070601,-1.20405142085,0.504198843251,0.602873258819,O
5501,2.02758398889,-0.0975764987238,-0.44568920093,1.96501777344,9
5502,1.34257307405,1.23139980051,1.72325729019,1.33221620567,K
5503,1.53604235709,1.58526435383,0.904740054914,0.972696763647,L
5504,-0.494592694128,0.00841829950128,1.51264658499,-0.114530825559,X
5505,0.796604424508,0.242222970311,-0.381732463187,-0.0061868522974,B
5506,-0.103387973006,0.690856569055,-0.217870281818,-0.399363176723,N
5507,-1.055039179,1.26349828146,-0.294832615343,-0.131289713245,A
5508,0.769964218459,-0.077620842945,-1.56905718062,1.75986614729,K
5509,-0.38048180046,-0.444606035908,-0.959612675019,0.375137657139,9
5510,0.343651826068,1.65349651861,0.361989871334,1.41352143336,B
5511,-1.03716945797,0.466150540788,-0.483780259262,1.75466268238,1
5512,-1.37065976358,-0.0666614534728,0.780668543488,-0.341960144064,W
5513,-1.21895291966,-1.18545421346,-0.313376693344,0.509476841755,X
5514,0.32065739782,-2.37113525461,1.32758927225,-1.32668776082,V
5515,-0.0213784655609,-0.062101449849,0.573616579247,-0.603958067001,H
5516,0.703793274237,0.0942090900064,0.212398830103,-0.698489941514,R
5517,0.126526890866,-0.597758058424,0.772461830038,0.406615119685,7
5518,0.47291713682,-0.828901504522,-0.236531944139,1.13817993646,F
5519,-0.903719219671,-1.37777727709,-1.8441900683,-0.472677417323,I
5520,1.02434428182,-0.450260593235,-0.683783461487,-0.661728619468,D
5521,0.127562373998,0.164954534788,0.302059134943,-0.774068740856,L
5522,1.11430950795,0.0405451436899,-1.94560480062,-0.051612735138,W
5523,-1.10512139069,2.33019862975,-1.632063769,-0.64205644547,M
5524,-0.638923156693,2.08778360298,-0.664266873688,1.27975890117,B
5525,0.394658235781,-1.41518093447,0.909132595548,-1.03002663758,N
5526,0.229628659311,1.2214494688,0.267325253875,1.54696487169,D
5527,-0.754185676927,-1.42834340554,1.64293143918,1.2988582937,E
5528,0.276273761718,0.759065379096,-0.779599533024,0.224756024803,Z
5529,0.701377406387,0.12016209526,1.43200656513,-0.151164008576,M
5530,-0.595784982731,-1.44838128717,-1.43480865047,-1.8786321848,D
5531,0.500948697905,0.0705001032279,-0.443116787062,0.457912429478,A
5532,0.859546396113,2.78597107686,-0.532928794639,-1.13682821581,U
5533,0.711861098639,0.00273640226251,-0.400844152141,0.551365228914,F
5534,-1.44506248283,-0.611055479629,-0.322966946617,0.54738361468,X
5535,0.954099726062,-1.25736008385,1.00890258372,-0.906557894159,W
5536,-0.833364012238,1.0406937031,1.19796801517,-1.3129231091,E
5537,-1.29261411516,0.276692468154,-1.05074080457,1.53401268267,8
5538,-1.01376004699,-0.0665722579385,-0.620853922909,0.730213584512,L
5539,-0.97616887528,-0.974598183313,-2.19737016739,1.8523709141,M
5540,-1.32972968472,1.08533137785,1.98057404207,1.17684100975,J
5541,-0.218698468277,0.0846662862322,-0.173542400081,-0.651511227568,P
5542,-1.98299142137,1.64359853045,1.46859789992,1.51674179275,A
5543,1.16488438917,0.0207641547176,-0.533329246529,-1.14503459564,6
5544,-1.49179906211,0.00756441213769,0.616604667771,-1.03741379671,4
5545,-0.996030372591,0.137300541492,1.73178153808,0.175898039776,E
5546,0.30386104738,-1.05266161509,-0.970054546841,-0.785081314528,J
5547,-1.0013319354,0.0171807790538,1.78241016157,-1.19056781967,J
5548,-0.336102391466,-0.821629065309,-0.62618517135,0.571428907549,Q
5549,0.422549798973,0.500042040825,0.513455808678,0.488155853567,9
5550,1.86787067037,1.4845820321,-1.35744289817,-2.62663711933,F
5551,2.00516672617,-0.685621936559,-1.56103048138,0.182441223881,E
5552,0.597000248932,0.22270846446,0.305167804049,-0.0805328901916,I
5553,-0.508773249441,1.02173424726,1.10864419183,0.943291270943,2
5554,-1.17902006177,0.0363309270846,1.04283678364,1.0882222048,5
5555,0.951402041644,-0.307577808863,-0.368335406758,0.251812938517,G
5556,1.21833862783,0.713224474064,-1.29350675867,-0.760256789836,W
5557,-0.637574912267,0.26430508117,-1.31830080924,-0.356750794756,T
5558,-0.27995191575,-0.48078795117,0.570095362591,0.0642803216313,F
5559,0.0701601952182,1.67139199387,-0.799068307941,1.15237521915,W
5560,0.765127419982,1.03266114891,0.20223758582,-0.111697075821,D
5561,-0.164872077134,-0.20505213879,-1.35280785366,1.07098723558,G
5562,-0.921248785596,0.130183091856,-0.494699786632,1.20031965974,K
5563,-0.772597691428,0.971765757827,-1.17280715891,-0.629113714662,H
5564,-1.1680476192,-0.763391523445,-1.10101726786,-1.2252818223,C
5565,-0.487140834685,-1.57001419911,2.02370105914,0.942097604306,J
5566,-0.960109537535,-0.599788708126,-0.420131232746,-1.06030457269,Y
5567,1.14577395971,0.271638101868,0.158536461126,-0.138008496423,6
5568,-0.193084172498,0.966615598408,-1.28847490105,-0.604217202991,S
5569,-0.32850330582,0.848667855713,-0.0465495757159,-0.34978376267,I
5570,-0.350641166323,0.682651801838,1.21311000355,-0.422607458982,Z
5571,1.62355806957,-0.389625926884,2.02048547686,-0.204084789532,C
5572,-0.281836288141,0.799263959008,-0.0336468325356,0.0417077579466,9
5573,-1.37962724985,-1.12480709842,0.0765727947042,-0.908952629489,T
5574,-0.481684847988,1.31709990956,-0.913979033311,-0.677304004251,D
5575,0.574355859415,-0.732227953104,-0.158524395444,-1.79488993722,P
5576,-0.556245520489,-0.972948130828,-0.358833604218,-0.229476947367,K
5577,-0.66214197248,-0.182813043716,0.328314602924,2.25219423183,X
5578,-0.209264365144,1.11609716094,-0.839968459552,0.4917501115,R
5579,0.412336945722,-0.46401227835,0.112052135657,0.829024115073,P
5580,-0.292731179187,0.152551896658,0.17142074717,-1.67651412448,Z
5581,-0.810217142812,1.70764467309,-0.29562259442,0.205511313282,P
5582,0.443111229087,0.546865887965,-0.815407176367,-0.814718294187,S
5583,0.421462014369,-0.836823207563,1.42580423759,0.0523787733167,Q
5584,-0.761552831379,-2.15348119654,-1.24191736203,-1.00006613764,8
5585,-1.74084323204,-1.61840533097,-0.206716811748,0.0885236732286,C
5586,0.862218665973,-1.02809105415,0.132115501033,0.920400144314,3
5587,1.15134711632,0.109755691825,-0.987296792559,0.763409498777,S
5588,-0.910334540236,-0.982107231739,0.4902264385,0.643449468038,T
5589,0.761674334864,-0.617405895191,-1.65258477842,1.8755176619,Q
5590,-0.994851042536,-0.10349657939,-1.57733488725,-0.537262764861,V
5591,0.41050036481,2.35197116378,-0.97447979132,0.163615325464,N
5592,0.36384323618,-0.331078602072,0.00841093443977,-1.8089522996,W
5593,-0.726562578488,-0.26114074372,0.243103290471,0.142010741304,M
5594,-1.01093123725,1.01473905996,-0.925784490381,-0.869490578157,Y
5595,0.938798717736,0.421109969898,-0.105712068891,-0.563259551723,Z
5596,-0.639066820623,-1.28946905741,1.12461840654,0.608780169403,J
5597,0.853379697811,-0.51483754096,0.0973156399369,-0.29752252718,E
5598,0.94774937481,0.259260159951,0.549507330206,-2.63681423282,T
5599,1.90534954455,-0.0120548434312,2.43179146247,1.23799691129,S
5600,-0.516668359351,-1.80923618898,0.416144059504,-2.28058797373,J
5601,1.02777951126,-0.0274045926422,-0.564503030393,-0.119946714041,Y
5602,1.55120387297,0.466685124976,-0.641259955201,-0.18174401076,C
5603,0.926318464366,0.927290601245,0.117345511973,0.68985159387,U
5604,-0.632273080236,0.324688408795,0.298192933386,-1.0172733559,S
5605,-0.0158740950265,0.788400793745,0.638824670639,0.372047899762,D
5606,-0.010017321895,-0.32695451286,-0.31823590213,1.04604419541,D
5607,-0.634580292563,-0.522507979102,0.0685666156492,-0.884559531219,M
5608,2.05065268465,-1.18154915066,-0.533822033696,-2.12531292737,E
5609,-0.908868231614,-0.793014142453,-0.335109038577,0.0374922559769,N
5610,1.2241099505,0.958274145663,1.32975751534,-0.253768391221,Z
5611,1.71814352165,-0.648634472817,0.1424226142,-0.403444926023,N
5612,-0.533004856114,-0.214491349788,-0.235922689724,0.9149299398,Z
5613,-1.39075910696,0.211406286469,0.590674181073,0.0832624575212,B
5614,-0.928091152254,0.70195625048,1.03917784458,-0.762259190043,8
5615,0.72867183608,-0.383445985935,-0.562925808581,0.423290394881,K
5616,0.370023897628,0.0320204251703,-1.26304989909,-0.661189728673,4
5617,-0.174517541449,-0.253561303185,1.36344112483,-0.352336950599,R
5618,-1.46212349337,-1.02408033265,0.516048048624,-0.274181111882,C
5619,0.149626247552,-1.25849281879,-3.14701156647,0.64737731324,V
5620,0.718572411262,0.122686536106,-0.264683241279,-0.0124673163138,1
5621,-0.583261123227,1.86609585372,-1.29196176134,0.501720480034,R
5622,-0.215772191528,0.0962581533943,0.500505854044,1.26603239651,7
5623,-2.00888695665,-0.463262449711,0.235280097167,1.5763809331,Q
5624,-0.389030855657,0.756333089626,-0.7271883968,-0.241930389347,5
5625,0.0947555661679,1.44339510027,0.421278686475,0.521303731115,C
5626,0.2113972845,-1.09106242295,-0.885884935981,-1.17421052926,O
5627,0.86797079808,0.0598448838376,2.11767405721,-0.275678335507,J
5628,-0.689219615703,-0.498567456429,-0.75448693175,0.249617849825,Y
5629,-1.42231259979,-0.799299043152,-0.81816832882,0.175178717878,7
5630,0.12105782063,-1.39175755391,0.540613703281,0.610207516437,F
5631,0.320296932058,2.23958793722,-1.14674139894,-0.510207686705,P
5632,-0.690141911162,0.491000756184,1.05833166104,-0.00898897852961,6
5633,-0.521702563056,-2.2992284354,1.04297429809,0.0224880517746,D
5634,0.255020814038,0.547389566602,-0.590398411856,1.0408746278,0
5635,1.17362315346,-1.47036633704,0.391081992179,2.61473306864,H
5636,0.408012033378,0.666054476474,-1.33205131558,-1.77327000572,D
5637,-0.40466508765,-1.82679566163,0.0510815643387,-0.38915532463,R
5638,1.31123318219,1.07163583275,-0.691517208418,-0.197166005505,U
5639,1.32948333693,-0.314181397961,1.1552500717,-0.310137704948,D
5640,-1.33495964376,-1.37341691193,0.0212635301145,0.902418238064,A
5641,2.26828155848,-0.00732947160686,0.394682682766,-1.67980344276,F
5642,-0.304685066971,-1.35629610351,-1.62041924033,-0.569421791226,D
5643,-0.530817561108,0.800831462137,-2.27478067246,0.170541062213,0
5644,-0.00179986983782,-3.4653558453,-0.827826077789,1.43080821594,C
5645,-0.261444375509,1.48631429918,-1.03957864586,0.719062435257,U
5646,0.62762234217,-0.46919389474,-0.101264239068,1.89167555183,5
5647,-0.329298496659,0.0717152253405,0.479169387265,-1.0790751319,M
5648,-0.742764960953,0.759029529798,-1.11810900429,0.884686955416,S
5649,0.383763774827,1.11581944114,1.33311278763,0.371440405137,C
5650,0.137338425346,-0.662399039657,1.7571400095,-0.909404566909,Y
5651,-1.53960538842,-0.895458217211,-0.233274750243,2.66655612119,U
5652,0.0353039138924,-1.94248713729,1.24211758155,-0.184326342353,D
5653,0.182066404508,0.434355323079,-0.583836351776,0.616159546221,5
5654,-1.25990105329,-1.11409988744,0.283941450122,0.797891659445,H
5655,0.988201686454,-1.16336690726,0.115797150455,-0.048534985658,I
5656,0.236979548584,-1.60238488736,1.11837989374,-0.554615854672,Y
5657,0.900937660768,0.716453965152,1.81187532375,-1.33070373795,7
5658,0.727674783924,-0.938173916416,0.479873744399,0.347832185007,I
5659,0.287110072224,-0.346400077377,-1.15967566037,1.04924310759,A
5660,-1.09946636266,0.356532775254,-0.167410152699,-1.17486770267,W
5661,2.1283707566,0.678285501341,-1.13497406993,0.492645207942,Q
5662,-0.839113824688,-0.00629898159072,0.822816731551,-1.68470741455,M
5663,0.883543016678,-1.08390836156,-0.0563487493394,0.571913010804,E
5664,0.394935659169,0.935667577549,0.401927372893,-0.0626312737887,7
5665,-1.23974059305,-1.06399123524,0.117355131206,0.529984300876,B
5666,-0.921698915115,2.01375842574,0.578415807888,-0.832472037503,J
5667,-0.438838985571,-1.68872582237,-0.772547963494,-1.13887365375,7
5668,0.367193623945,0.588573768007,0.63705434795,0.636911713473,E
5669,-1.39824091937,0.701901911749,-1.6039740305,-0.00191015659499,6
5670,-0.759556384559,-1.76728167174,1.90306987097,-0.191658537688,O
5671,-0.0325374154026,0.924378833659,-0.148703780094,0.321012177688,D
5672,0.209908624091,1.62333189849,-1.14475403621,0.412215898863,G
5673,-0.457389497523,-0.117801477433,-0.32397183724,0.87981619223,G
5674,0.126167352241,-0.170581518245,-0.086927529729,1.42652676089,F
5675,1.38530572842,-1.47087255798,0.59369209983,-1.33194260542,J
5676,0.411997030112,-0.792781344662,1.11709531707,3.37295110815,A
5677,-0.794808010698,0.294574039582,-1.23511365799,-1.03851383432,F
5678,-0.400434824925,-0.0408743084732,-1.53988520595,1.30612484373,9
5679,0.0699993363635,0.856248596248,-0.599017277237,-0.766095044295,X
5680,0.480274367534,0.934570545918,-1.23317116217,-1.02728893157,Y
5681,0.169191485435,-0.24147182354,-0.199200577419,-0.42158335915,D
5682,-0.274242841274,1.46520620864,0.0983658151306,-0.166066319638,I
5683,0.350213524144,0.375084339419,-1.31954575896,-0.105641098649,M
5684,0.238529004497,0.37315459461,0.75596221298,-1.68183628998,F
5685,-0.222048141486,2.13619965929,0.197332538369,-0.539230303526,B
5686,0.375308784071,1.16542736895,-1.35745312889,0.612016863226,I
5687,-0.463572516619,1.76608711618,0.455837038526,0.255511649762,V
5688,0.279987620365,0.420717170016,0.805524014081,-0.755125227341,Y
5689,0.930874248303,0.0606505882541,1.62367108664,0.0860153472264,I
5690,-0.292948973947,-0.880245087659,-0.58117838012,0.654814808604,L
5691,-0.204133216404,0.333148655006,0.406851809035,-1.16939138914,K
5692,-0.242473906162,0.331982023684,0.290742328485,-0.278749501439,B
5693,0.145993094168,1.9304475604,1.72013936155,1.37752246006,U
5694,-0.617593289332,-1.61459102215,0.016190729139,-0.604622352054,H
5695,0.922978305801,-1.29205533331,-1.35199744332,0.283805565248,X
5696,-0.928138328936,0.852961137271,0.0244439954446,2.34055255809,V
5697,-0.821975954987,0.817373988272,0.451824760042,-1.5700276798,Q
5698,1.32173710851,-0.400620518794,-0.807798064685,1.01563144261,J
5699,0.711289457197,0.923190427705,-0.455170176161,1.06781436898,H
5700,-0.0473042822119,1.39417991714,2.34460962441,-0.0023966537126,Y
5701,-1.68833560877,-0.34635181462,0.425520384037,-0.224832006719,K
5702,0.160532758569,-0.687899003181,-1.42119553711,-0.272782612488,P
5703,-1.06680985591,1.25993735104,-0.206259375156,-0.970698643303,H
5704,0.745745145667,0.218009162287,-1.16438909867,0.998143664553,U
5705,-1.11369373771,1.71432477317,0.0812320103556,-0.774843957654,H
5706,0.836288834404,-0.640711544732,0.214117823982,0.672352803796,C
5707,-1.25373252201,1.75515388592,1.00968391267,0.813606878515,0
5708,0.688122013016,0.107562816071,1.26869029345,1.58572469791,Z
5709,-1.0009468033,0.543779192221,1.70153691822,-0.824417749374,G
5710,0.259233095573,0.384970064867,0.623987326179,-2.26782692831,L
5711,0.681097356909,1.81924389122,0.669091092328,-1.13871377546,0
5712,0.0795039851048,-0.515797218581,0.0340167738489,0.533996611324,V
5713,0.408100718791,0.314262768717,-2.7008336357,0.8859132187,X
5714,-1.04382757147,-0.659637977971,-0.383559155064,3.06084605348,I
5715,-0.559462647597,0.347588219136,-1.73081163024,0.51756309002,H
5716,0.980145396606,1.3943268393,-1.45622420078,0.791639097546,I
5717,-0.723501045729,2.55827129575,-0.850818278873,-0.475866884991,U
5718,0.100228489579,-0.570544048368,-0.00256505707677,-2.14829278736,Y
5719,-2.00615363112,1.06267593795,0.56906021752,0.418153033207,Q
5720,1.69852127828,-0.877714779877,2.72960265078,1.44346405127,M
5721,0.151382624623,-0.519385612794,0.389304096496,-0.481319320882,K
5722,0.945800588359,0.619985495344,2.09055348836,-0.437160156717,Z
5723,-0.921652202904,0.748417609237,-1.99396792327,-0.438938179369,F
5724,1.93629465427,1.16277968735,-2.15459014518,0.718838726399,F
5725,1.55096996594,0.188206649625,-0.850501609279,-0.990649082908,K
5726,0.482061362676,-0.204229296934,-0.500644028219,0.319990573079,O
5727,0.223549309464,-0.195633062902,-1.18184207473,0.874798163863,H
5728,0.152340481812,-1.23936177911,-0.572878483917,2.02312146268,V
5729,0.364105113863,0.911929576062,-0.0565181763893,-0.468410058252,R
5730,-0.76629382399,-0.268946105462,0.72287957043,-0.744594427195,Z
5731,0.769704932653,-1.63963520121,0.49883531679,-0.237019181977,X
5732,-2.18986993218,0.334059256748,-0.248977380577,-0.303729944929,A
5733,-1.21916745213,-0.0941635031273,-0.759448590448,-0.373387208339,T
5734,-1.33130261999,0.159015019349,0.488239986316,-0.421206185344,U
5735,5.66223950651e-05,1.47588379362,-0.493882954239,-1.34734418967,P
5736,0.427966081718,-0.46214280229,2.54893104406,-0.643161909124,8
5737,0.326544941745,-0.360347945999,-1.71274713701,-1.03105326798,8
5738,-0.85799476887,0.301968676798,-1.46687613655,0.306274571171,L
5739,-1.09745814607,0.394401226267,-1.25529302567,-0.439218073891,K
5740,0.172591073062,-0.264389854116,-1.4983040704,-0.0724826418581,P
5741,-0.537247253004,0.98716575092,-0.415319198617,-0.91104583769,C
5742,0.736183451939,0.215746005899,-0.396431235406,-0.0117007054873,W
5743,-1.91678390826,-1.35673032742,0.109771433938,-1.22650908046,D
5744,-0.583047285811,1.13782871975,-0.592200591531,0.409020223143,I
5745,-0.377472167522,0.867823616265,0.14636073339,0.649429871836,U
5746,-0.669547665812,0.118215338219,-1.47648593903,0.535221716864,R
5747,0.94305029621,-2.48024260876,0.571788750306,-1.37133136033,U
5748,-0.556300424355,2.47179482559,0.387172042862,-0.374153804257,W
5749,1.12951868617,0.415313347837,-0.0370965086442,-0.150884904396,V
5750,-1.60041251525,0.159826095085,0.150359408882,0.0880602196173,S
5751,-0.792301914625,-0.76524690822,-1.02191016877,-2.05883831483,2
5752,0.492471995323,1.07503848839,0.85528879451,-0.0210789627351,G
5753,-1.0371043808,0.431853941696,2.73007053165,0.452413048807,E
5754,0.486590504702,0.122527086827,1.38833975452,0.014269667216,5
5755,0.0316208497834,0.222669440668,3.02527302239,0.412352352536,B
5756,-0.516121355321,0.433223672609,-1.82153673285,0.666071365629,M
5757,-0.127360692927,-1.41909321855,0.364285103981,0.709469209782,L
5758,1.28661958577,-1.32458630079,0.498088685367,0.00187521138031,Y
5759,0.941217850379,0.937460704898,0.993775149075,-1.54101090001,L
5760,0.140539288686,-0.675597555628,-0.0505261131976,-0.392512773928,2
5761,1.10081124131,-0.0718888144294,0.748639496112,0.926795818871,F
5762,0.904096042076,-0.387636017016,-1.83255018555,-0.0250052448144,F
5763,-0.723900813821,0.389482891181,2.04158480652,-0.193698755926,9
5764,-1.55629369485,-0.358824351591,0.0940718408771,-1.16363196789,U
5765,0.257939508589,-1.34435565921,-1.61586307322,0.534847399684,T
5766,-0.955549393968,0.72161034695,0.544828820953,-0.773343863284,K
5767,0.0849826475437,0.643734355643,0.924384402933,0.820763855794,9
5768,0.339438074384,-0.512475033534,-0.140745455826,1.77211735938,D
5769,0.738018907393,-1.09093175979,0.936386888804,-0.0371964282075,1
5770,0.498951192333,-1.60979591379,0.202239168837,0.333631436537,N
5771,-1.42127543108,-0.892238364289,-1.07919052889,1.36187145509,4
5772,0.571228139723,1.10725894135,-0.489435902443,0.439029935288,6
5773,2.34310409946,-0.0528592816379,0.536494792421,-0.256877717049,P
5774,-1.64971917155,-0.588895770961,-0.542998010496,-1.42952856916,S
5775,-1.23145473495,-0.141106337919,-0.0452990875334,-2.03329026729,G
5776,2.04617613644,0.00349119312846,-0.419639438874,0.338628978631,X
5777,0.455333559288,0.586218618595,-1.65973347887,0.745404258902,N
5778,1.08503958745,-0.416365170868,-2.09440497656,-0.291052618483,Y
5779,0.223690415104,1.39966068901,-1.0526317556,-1.19815587788,6
5780,0.285272152024,0.16757342445,-0.111291986358,0.310478952482,A
5781,0.063792644617,-0.837654458103,-0.677238472193,-0.626083547637,H
5782,0.0872846336079,-0.517900176368,-1.18433247226,-1.08661011473,R
5783,0.131171319839,1.34071851793,-0.134506607695,-0.599765053446,R
5784,0.413138822462,0.297188164955,-0.674360984798,-0.868656779474,6
5785,-0.725957164077,-0.998949099333,0.592401903876,-0.818485681309,K
5786,2.01910601018,-0.870474209704,1.63956888769,-0.0186482972906,L
5787,1.52281658748,0.863990876198,-1.08472489824,0.995037186146,L
5788,1.59949539848,0.878765691631,-0.0318207476758,-1.5411366179,W
5789,0.0325844034946,-0.830247392859,0.0935280139959,-0.88542083393,0
5790,-0.218408198958,-0.479249697084,0.269820430019,0.587702567725,H
5791,-0.811632885386,0.880449044913,-0.355220991965,1.26746285098,P
5792,-0.331629285299,0.758538821203,-1.84899196322,-1.41798317763,C
5793,0.732672048983,-0.744897874133,0.512209365425,1.41749465308,3
5794,-1.28084916124,1.2000188395,-0.946479986539,-1.23655019214,2
5795,-0.154020827453,-0.413900354315,-0.475061072166,-0.452329618785,W
5796,-0.232235333519,-0.36847173223,0.993501179895,-1.02101002345,U
5797,0.781139612664,1.34234562331,0.913417802472,1.77422225806,F
5798,1.68121039922,0.372873798085,1.31129817203,-1.13375682387,C
5799,-1.24054657395,-1.16822655788,-0.580810292768,1.07676416929,M
5800,-1.29491390531,0.331681667567,-0.085695222413,-0.380569203981,Z
5801,-0.049305332823,-2.43881064713,-0.682628072115,-0.573967632167,K
5802,-0.650771376287,-0.881442495616,-1.6948258761,1.43701618875,D
5803,-0.3963280984,-0.0452369599772,-0.82059866906,0.975118263886,Y
5804,1.39805690189,-0.416834817448,-0.527764816545,0.655062660925,H
5805,-0.491837526362,0.252637810754,-0.712339559884,-0.134047513446,D
5806,-0.336568550864,-2.26989907835,-1.0710227466,0.943109716272,J
5807,0.756196944988,0.732624671297,-1.37274103159,2.87887107534,E
5808,-0.269079207469,0.639092505229,1.24410594108,-2.13611141214,J
5809,-0.308117543971,1.03423229452,-0.431444965322,0.994420033434,G
5810,-0.477304770346,0.350103060467,-0.825060983305,-1.61021866996,C
5811,-0.197311266495,1.49938437912,-0.450783103794,-0.543043564902,1
5812,-1.05625253562,1.32937402811,0.133393393512,-0.675953526835,J
5813,1.65880033704,1.2109383643,0.302966029029,-1.9723372194,S
5814,0.754500105805,-2.84593272352,1.25348652021,0.339283681809,R
5815,0.297284273164,0.420508090238,0.580422608514,0.909306175305,5
5816,-0.76321762939,-0.644610022908,0.200416889937,1.01539426888,M
5817,-0.193426879311,-0.461657552917,-0.340601033085,0.79847612844,R
5818,-0.0863577789857,0.278118692284,-0.796804928082,-0.224211991875,W
5819,-0.349744701235,0.754808662329,1.09616927863,-1.31170459798,J
5820,0.961266099257,-1.46778844208,-0.381348688075,3.41273351296,U
5821,0.673155528024,-0.895039545756,-0.887768316474,1.03686108804,U
5822,1.67472533372,1.31104788835,-2.12170769834,0.744071402699,I
5823,-0.855255037706,-1.54022504577,-0.44504266492,-0.937946606221,L
5824,1.67778291259,0.670607667605,1.07874713842,0.26864676133,I
5825,0.951291266659,-1.04088336394,1.45237389809,0.205420588348,O
5826,-0.683097887861,2.9216360691,-2.35528521138,-0.835637235212,G
5827,1.34426326251,-0.900980064491,0.568158456451,1.05577289501,N
5828,-1.10859803141,-0.652089420449,-0.564324183872,0.768528153968,T
5829,0.866475879819,1.01904456102,-1.3055447184,-0.511820733324,M
5830,0.0336227249884,-0.521880676982,0.35910131472,-0.119273822888,H
5831,1.31906604769,-0.396321693019,-1.24960484384,0.121016911634,3
5832,-0.199601266224,1.00674727456,-1.41558472498,0.691379397029,7
5833,-1.02301936727,1.19496379397,0.255706928476,-0.457100512662,3
5834,0.0652278045305,-0.575107373281,0.182695662891,-0.828034532989,1
5835,-2.82599726093,-1.29774434477,1.04919134315,1.84040399386,X
5836,-0.179054955592,1.17439327596,1.73468010559,-1.91880005489,N
5837,-0.729083204046,-1.31977350694,1.5283421117,-1.09292106377,4
5838,0.104814349187,-0.552227972234,1.35323818987,0.630351971381,R
5839,-0.255672483988,0.775342891726,0.387702137828,0.0418494551318,M
5840,-0.587911322785,0.873910372309,-0.304845920201,-1.05027521033,Q
5841,-1.33426075553,0.244746876054,0.467975323645,-0.815458542903,7
5842,0.438789581994,0.395960469908,0.579843229114,-0.738805475948,1
5843,0.000146530085908,-0.713570904478,-0.727029685305,0.207665206445,Y
5844,-0.693389161461,0.133031836655,-1.81038531981,-0.206715974803,M
5845,0.312562281614,0.702847315732,0.531875411792,-0.419881861122,1
5846,-0.72994891374,0.909011091713,-0.368559501292,0.712992749964,X
5847,0.0295548609596,-0.0529727450304,0.687465466262,-1.87728427811,Q
5848,1.04361055558,-0.0838950974768,-0.563813578305,-0.637313722505,J
5849,1.33212030119,0.432326957381,-1.0716308531,-0.353301446466,1
5850,0.433454205741,0.493090342954,-0.430091219215,-1.24739175022,A
5851,-0.388183036252,0.717130413588,0.104644785048,-1.34474922968,U
5852,-0.309841435596,-0.0556518391709,-0.471842937587,0.286450798247,6
5853,-0.10828356148,-1.61065829236,0.452592196848,1.94223950052,W
5854,-0.124121110466,-0.454045802778,0.0193995787656,0.700822612342,X
5855,1.11394609825,-1.85683176362,0.81443068184,1.19548157654,B
5856,-0.685256694272,0.124450265983,-0.505895355436,0.642685156877,X
5857,-0.631721617603,-0.143666478319,1.08793628245,0.219917483414,W
5858,-0.187874760576,-1.48158409815,-1.0547680998,0.20038830298,6
5859,2.41239638962,-0.338503880638,-3.23439138156,-0.688067285952,Z
5860,-1.9462312239,1.37207972876,-0.221379762679,-1.12699594624,O
5861,-0.226293445835,0.0401963494412,-2.77001770957,1.11509332768,A
5862,1.00806977374,-0.423869233278,1.8897126832,0.348197686869,I
5863,0.971149249318,-1.32616582025,-0.354045936994,-0.327411143482,0
5864,1.36353051114,0.135903703892,1.46731318356,-0.127779495965,Y
5865,-0.19197145977,-0.123172297399,0.510274218386,0.399055290176,H
5866,-0.751564616688,1.86823193803,0.0886936677273,0.470142846466,X
5867,-0.699964735883,-1.76355121411,1.82848889807,-0.880434405584,A
5868,0.0260083276047,0.920829784862,0.371928190593,1.21384797207,F
5869,0.680894289163,0.578016409835,-1.21484038451,1.44762363744,4
5870,1.39327052397,0.0435632544791,-1.146234218,1.17880695603,5
5871,-2.19086950852,0.44790006442,0.982867191279,-0.103476657828,F
5872,0.849065019414,-0.657636267962,-1.70064256543,-1.23527182936,7
5873,0.356928303944,0.729238575934,-1.16525974664,0.0969562541038,O
5874,-0.615839157106,-1.02152825853,-0.775866788286,-0.585817912809,C
5875,0.0941280496711,-0.637392107258,2.35679915261,-0.716469860111,E
5876,1.38850825692,-0.0234837365833,0.376429178738,1.64489617536,B
5877,0.418292759723,-0.817763260527,0.0175127262705,-1.00715977501,L
5878,-1.02322878472,-1.66426790996,1.29433373219,0.333396239157,1
5879,-0.357209186505,-0.812384920199,0.164543846545,0.395520652446,1
5880,0.243235091968,0.198340970477,0.146675326609,-0.912407950633,S
5881,0.100768448376,-0.111568568318,0.442554649842,0.655966490529,W
5882,0.202153755435,-0.403594279834,1.08693821044,0.0571988931779,V
5883,0.682939474818,-1.25740887569,-1.03095120356,-0.695575887968,K
5884,0.224673650561,-1.28298191411,0.170885761371,-0.72666181024,N
5885,-0.81574968852,0.0416703835773,0.449463712687,-2.60614480621,Y
5886,-0.670342332976,-0.181165069273,1.51316512869,0.241033275228,E
5887,-0.421222629323,-0.506196052729,0.667947006081,-0.252557001408,1
5888,0.0356510040138,-0.0349447892103,-0.354961292903,-1.00323924187,R
5889,-0.853609950686,-0.436814381594,-0.871246067907,-0.0162318805644,Q
5890,0.720569698538,-0.12368692566,-1.70015409095,0.301859068104,P
5891,1.00600208149,-0.282086676389,2.90520202543,1.60357122905,H
5892,1.33078157887,1.25342207656,-0.876879953169,-0.939893841763,V
5893,-1.13908371589,0.521191884293,-0.693467894987,0.703674352254,V
5894,0.32237578151,0.314142765689,0.260488034437,-0.496940556074,M
5895,0.998554474257,-0.814302246659,1.04821975405,-0.0615903771574,M
5896,-0.00502519161042,-0.711575161614,-1.7320073944,-0.517527817753,1
5897,-1.57729022239,0.516398621773,1.19967266911,-0.512883724356,1
5898,-0.856402921327,0.0317180388109,-0.48867731018,-0.819806621925,5
5899,0.879164164607,-6.87039017353e-05,0.0851421932229,-0.737687908672,P
5900,-0.917820624958,0.0583672724068,-0.531512220961,-0.812805362046,V
5901,-0.759938801046,0.10565513117,0.0517595045228,1.12498746591,P
5902,-0.179007752923,0.577350578,0.638650462054,1.51324343654,M
5903,-0.792080993285,0.311284469838,-0.154407809749,-0.351270888659,Z
5904,-1.33130391846,0.893180615133,-0.0818464184847,-0.294822978963,7
5905,-1.1975743343,0.568163820583,1.98516367888,0.583706200654,G
5906,-0.0910102711284,-0.72764821894,0.315931873022,-0.0314558889142,V
5907,-0.228641076424,0.00979227123029,0.409629522564,0.028353200635,F
5908,1.42908929255,-0.0297455723289,-0.140590061656,1.00768745361,Y
5909,-0.851548444586,-0.260413376981,-0.407416098231,0.0683278470549,K
5910,0.451367134559,0.434449932361,0.70073558306,0.190064683453,J
5911,1.27320362836,1.48258566991,-2.01227159324,-1.37778539264,I
5912,0.665903957171,0.656232757675,0.304479707619,0.159378844096,X
5913,0.206585239638,-1.10114726087,-0.707540897003,-0.978277029763,D
5914,0.990034482357,0.111278235777,-0.503771947105,-0.895681219964,1
5915,-0.684401120074,0.509116920103,-0.957427019668,0.130915958699,9
5916,0.034603865237,0.769922070912,0.168947506298,-1.61044278835,Y
5917,2.48734717001,-0.258828717066,-0.970272174128,-0.531656068783,V
5918,0.842772347254,2.66506017346,-0.0933887692822,-1.22298581578,I
5919,0.556821533814,2.10532106684,0.408342363677,-1.06952799595,I
5920,-0.566608487663,-1.80612311106,0.00723679397273,1.14246042313,O
5921,-0.347958047771,-1.70329780095,-1.27677896747,0.016063414931,4
5922,1.68928528604,-0.243741291762,-0.0328599153251,-0.699973544707,K
5923,0.512343746976,1.10588560379,0.996068399717,1.86630341595,L
5924,-0.695322671369,-1.13816410412,0.995712525369,-0.789439880785,O
5925,-0.494161886817,-2.27768988196,-0.0927977432127,-0.0412041183027,K
5926,0.102128255696,-0.497692506439,-1.2404019268,-1.37668191774,T
5927,0.532616345844,-0.955477479034,0.825892603513,2.39044789991,K
5928,-1.27174117295,2.01804584008,0.124696038762,-1.1380608374,A
5929,1.16388529444,-2.19758759565,-1.19805498631,-0.422572367407,O
5930,-0.679812513384,0.274314278446,-0.178447578753,-0.426898618812,Y
5931,0.933633898912,0.350503634407,-0.468304135728,1.15617294229,6
5932,0.648978269635,-0.0959148686079,-0.0638389788879,0.0860773134828,S
5933,0.611148995312,-0.742646729166,-0.250950798954,1.6108752152,Z
5934,-0.141520498289,-0.351262783086,1.96506991024,0.297953599083,K
5935,-0.684331972915,1.01187460935,0.70650636507,-0.181270681137,S
5936,0.268776734778,0.214678354876,0.42727178463,0.521098868458,Z
5937,1.16729953082,-0.0180285216823,1.08684065028,-0.686287395778,P
5938,0.329986083788,0.299002867554,-1.50203698932,-1.86698381909,K
5939,1.02625695504,0.389163275741,-0.433496404284,0.159209973881,S
5940,1.47801112182,-0.29544722812,-0.276814207824,-0.3162505872,W
5941,-0.343394172769,-0.0835139027575,3.05334492778,-0.57314918205,R
5942,-0.0304983004796,-0.380566259652,0.482507158938,0.00452875346031,L
5943,1.00378858999,-0.688903430455,-0.627384063578,0.704902457771,K
5944,-1.46697079336,-0.0862892733564,-1.82922699204,-0.21229006081,Z
5945,-1.07101254008,-1.46101742425,1.33743575745,2.29750830376,7
5946,-1.59475998689,-1.0956867318,-0.941550586512,-1.54025750712,1
5947,-0.621688855453,0.613429557372,-0.756052306212,0.647458293632,K
5948,-0.891974106918,0.507887559927,-0.220682668061,0.0622325247424,V
5949,-1.18633164337,-0.45056234874,-0.546765766983,-1.05726599285,6
5950,-0.166791134618,-1.10568393926,-0.0788695450821,0.0521644667501,L
5951,-0.188106064548,-0.248578049448,0.490971120252,1.54771167874,U
5952,-0.138187582345,1.18774063338,1.90246012098,0.953902720226,E
5953,0.104037779949,-0.113550963079,0.764308215447,-0.918112487536,U
5954,-0.0105891245446,1.30018068416,0.796238870636,0.982547428655,B
5955,-1.02515245618,0.896530652279,-2.33638014354,1.03323190369,O
5956,1.85135657271,-1.35936736304,2.39693285678,0.21464761982,3
5957,0.683998573878,0.638675296326,-0.27729610029,-0.996665031687,E
5958,0.0861463712494,-0.918117142863,-0.541719770848,0.536130968068,T
5959,0.84185677345,0.913906538505,-2.57507869955,0.794486917428,H
5960,-0.890223307632,0.58286442763,-0.999817944464,0.472839464612,V
5961,0.365284774282,1.43914146245,1.54964189908,-0.181554052833,B
5962,0.172716412222,0.202306824443,0.956202781979,-0.145276849671,X
5963,-0.830696473284,2.15207551169,1.15964228021,1.23727862354,8
5964,1.07897929966,0.0313087868678,-0.134672010112,0.438420092912,J
5965,0.505521795956,0.563120003372,0.752423766826,1.25290897961,9
5966,0.120993682064,0.416448592196,-0.643344448819,0.585661214561,7
5967,-0.686920732051,0.439469047074,0.320119462122,0.84197659869,5
5968,1.54067741422,-0.824946411537,1.04644435733,-0.890283085945,L
5969,-1.63069019177,0.467838170439,0.299393737409,-0.0865049052479,G
5970,0.633494778804,-0.186524009218,0.927626965339,0.143163919205,Y
5971,0.308635854456,-0.112857308281,0.762842218963,-1.07297708256,E
5972,-1.62705067432,-0.97815141263,0.154744635774,-1.22903670661,Q
5973,0.3148469838,0.0979888456607,0.199608299962,0.95519346772,P
5974,1.6669071275,0.992005251442,0.496127673055,-0.686391014806,X
5975,0.0106028383268,0.708539635302,-1.25871092114,0.226540952916,M
5976,0.11869281378,-0.714454714392,-0.50134244455,-0.254763929933,W
5977,0.302616230947,-2.01152735667,-0.628084547049,0.768826864455,O
5978,-0.0985721257172,1.76908645538,-0.215026976047,-0.053076199659,T
5979,-0.0190579326345,1.96499405621,0.738537929544,-0.883775928618,L
5980,-0.595349058225,0.00178120547993,-1.42335533545,-1.45847723898,A
5981,1.39217049077,-1.39655962763,-1.42530626093,-0.847535140771,O
5982,-0.896028542768,-0.152287244864,1.92448322383,0.365183971059,P
5983,-2.27464172743,-0.901873739278,1.50035163127,0.996540537761,E
5984,-0.30189755765,1.01990578818,1.10216033286,2.62452608968,N
5985,-2.54838896657,-0.585373738403,1.496201467,-0.718814745545,O
5986,-0.0645879626599,0.759291883006,-1.56841485777,-0.420933037922,G
5987,-0.143365411354,-1.11175954725,-1.81558086703,0.435273612751,I
5988,-0.070412399543,-1.05592096242,0.338016708521,-0.440762523974,4
5989,0.649148000252,0.994272913069,-1.38422724628,0.485120032364,I
5990,-0.370768721563,0.404356340287,-1.05162846226,-1.05089891162,L
5991,-0.409980111625,0.155627076006,-0.81898965427,1.27735013287,H
5992,0.301213589188,-1.11120335047,0.668257684091,0.671921855703,X
5993,1.82111702878,0.416444799351,0.173874079053,0.505118430246,G
5994,0.0688036448846,1.32275858021,0.802346253327,0.223617809159,R
5995,2.31189587899,-0.41707032545,-1.40959852635,-0.515820726027,1
5996,-0.479892969973,-0.650418530998,0.745152119818,-0.646037876591,Y
5997,0.523330748868,0.787112113221,0.486066142508,1.09315580825,F
5998,-0.362559431988,0.598893993038,-1.84320146381,0.887291508481,0
5999,-0.0963755510259,-1.01299883547,-0.657431480807,-0.573315211841,3
6000,0.467976300189,-0.0386485396255,-0.295344251987,-1.82472622729,I
6001,-0.358893469543,1.40445260007,0.704964644926,-0.200638304015,X
6002,-0.50184039929,0.659253707223,-0.421690619312,-0.0576883018364,A
6003,0.204886212202,1.07413396504,1.38836131252,-0.982404023494,C
6004,0.354627914484,-0.133115852296,0.283762637978,-0.837062961653,S
6005,1.81748001608,0.742272722638,0.419394843928,-2.25103520513,T
6006,-0.776764319165,0.935517747061,-0.332871759623,-1.87564085416,M
6007,-0.913134961617,1.53062351168,-0.572656719239,0.477252252981,4
6008,0.358479538224,-0.49757199147,-0.367016188009,0.507701778685,N
6009,-1.74087710829,-1.16041658062,-1.63783027929,2.17220101238,H
6010,0.24056373835,-0.328249185208,1.25215525783,1.07279626643,V
6011,0.764018252198,1.16547617218,-0.639544262638,1.49525751956,I
6012,0.571034923177,-0.310537224251,0.582437274651,-0.2987651796,7
6013,2.31765810894,0.430709506296,-1.33421573445,0.199679483557,X
6014,1.54777073472,-1.11975292512,-2.27763354506,0.329585909852,K
6015,-1.31060811665,0.401719086645,-1.00098707369,1.15670834954,8
6016,-0.0884964396951,0.634711729043,0.153323985774,0.415334751149,Z
6017,-0.0186628260149,-0.247487241047,-1.44652215689,0.750937748749,F
6018,-0.0701272145463,-1.57909726069,0.120891794918,0.671431885035,N
6019,-0.194677940725,-0.492039150308,2.35960484963,0.319810396195,V
6020,-0.248617847177,0.868706587235,-0.492226143765,-0.717959381922,J
6021,-1.09154895394,-0.867110226119,-0.647760443099,-0.832561559975,I
6022,0.641404300148,-0.138821578977,-0.621962804042,-0.284839425379,U
6023,1.21640846838,0.99268666512,0.165161778012,-0.0696186082242,R
6024,-0.564474180519,0.792832268133,0.747052842907,0.57167515791,D
6025,1.75987899507,-0.515665834496,-0.230480686323,1.36231722352,F
6026,0.126266090531,0.309281375664,0.38281996138,-0.239199054993,F
6027,1.33436047951,-0.100152166835,-0.840730552173,-0.643966598255,2
6028,-0.737620017711,0.278087463151,-0.053235240431,-0.950971590734,B
6029,-1.1484864849,-0.986292150868,-0.144963115417,0.124362404338,Z
6030,1.63059449241,0.243886206002,0.468368306354,1.25804787443,H
6031,1.04488953219,0.0807175385621,0.857885542829,-0.298381802517,B
6032,-0.262542542362,-1.61519874791,-1.08723871374,0.759029075237,C
6033,0.0201440713103,1.10779156618,-0.559435335039,-0.481925210095,T
6034,-1.20391554609,1.88534310731,-0.0804704068388,0.25064589327,7
6035,0.366914548813,-2.43008643092,-1.05344696342,0.346278884194,H
6036,0.434220473424,-0.0798625386706,-0.422976747932,-0.0742721760915,8
6037,0.0406656980213,-1.81021570262,-0.189192727269,1.22926636581,M
6038,1.33845943246,0.338489099729,-0.213446105129,2.32592341971,K
6039,0.572981073363,0.782663875351,1.30767321124,1.61995725335,Q
6040,0.762428447112,-0.648528798886,1.93651473707,-1.15966561312,U
6041,-1.25204557796,-1.53853949038,1.0422813822,0.623835121823,5
6042,-0.0475302140596,-0.494310199706,-0.165460018905,0.472929032513,E
6043,0.124547711991,0.730791450242,-0.25752685093,-1.51125664924,W
6044,0.801889237656,-0.462780621429,-1.73462083332,0.674768319362,5
6045,-0.992306666472,-1.09683007882,-2.0617943017,0.035390605957,A
6046,-0.109662774864,2.57709376617,0.91356252242,0.613594050216,Z
6047,-0.541680906279,1.5100313553,0.467944825377,0.553225037837,H
6048,-0.0795865737601,-0.609923697841,0.35383422895,1.10803005914,C
6049,-0.0437516462601,-0.410666385961,-0.729599036366,0.263223371713,D
6050,-0.761490177447,1.10418191625,1.27060866366,-0.319284452382,E
6051,-0.804975073037,0.559520138339,1.05223226496,-0.645574265818,T
6052,0.35394105397,1.82996269805,0.398922026361,-1.52223131661,T
6053,1.54163640493,0.478316068959,-0.666760327343,1.36717494756,R
6054,-0.987620842341,0.337534288405,0.386934953004,1.99614391761,G
6055,-0.353462320307,-0.448433452071,-0.420520291568,0.606223206634,W
6056,-0.275687122051,0.127910363851,0.877755572144,0.141774294303,I
6057,0.448882070123,-0.0164103203039,-0.0414342913919,0.483096480304,I
6058,-0.0437649578253,-0.878445916853,1.52507535186,0.00822316479269,J
6059,-0.0644155835746,0.080920574987,0.644715202274,0.393025120766,9
6060,0.0150183089497,-1.62030091273,0.465865552616,1.63737662602,B
6061,0.579715377177,-0.565645982402,-0.812128961966,1.53280260401,G
6062,-0.324507167079,1.85335063636,-2.26860910203,-0.355131709073,M
6063,-0.100246742541,-1.9546139579,0.132518774906,0.83692675288,M
6064,0.275725087798,0.349561138652,-0.617722975053,0.675990898106,I
6065,0.300486311556,-0.914367342324,-1.6046088239,-0.90545849944,T
6066,-0.362382393314,0.708360644964,-0.388316739311,-2.32876299592,P
6067,0.805330955425,0.0736168178539,0.481166223853,0.632620759249,X
6068,0.786095366054,0.0951374087988,-1.04996472851,1.82879833145,C
6069,0.20781502657,1.40727518965,-1.04479960125,0.140207499487,7
6070,1.80974963809,0.592023139186,-0.146214836643,-0.113817691749,Y
6071,0.190562146781,-2.88635875932,0.514364781284,-2.2081180574,B
6072,0.844977118094,-0.164290184848,0.218672395512,0.0990115476933,X
6073,0.195035085082,-0.649590655548,2.17166386104,0.453465558806,5
6074,-0.0564333653869,1.75865043501,-0.448091017018,0.346784396043,5
6075,-0.11260915388,-2.64245701436,-0.487309941502,-0.220507107741,D
6076,-1.39531912204,0.573474013814,-0.0133236905274,-1.30707048628,N
6077,-2.08027277833,0.0974981483635,0.321489166278,0.0126076722626,O
6078,0.88317164615,0.490426984887,-0.799299286482,-0.699668792454,J
6079,-0.138631966525,-1.41784482297,-0.199678277638,1.19929867533,Z
6080,-0.961579329566,1.16624685822,-1.12495332265,0.201727835778,P
6081,1.30145347696,1.07711713668,0.56050246064,0.859991127179,W
6082,0.0636793444679,-0.995532083484,0.879547223724,-0.0124713077028,N
6083,-0.373381111798,0.982861169257,-0.0375341446861,-1.33785580601,1
6084,1.49229222711,0.485490431128,0.129313292844,1.73356873962,6
6085,-0.908491526543,0.498234275772,-0.588843697186,-0.903956188452,A
6086,1.13713975779,0.977509103934,-0.940993915461,0.149012866744,V
6087,-1.04983803109,2.45342509904,1.23008741443,-2.06850760711,I
6088,1.48519893861,-0.806453458123,-0.475087116613,0.936801368414,Z
6089,-0.790436911077,1.8238515301,0.470826739735,0.898781975943,B
6090,2.02480808353,0.0322506496307,1.31529742078,-0.156432529592,N
6091,0.379253002685,-1.05940924098,-1.13206803173,1.22229604428,A
6092,2.40321605952,-1.79252836422,-0.917572680139,-0.88669297209,C
6093,1.24997470755,1.49152996563,0.371475805897,-0.000464620420962,V
6094,0.501130600702,-1.8524509796,1.11035434692,0.508864733821,D
6095,1.10652128242,0.0981530997183,0.789793234562,1.19269254286,0
6096,-0.540542595454,1.78256921968,0.0519310959987,0.463867655906,R
6097,-0.101979890355,0.981720222277,1.10699018111,-1.75226932921,8
6098,0.632107381338,-0.761419236427,1.42793044112,-0.0469283588887,K
6099,1.00977860887,-0.608379336968,-1.40510505648,-1.17505405942,O
6100,-0.602747944659,-0.182503514402,-0.768163968379,1.26068635765,Q
6101,-0.0391054339894,-0.0695099824413,-1.35805194008,-0.292858620366,F
6102,-0.345100573788,-0.179476870638,-0.904657664386,-0.0712867473108,3
6103,-0.759495118894,0.225916245652,2.2358717609,-0.00448980823071,N
6104,-1.6867705196,0.742275516539,0.48587599627,1.79850711251,9
6105,0.145697316417,0.805037295613,0.350361830434,-0.540234679436,C
6106,2.48765369604,-0.147867121811,0.580688201183,-0.305696173077,J
6107,0.38016591287,-0.592483279562,0.393693377794,-0.463216602736,S
6108,0.96354902595,-1.55030192705,-0.944962257052,0.121546253521,D
6109,-0.0403846130388,-0.312648567879,-1.19660390862,1.0750431857,N
6110,0.938356628434,-0.235761104349,-0.0773603113055,1.16215015537,G
6111,0.190303261201,-0.425472860755,0.362347382137,-0.688710660785,O
6112,0.256419161128,0.0826694187979,-2.30275824842,-0.446115220145,R
6113,0.690971664806,0.871498395659,0.948468891564,0.644683368429,Q
6114,-1.15778132548,0.0936961784472,-0.765272815741,-0.724766824934,U
6115,-0.295462233706,-0.832817149695,1.49020373854,-0.420786204612,X
6116,0.132722962244,-1.25578038911,1.37000771682,1.14448991761,J
6117,-0.111380676194,0.572076202947,1.8079619052,1.09020474362,S
6118,0.178699745816,-1.60883234776,2.1746148394,-1.35173849821,H
6119,1.20218256712,0.179582552204,0.202061214889,-0.731213132128,6
6120,-0.674446571006,-0.184702666166,0.706721251292,0.718680803788,V
6121,1.76553544644,-0.951931579911,0.320146510176,-1.15934952511,F
6122,-1.2478849863,-0.725490485007,0.541997606469,-0.126572143755,5
6123,-1.1640445457,-0.647618961239,-0.550283265919,1.16494340443,O
6124,1.81613255613,-0.393382465546,-1.21291011478,-0.317186597786,L
6125,0.499882890819,-1.18363110139,-0.638619314755,-0.785336775967,1
6126,1.22849889391,1.25347911733,-0.221459415048,-0.0654131965162,R
6127,1.01895127853,-0.423936860698,-1.72455343475,-0.823409084355,6
6128,-0.169892938696,0.301071840312,1.40996063006,-0.516055941099,J
6129,0.883067867689,0.950612783539,0.783765906001,0.776406924195,R
6130,1.03277821333,-0.0929303289895,0.600042004986,0.173515461043,9
6131,-0.249224588436,-0.0648201009871,-0.0127630546134,0.0304726487395,Z
6132,0.556590447301,1.97690140411,0.130668936682,2.71966409048,0
6133,0.16107564162,-1.3149395378,-0.605192051164,-0.732212975124,H
6134,-1.84206221975,0.0109146960347,-0.0132330195161,-0.29825942451,F
6135,1.72723710088,1.67458417387,-0.988291322079,0.512445217364,S
6136,-0.190386389574,-0.184385010197,1.16329213344,-1.05989578865,H
6137,0.69311133934,0.815751494672,-2.38869472458,-0.201710174422,L
6138,-0.0621126729433,-0.00984964476467,0.658452659654,0.782909762977,T
6139,0.880939751586,-0.707391129783,-0.750939055668,-0.0423814584647,8
6140,-0.592837623954,-0.700117210885,0.831351965158,-1.15891084185,5
6141,1.62834979618,0.404618215489,0.0863343325974,0.278913544915,4
6142,0.210544278316,-0.909438189136,0.903899753529,0.471579103734,Z
6143,0.033606494896,-0.882900260313,-0.345729265059,-0.317833493034,F
6144,-0.0755744023429,-0.616260178437,-0.342470997941,0.850522271235,U
6145,-1.26295070974,-0.167273237609,1.45780742884,-0.37563609476,Q
6146,-0.289513268133,-0.927606335239,0.950207336839,1.23406721349,M
6147,1.34653227067,1.08338934179,-0.840822696227,0.525032166375,1
6148,0.698212579575,-1.2635370225,0.0345888504173,-1.08271314806,T
6149,-0.798004160565,-1.30179455306,-1.95685241187,-1.2841200757,H
6150,0.042611218243,-0.175943187928,-1.01597727921,0.668173594623,5
6151,1.52264922941,2.29139247927,1.5064450569,-0.448051016456,R
6152,0.54911837215,-0.439673137424,0.651228776652,2.6480462772,W
6153,0.119467771322,0.224633361843,-0.462936521536,1.41015553196,T
6154,-0.323899441166,-0.115278120343,-2.24762512685,0.271304098854,C
6155,-0.569092884953,1.86005610394,-2.5526005446,-0.433538185597,C
6156,0.112111473607,-0.845797840143,1.00631020207,1.13883188261,S
6157,-0.499492134991,0.91641467488,-1.04521512609,-0.50757820342,D
6158,0.376336174588,0.764118507122,0.935520356664,-0.594284323631,E
6159,0.0435519604575,-1.13311390808,1.83995995892,1.07689076788,2
6160,0.08521566085,2.51096445751,-1.05481405994,0.673699680303,A
6161,-1.78187926997,-1.08540212875,-0.0523621760075,-1.07072106964,I
6162,0.895674400067,1.2217782908,0.354943949672,-2.72080073957,Q
6163,0.178964296545,-1.24036038336,0.216703259507,-0.931038265768,Q
6164,0.751110935945,-1.67754135722,-1.84529427201,0.472624179004,C
6165,-0.174065305457,0.41737570589,0.67568579441,0.976129682648,9
6166,0.469285344255,0.468042648048,0.740358197771,-3.17350880211,J
6167,-0.414343091707,-0.847569597434,0.321460576581,-2.57576740455,4
6168,0.947170681816,0.328539010454,0.194054760004,-0.530855170507,B
6169,0.280983721958,2.21810968243,0.0430190102528,0.105970933337,2
6170,1.36877536297,0.314364311301,0.237928036312,0.826479814371,L
6171,-0.556653869652,0.677243772286,-0.0487451867473,0.481484592223,B
6172,1.27535225202,-1.63660490059,-0.907082516741,-0.842150166534,N
6173,0.354484776486,0.336961106409,-0.877360547161,1.94340295455,Z
6174,1.63041080339,-0.107837334831,-0.452669704243,0.511911011614,V
6175,2.13082174199,-0.513612858636,-0.589272751532,0.270246731148,M
6176,1.1330300851,-0.920498984072,-0.41147778905,-0.00125773317809,I
6177,-0.022368446588,-0.165693213389,1.48750250694,-1.5609710846,P
6178,-1.59781750388,-0.544169575971,0.565075786079,1.28817666767,V
6179,-0.641428915759,0.376689595468,-0.153789313646,-0.512960526573,B
6180,0.314357377289,-0.962541936748,-0.541512534494,-1.1561648896,4
6181,0.0883395556165,0.814274132271,-0.304655359037,0.792676034143,X
6182,-0.241961771733,-0.629315403013,-2.21260233427,-0.374105157708,S
6183,-1.18173491365,-0.596941681158,0.2743443978,0.273126365442,1
6184,-0.216653074676,-0.736039143474,-0.695235903991,0.421187733859,M
6185,-0.210084441042,0.708076753126,1.54565512016,-1.58704505966,B
6186,-0.194803690607,-0.215578248302,0.691829450352,-0.0992752966404,L
6187,0.555034364088,-0.628948162163,-0.550886205331,-1.30358538455,C
6188,-0.00132553343873,0.234979080439,0.305587215001,1.17498471846,C
6189,-0.505884715251,0.289074547151,-1.01753668504,0.086234836138,8
6190,0.818458302751,-0.0774239427346,-1.53559692163,-0.727323013995,T
6191,-0.739837815235,0.654747515967,0.775892880451,0.911725982352,3
6192,-0.157668660717,0.0105765369843,-0.473290818785,-0.114977254557,K
6193,1.582072755,1.21135077234,0.277131433192,0.637144296923,B
6194,-0.704190048658,0.12787599735,1.05250272942,0.209073871078,W
6195,-0.389367804328,-0.93291366124,-0.998024963481,0.563616911143,C
6196,-0.558272131251,-0.161774896289,-1.53806659646,0.613443319356,R
6197,-0.158497066494,1.34901324395,-0.475157789661,-1.0330587238,N
6198,0.407671432137,0.254556508037,-1.56082456407,1.12562760798,U
6199,-0.653921366863,0.0275790877175,-1.39629369836,0.913825226594,I
6200,-2.57692549898,0.338165036668,0.519442976393,-2.30330714219,8
6201,-0.842865347335,1.0821650933,-0.646397860835,-1.13500686925,J
6202,-0.494181289099,0.104939493471,0.827236857824,1.05511433215,D
6203,1.15576168508,-0.0660077704386,0.23605882151,0.309968188821,V
6204,-0.687534473898,-0.0263544937825,0.106619281446,2.47490163593,E
6205,0.649517559904,-1.17781051518,-0.954277458301,-0.339043658202,7
6206,-0.423467777754,0.638837715089,-0.0390346575333,0.145446357589,8
6207,0.0827382882553,-0.472712215521,0.480072117744,2.01998684041,P
6208,0.268893320742,-1.48484562253,-1.63763986608,-2.3255800776,B
6209,-0.107129695053,-1.11241995795,-1.27069822508,0.848296771646,L
6210,-1.04544077775,0.797202720191,-0.350622812646,-1.15411164074,Q
6211,0.419680914033,-1.20255497117,0.374432783263,-0.556201528434,T
6212,0.203280886034,0.947044539757,0.990641967636,0.0618586714995,R
6213,2.09212414836,0.906692467548,1.3274444574,1.09801998125,C
6214,0.426330491605,0.77543138121,-0.540806606851,0.483395084815,D
6215,1.65203944937,-0.887319814636,-2.17453333781,1.28661777145,3
6216,1.01408518893,0.771958446614,0.391397552654,1.34960477211,Y
6217,-0.268733296954,0.145778431561,1.14838487859,-0.0558591686879,C
6218,1.17460855008,0.611714412276,0.515178519961,-0.185847595552,L
6219,-2.40501866212,-0.160283329726,2.32208248639,-0.944042520795,H
6220,0.423191686836,0.0957867735118,-0.887767669303,-0.741621278186,W
6221,-1.24207952376,0.371923550534,0.16677714031,1.0104893326,C
6222,1.2934718078,1.14453036376,-1.4812669881,-0.441601572264,7
6223,-1.12685300658,-1.03722648479,-0.239714171379,1.17321878409,9
6224,-1.0622089135,1.19226182583,-0.77544757706,-1.22501175108,S
6225,-0.372656417204,-0.485827702989,0.534654941088,-1.21224456369,G
6226,-0.020036253405,-1.33303514247,2.18945039442,-0.24919015118,W
6227,-0.577762744277,-0.389902047992,0.488137595884,0.626000837653,W
6228,-0.766540645184,0.713716560555,-1.01825632674,1.88936116726,R
6229,-1.73870003681,-0.336053519267,-0.992538495353,1.42120418055,U
6230,-0.568215850256,-1.84814384541,0.863834662405,1.32228142724,B
6231,1.32185817098,1.00887344786,0.254607528649,-1.34209930073,J
6232,-1.44311819447,0.240571274358,0.792943937286,0.0736683310364,F
6233,0.440871905275,1.12257403393,-0.755518791048,-0.716928210258,O
6234,1.51509585736,1.33547436495,-0.910115691199,0.0511775765034,V
6235,2.02357956321,1.09680739934,-1.3481784049,0.264341887714,W
6236,-0.361315167468,1.01065213956,2.55387890981,-0.0895751091802,4
6237,-0.994547758775,-0.457568170876,2.21848280827,-1.2782514738,R
6238,0.132032388144,-1.3051371475,-0.536163371291,-1.28005533132,P
6239,1.16176432633,0.818181671369,0.0151191881992,0.283321533309,C
6240,-1.03942080599,1.13451743559,-2.22579019681,0.0592040052355,P
6241,-0.867388839047,0.398072218402,2.05379725736,0.734562840374,G
6242,1.45300175913,0.569163454607,0.198247662356,0.46520554845,J
6243,-0.0954282988118,0.428386420293,-0.405097533928,-1.39724911033,0
6244,-1.17327031236,0.159077812036,1.9276511382,-0.210691347031,E
6245,1.04396635963,-0.104110599839,-0.249275629159,-0.0207793012098,J
6246,0.280528850972,1.60109135858,0.561331365945,0.868630989409,L
6247,-0.659952829242,-2.30316016277,0.248001069221,0.942725735947,D
6248,0.790583884393,-0.983115534038,0.874530999569,0.809282002383,O
6249,-1.17591092941,2.15198696697,-0.0809277136982,-0.431623621004,D
6250,-0.261109738898,-0.516069628221,1.13538791735,-0.761319800575,P
6251,0.703423839947,0.449614099105,-1.593578247,-1.15539989748,U
6252,1.11645041825,-0.274068941169,-0.0297477874901,-0.433413276523,O
6253,-0.357308670313,-0.529398311787,0.205417525617,0.108428490163,C
6254,0.423229026993,2.08909611309,0.923674782142,1.50272651831,Q
6255,0.217126083205,1.28236141456,-0.978428564074,0.263613449525,F
6256,-0.443397941574,0.676989997986,0.638588633657,-0.873794918749,U
6257,1.00534200238,0.682462254711,1.20027333585,0.193455111389,V
6258,1.37620985675,1.14804621775,-1.19493291425,-0.0246510549904,U
6259,0.745346522906,-0.886025029683,-0.437063213681,2.12474074181,V
6260,0.620059226462,-1.3714426877,0.722629755468,1.63796007884,X
6261,0.00630699376911,-1.33134152729,0.0649616494499,-0.572398251742,W
6262,-0.198477349779,0.684455814174,-0.147475221075,0.581648940506,E
6263,0.681178436604,0.283488752572,-0.20125716997,-0.837272455076,H
6264,-3.72686372556,2.15263217662,0.986711235344,-1.27395629167,J
6265,1.23296534957,-0.872075211571,1.12573394106,-1.26969198429,A
6266,1.68071777569,-0.795061674656,0.429541561971,0.907959685749,U
6267,0.0126033461146,-0.559557999613,1.17009301533,-0.755084321136,X
6268,0.478687852114,-0.923803097176,-1.62141331544,1.12210892346,F
6269,0.654912901411,0.0515714367429,2.0161479636,0.652618167303,G
6270,-0.840524554435,-0.155627932446,0.992245693988,0.818994762669,B
6271,0.167651456358,-0.126483159859,-0.2159230909,-0.551816953755,R
6272,-1.69486905349,-0.251793821628,0.643791694262,1.05148438879,N
6273,1.15891064075,1.19204131316,-0.474725241124,-1.1885329973,Y
6274,-0.359609404441,-0.742869703536,-1.43423198616,-0.412530336918,W
6275,0.527893710782,0.0840680255476,2.36852964741,-0.00302369910935,U
6276,0.388307345228,0.969655421373,-0.16239111452,-0.256349189716,N
6277,-0.270080229648,-1.25575148996,-0.356178529128,1.23140641525,F
6278,0.0820128039793,-0.523347238177,-0.29892608064,-2.25924648718,D
6279,-1.40152899868,0.293567238208,0.915068680577,-0.697823682964,9
6280,-0.34203915437,0.204837022753,0.965391319534,0.21957721666,L
6281,1.58845583063,-0.269371964148,-0.298398891617,-0.0173215631696,Z
6282,0.367102716772,-0.208086567685,-0.251701415964,-0.522192758844,X
6283,0.197511460601,-0.502179218169,-1.73685418123,1.23451645845,X
6284,1.55252757473,-1.33235367105,-0.227917886077,-0.817040668057,K
6285,0.304381622491,1.40660303091,0.373171731372,0.446836979475,N
6286,-1.40555861862,-0.701879470135,1.7938014939,-0.370494730707,4
6287,-0.290145817461,0.466116593833,1.01992419248,-0.0913182440873,X
6288,-0.0461043106532,0.873557369774,0.660301204101,0.463093389561,K
6289,-1.57701158808,-2.11928449832,1.8056211286,-0.283501178844,S
6290,0.34037236652,0.382560935847,0.000310750462007,0.452416589048,L
6291,1.61748513305,0.325101331381,-0.56004210719,0.944086448958,B
6292,0.268348057071,-0.373019728317,0.433140418073,-0.868285773218,I
6293,0.599410556722,-1.05300636777,-0.0612465004706,0.890921720842,5
6294,-1.76732355314,0.564682563134,-0.274611661673,-0.174666490025,Y
6295,0.00758863980265,1.50644674792,1.90347761211,0.416104168602,C
6296,-0.109962464506,-0.92011662808,1.82319172674,-1.42793478629,N
6297,0.645940278964,0.441283164828,0.724278886156,0.72679455762,G
6298,1.18991277757,-0.453600708269,1.20712924318,-0.241784995613,0
6299,1.20958260767,0.65135204117,0.384909738967,0.560129899922,O
6300,-0.835033146253,0.186814148387,0.0994207791387,-0.540764053646,E
6301,0.923118167978,-1.34952513551,1.98628884937,1.09994393543,E
6302,-0.169421148516,1.09333515534,-0.0476520705247,-0.0857051252725,K
6303,-0.367094822957,-0.764236642365,0.525876450542,0.358030321448,8
6304,-1.1500069318,0.824940600187,-0.871590899842,0.058123757859,K
6305,1.49739986205,-0.819334159838,0.0173922939101,-0.0373138831218,D
6306,-0.317808432798,1.23565305224,0.129119462254,-0.750614454962,X
6307,0.89532447686,1.73828940595,-0.789496165367,1.56141462002,B
6308,-2.32337594373,-0.0864840810099,-0.937811232637,0.975500070851,J
6309,0.749856964401,-1.46987067396,2.67443377359,-0.835017756629,V
6310,-0.631610955098,-0.828862135897,-0.120593931393,-1.00073677846,1
6311,-0.722216454,-0.507615853758,0.252700306067,-0.196934531941,D
6312,-1.12139973048,-0.830073503932,-1.55615056655,1.3721124891,T
6313,1.25533425487,-0.09154850985,-1.09204964199,1.43161043377,D
6314,-2.088979558,-1.03384018998,-0.175709666863,-0.0449589141002,1
6315,-0.593835822312,-0.125592399728,-0.148472855001,0.824293452333,Y
6316,-0.853371415484,-1.05039203696,-1.63655218727,-0.531499124856,O
6317,0.184960336992,0.724280895102,-1.30361378129,0.0427831967716,A
6318,-0.234229356882,-2.15677620777,0.665154262535,0.652184895711,C
6319,-0.54299503992,0.391323100562,-0.623618972537,-0.638090845749,H
6320,1.03698614841,0.499677025358,1.1483637071,-0.467138973178,A
6321,0.76271339487,-0.337945754488,-0.2394130161,-0.662794634356,A
6322,0.749977252066,0.712538194104,1.00191689839,-0.996523167443,K
6323,0.171084490966,-0.255490209155,0.10204825688,-0.316482514731,R
6324,1.93252529985,0.246312840195,-0.141026811591,-0.530162228416,O
6325,-1.05774509068,-0.974924406809,-0.138163668084,0.50749427439,A
6326,1.45092529268,-0.757698387582,-0.0953520457199,-0.783242478344,W
6327,-0.85149196031,0.531830081401,-0.000884832874349,1.09008844783,J
6328,-1.45522992648,-1.65130642134,0.176941162469,0.872048144356,H
6329,1.61492737297,-1.21321204424,-0.481253085157,-0.417013545521,Q
6330,-0.0844707071002,-0.277350251414,1.45142975013,0.084764073742,Z
6331,-0.5181126395,0.226027523031,-0.511796004744,-0.919189801343,L
6332,-0.972865815785,1.00420510815,0.120233141304,0.0420245997512,7
6333,2.83389146282,-2.10126036599,-0.429481838014,-0.463515049932,W
6334,-0.128270349801,-0.543379557898,-0.221872914332,-1.02900699991,C
6335,1.2479672656,0.12885030993,-1.5591854335,0.0442225359338,C
6336,0.273832207653,0.522074012213,-0.308342079956,2.69927626674,K
6337,0.702012139939,0.711724433547,1.16333553945,0.296342565636,C
6338,-1.01616433854,-0.354133698994,0.344964062178,-0.991717145794,X
6339,1.06324882728,-1.60978016501,1.58545234186,0.266229477001,3
6340,-0.345091855756,-1.7837325519,0.99536338098,-0.133127352441,W
6341,0.58027291123,0.858169734642,-0.411593834311,0.237032769553,Y
6342,0.242251380141,-0.0145725002239,-0.546432249808,0.329856322069,2
6343,0.399690118727,1.88321678065,-0.567522295935,0.406623115363,H
6344,-0.388245285516,1.91955177908,-0.905066936826,0.678331150429,H
6345,0.533743889572,1.90674601442,0.543798074993,-1.30882802925,Q
6346,-0.978300644853,-0.936582646346,0.0904091533885,-0.218279913589,6
6347,0.339442344569,-0.280249621951,-1.00701185586,-2.80808361019,E
6348,-1.67040365215,0.0766646690072,1.29803020109,-0.763384229448,2
6349,0.673709173872,1.49274874214,0.54797402281,-0.21453004323,Z
6350,-0.860414392152,-1.05417317622,-0.213906071213,2.00459404389,E
6351,-0.697103088091,0.482458727851,-0.618269289508,0.46832546042,Y
6352,-1.595699258,0.747178514991,0.439321734363,0.375915183795,K
6353,0.640864163329,-0.928822634893,0.139355578476,-0.740331951841,H
6354,0.504642371483,0.0813011615781,-0.524630774609,0.122069394944,I
6355,-1.56057635517,-1.40874130154,0.544640810174,0.939580399542,L
6356,0.876947072215,0.969391778742,-1.06937456045,0.173287156582,Q
6357,-0.99574766653,-0.962385194582,1.25743132987,-0.631645560594,F
6358,0.500235549767,-0.891189447424,0.463303711582,-0.39450123141,7
6359,-2.68733452364,-0.240996973166,-0.588066956412,-0.355681965761,0
6360,1.11229192519,-0.0268625158011,-0.144076658429,0.364360511234,2
6361,0.236182901499,0.113043321335,-1.38045374982,0.0287923325092,O
6362,-1.09349419073,-0.94656249728,0.149382352342,-0.190454424156,L
6363,0.676450248634,0.904576346819,0.854621267822,0.323596422009,R
6364,1.84171173892,0.439631156345,-1.26512150935,-0.7130287437,4
6365,-1.12860527791,-0.498973014223,-0.0799628298771,0.176692485018,L
6366,0.767857131539,-0.511653489057,-2.18141435994,-0.225151027299,Q
6367,2.21922339462,-1.50715786572,0.901498948231,0.474151148398,B
6368,-0.0304388705899,0.912498133079,1.78049729509,0.437121618886,J
6369,1.03866081951,-0.390588986449,1.52163398484,1.43129877901,X
6370,-0.562847699886,0.630243211028,-0.055076707411,-2.03174199858,V
6371,-0.838190893841,1.91050059234,1.78492448135,-0.128931948702,O
6372,0.289629648945,1.53067290722,-1.67807010088,1.18281868986,O
6373,-0.458333386443,1.22967156917,-0.038086863698,0.961370489165,D
6374,0.607270919702,-1.16172766879,1.128580891,0.477947174106,I
6375,1.13675096117,-0.617244498209,-0.103224928341,1.27397470921,Q
6376,-0.499357001246,0.0824176514851,0.886325430417,-0.889349932532,P
6377,-0.0530786331086,-0.431909164702,-0.819709901449,-0.184382551556,M
6378,0.554388857689,-3.41544808181,-1.00800794735,0.0956364361786,W
6379,-0.437517905883,1.41621800826,-1.22369560488,-0.983090516508,C
6380,-0.562207056126,0.26643240258,0.282217485754,-0.572416652579,B
6381,0.282379064814,0.261255125512,0.38970012658,-1.35030545437,H
6382,1.03683079029,0.417989492642,-0.203445978253,0.483798676157,J
6383,-0.468093396047,0.346607093628,-1.77374773202,0.778592939632,4
6384,0.439716272699,-0.543873067464,0.113143588946,-0.889963518532,O
6385,-1.37494706434,1.85812561095,0.670141349612,1.64345039722,O
6386,-0.854070607979,0.0151225979044,0.606645377924,-0.924788887394,U
6387,-1.06491417838,-0.75226427386,0.635654031495,-0.847768533913,I
6388,0.328037718826,-2.20103509075,-0.640834771785,-0.762974021399,I
6389,-0.454491340371,-1.29681690578,2.02138698688,0.740482200426,K
6390,0.495932976806,-0.706393240953,0.515892204902,-1.66452889496,S
6391,1.01509811308,0.25448136615,0.284005106318,0.0846178898836,F
6392,1.11009050854,-1.07843735256,-0.415990547218,-2.49707209912,T
6393,-0.787877349072,0.0236297063864,0.7913470345,-0.153286527989,7
6394,0.0741205418627,2.94673670796,0.432237323415,-1.32222208221,P
6395,0.35342855129,-0.247717312554,0.0270991093519,-0.8727517262,O
6396,1.22420513996,0.710345339979,0.406203541908,1.36239436326,L
6397,-0.350708061042,-2.26332804205,0.280187557964,0.996977921218,Y
6398,0.207885888902,1.21936259874,0.120394429028,1.4164817797,W
6399,0.321767430171,0.997814544627,-0.141008953383,-0.214223069583,G
6400,-1.34352840794,-0.396485091799,-1.63834733693,-1.00633153068,S
6401,0.0223192577748,-0.704375089347,0.789894079467,-1.78064925419,W
6402,-1.53943926339,0.535849749487,1.97650932326,1.14605246914,O
6403,1.72177032018,0.110357738361,-1.42699106961,0.302452803603,1
6404,-0.122782703232,1.0179528959,-0.485182089307,-0.757532732116,U
6405,1.43788156947,0.462308988083,0.645183803592,-0.488187632764,Q
6406,0.252518543508,-0.893763986209,-1.45102014416,-0.0375714708079,P
6407,1.42814001855,-0.307382228111,0.83523623261,0.318658934567,K
6408,-0.653512584303,-0.826898221622,0.365600388917,-0.343441776258,Q
6409,0.648526065008,0.382165727931,0.837119818479,2.05771302981,Q
6410,-0.294030957524,1.86694743373,-2.42464104529,-0.594399243629,R
6411,0.546135512764,-1.1652909911,-0.0694930860228,0.839442562258,Y
6412,0.0555903173585,0.460796082116,1.48077737332,-1.17394972208,H
6413,0.911487343891,0.336340804591,-0.890389890144,-0.131222395415,A
6414,-0.907505123734,-0.773818498491,0.12346139694,1.7238138304,C
6415,0.118950459723,0.898642337493,1.35942348119,-0.0251395016419,D
6416,-0.878654567323,-1.64017262638,-1.32403367272,1.13121059108,R
6417,-0.0195090687534,0.876112935533,-1.54975781181,1.65096516971,D
6418,-0.00394339077814,-0.100710552307,0.0893260410262,1.22039805412,G
6419,-0.047169296907,-0.834209871166,-1.41768037596,-0.992629006235,P
6420,1.40810880852,-1.29737317132,0.331663635673,0.227962745993,G
6421,-1.2548590158,0.379769430064,0.234047833903,-0.412161262918,Q
6422,0.532226558002,-0.576430066769,0.43398252735,-1.03456633891,E
6423,-0.440185697792,-0.920559501068,-0.886908087445,-0.717393448213,Q
6424,1.75584352847,0.583304752123,-0.0230017894854,-1.24022240905,X
6425,0.326275027406,1.11890023602,2.10019897659,-0.302665366483,G
6426,0.0248800828258,-0.717322432289,1.40819580332,0.961345834295,D
6427,-2.33818700445,1.44802661918,-1.88231862791,0.0909206150754,P
6428,-2.32939753655,0.226032598024,-0.359550306075,-0.5455516848,F
6429,-0.203604287816,-0.371016242329,-0.120284759296,-1.31681269188,P
6430,1.62664704134,0.296329948808,0.314340903553,-0.0317415498562,K
6431,1.91553837462,0.902880160713,0.408402965813,0.380035754502,J
6432,-1.09537790015,-1.43646233529,-0.136635738729,-0.0764722286529,C
6433,-1.58854993692,-0.192420492975,-0.125518628071,-0.116337654564,H
6434,0.677292248175,0.0215356207764,-1.54365114036,-0.254481873178,W
6435,0.146032559378,0.956711496135,-0.116032917948,-1.11825909448,O
6436,0.162938608377,-0.176831264211,-0.517488651292,-0.0864830176844,6
6437,0.446003820737,1.42139105029,1.8642327115,-0.231943635664,R
6438,-0.766637482273,0.849321807088,-2.2714823531,0.0979413653458,T
6439,-2.21232557542,0.371240253681,0.0767079166135,0.579677915908,L
6440,0.449887859227,-0.382981989997,0.535168018616,-0.139049020421,R
6441,-0.22639148269,-0.360102264648,-0.256502694834,-0.591465556768,Y
6442,0.731659744695,-1.8953074595,-0.977830033843,0.609794571862,7
6443,0.0931606166309,-0.941322320321,0.948940099357,0.907185151192,P
6444,-0.473135155994,-0.1540750458,-1.01919773462,0.46338232721,0
6445,-0.360482350751,1.12928193,-0.520626158038,-0.583512350911,L
6446,0.398427752894,0.931626627109,0.126570487381,-0.359562151167,0
6447,0.0564556589296,0.94288979243,0.4874905816,-0.32511113966,J
6448,0.919765871956,1.27189320756,0.325628696606,1.43833768786,B
6449,0.826459617836,-0.25257759857,-0.935144634831,1.41416706578,E
6450,0.239816750433,0.200545908818,0.676697575328,0.3592047039,W
6451,1.00425814123,0.137819747451,0.340929542235,-0.534090208875,Z
6452,-0.0229073465848,-1.52309532595,0.641033356976,-0.104280827356,9
6453,2.4553294856,-0.190568706751,0.302308755128,-0.480748487426,R
6454,-1.152558702,-1.85773366532,0.187128405436,-1.99597450275,W
6455,-1.5768358269,-1.95803125115,-0.140601892229,0.632314680729,Z
6456,0.426067806495,-0.167195260612,-1.07538196693,-1.09232824787,2
6457,-0.716211974377,1.01534940901,0.488514171093,-0.6992617504,0
6458,-1.1598671543,-0.775871164631,0.605492118368,-0.297011919996,S
6459,-0.0882782310477,-0.206925043349,0.104637765647,0.87542263029,S
6460,-0.610495420468,0.557744325186,0.931148741404,0.436779495531,Z
6461,0.379393939959,-1.31754650069,0.00140961496578,0.96985594288,W
6462,0.864210601103,1.51959270512,1.2602381929,0.654337294173,7
6463,1.35042386322,0.345149395659,-0.829000624479,0.185953000235,X
6464,0.956002398058,0.566695204857,1.15097765137,-0.360039348231,M
6465,-1.01271561372,-1.02089482455,0.650649332577,-1.21644042254,B
6466,-1.08723895963,-0.949828161359,-0.645357741883,-0.859970423632,M
6467,1.61426399023,0.488728492246,2.35284924877,0.268150788043,P
6468,0.662645364559,-0.887112505745,0.476253176239,0.0604539992241,T
6469,0.00581733342224,-2.76375520888,-1.30054320118,0.542560717341,K
6470,0.763452968026,0.438033043611,-1.23117308352,0.806291070585,7
6471,0.0248338278421,1.11800758559,1.7370337438,-0.374937943514,8
6472,-0.355464724764,-1.07655406598,0.96589934481,0.659140527992,R
6473,-0.74518760691,-0.782876983092,-1.2584832296,-1.05593621566,J
6474,0.202093188944,-1.28208773942,-0.779934818834,1.44364991599,L
6475,0.760750512349,0.0220584686976,-0.351377425527,0.211099278376,G
6476,0.557157571393,-1.87664885531,-1.43015225415,-1.65496850295,8
6477,1.31963869033,-0.215069650367,-0.362025126756,0.518274727985,0
6478,-2.28647075909,0.411293577858,-1.53916240694,-0.0914176934627,9
6479,-0.573243668227,-0.422649981043,1.46408364419,0.542438619748,C
6480,-0.55759050633,-0.698957716726,-0.993514769196,0.0759295578585,K
6481,1.33450280232,0.51301671119,-0.587333955623,-0.251175850978,J
6482,-1.49677491659,0.744357087817,-0.482187240495,-1.30800591706,X
6483,-1.17452662221,0.387195589984,-1.71853862967,-1.28141022865,5
6484,-0.675109833043,1.19326561206,0.997501924819,-0.521572741003,L
6485,0.157038349596,-1.61630838977,-0.903543566356,0.350487107514,V
6486,-0.130342012064,-0.80397169943,-0.113091442772,-0.381548987444,7
6487,-1.34876562152,0.714155966661,0.0434317396693,-0.05786274716,T
6488,0.760157458407,-0.318976319748,0.433242506698,-0.439731006754,1
6489,-0.526895796936,-1.08364487888,-0.161763453781,0.660052577321,P
6490,-0.461581875405,-1.05073081656,-0.426426617924,0.887175023523,R
6491,-0.222515257586,0.753492078298,-0.409288872365,-0.295382020178,V
6492,0.721114129926,1.01171595253,-0.271546139347,1.21177601187,K
6493,1.12135600853,0.468571303309,-0.336326278748,0.0786054495786,U
6494,0.164942302327,-0.266020553863,-2.14393727282,-2.11347073409,X
6495,1.34582221279,2.363194536,-1.40556763539,2.59980012504,Z
6496,0.173217293679,-0.116328659231,0.373465620635,0.381805231146,X
6497,-0.289274079692,1.43935233765,-0.799853033499,-1.20854339236,Y
6498,1.09400792323,0.049683461924,-1.44582026124,0.54020866487,C
6499,0.290745099581,0.590175351162,0.895260240084,-0.0255184294724,E
6500,-0.264040070601,-1.20405142085,0.504198843251,0.602873258819,Z
6501,2.02758398889,-0.0975764987238,-0.44568920093,1.96501777344,H
6502,1.34257307405,1.23139980051,1.72325729019,1.33221620567,Z
6503,1.53604235709,1.58526435383,0.904740054914,0.972696763647,Z
6504,-0.494592694128,0.00841829950128,1.51264658499,-0.114530825559,A
6505,0.796604424508,0.242222970311,-0.381732463187,-0.0061868522974,Z
6506,-0.103387973006,0.690856569055,-0.217870281818,-0.399363176723,L
6507,-1.055039179,1.26349828146,-0.294832615343,-0.131289713245,Z
6508,0.769964218459,-0.077620842945,-1.56905718062,1.75986614729,N
6509,-0.38048180046,-0.444606035908,-0.959612675019,0.375137657139,Y
6510,0.343651826068,1.65349651861,0.361989871334,1.41352143336,C
6511,-1.03716945797,0.466150540788,-0.483780259262,1.75466268238,D
6512,-1.37065976358,-0.0666614534728,0.780668543488,-0.341960144064,O
6513,-1.21895291966,-1.18545421346,-0.313376693344,0.509476841755,I
6514,0.32065739782,-2.37113525461,1.32758927225,-1.32668776082,8
6515,-0.0213784655609,-0.062101449849,0.573616579247,-0.603958067001,T
6516,0.703793274237,0.0942090900064,0.212398830103,-0.698489941514,H
6517,0.126526890866,-0.597758058424,0.772461830038,0.406615119685,9
6518,0.47291713682,-0.828901504522,-0.236531944139,1.13817993646,L
6519,-0.903719219671,-1.37777727709,-1.8441900683,-0.472677417323,N
6520,1.02434428182,-0.450260593235,-0.683783461487,-0.661728619468,L
6521,0.127562373998,0.164954534788,0.302059134943,-0.774068740856,F
6522,1.11430950795,0.0405451436899,-1.94560480062,-0.051612735138,4
6523,-1.10512139069,2.33019862975,-1.632063769,-0.64205644547,S
6524,-0.638923156693,2.08778360298,-0.664266873688,1.27975890117,E
6525,0.394658235781,-1.41518093447,0.909132595548,-1.03002663758,Y
6526,0.229628659311,1.2214494688,0.267325253875,1.54696487169,E
6527,-0.754185676927,-1.42834340554,1.64293143918,1.2988582937,E
6528,0.276273761718,0.759065379096,-0.779599533024,0.224756024803,I
6529,0.701377406387,0.12016209526,1.43200656513,-0.151164008576,Z
6530,-0.595784982731,-1.44838128717,-1.43480865047,-1.8786321848,B
6531,0.500948697905,0.0705001032279,-0.443116787062,0.457912429478,8
6532,0.859546396113,2.78597107686,-0.532928794639,-1.13682821581,D
6533,0.711861098639,0.00273640226251,-0.400844152141,0.551365228914,W
6534,-1.44506248283,-0.611055479629,-0.322966946617,0.54738361468,5
6535,0.954099726062,-1.25736008385,1.00890258372,-0.906557894159,8
6536,-0.833364012238,1.0406937031,1.19796801517,-1.3129231091,V
6537,-1.29261411516,0.276692468154,-1.05074080457,1.53401268267,Y
6538,-1.01376004699,-0.0665722579385,-0.620853922909,0.730213584512,L
6539,-0.97616887528,-0.974598183313,-2.19737016739,1.8523709141,T
6540,-1.32972968472,1.08533137785,1.98057404207,1.17684100975,F
6541,-0.218698468277,0.0846662862322,-0.173542400081,-0.651511227568,F
6542,-1.98299142137,1.64359853045,1.46859789992,1.51674179275,2
6543,1.16488438917,0.0207641547176,-0.533329246529,-1.14503459564,G
6544,-1.49179906211,0.00756441213769,0.616604667771,-1.03741379671,P
6545,-0.996030372591,0.137300541492,1.73178153808,0.175898039776,L
6546,0.30386104738,-1.05266161509,-0.970054546841,-0.785081314528,X
6547,-1.0013319354,0.0171807790538,1.78241016157,-1.19056781967,R
6548,-0.336102391466,-0.821629065309,-0.62618517135,0.571428907549,X
6549,0.422549798973,0.500042040825,0.513455808678,0.488155853567,Z
6550,1.86787067037,1.4845820321,-1.35744289817,-2.62663711933,C
6551,2.00516672617,-0.685621936559,-1.56103048138,0.182441223881,G
6552,0.597000248932,0.22270846446,0.305167804049,-0.0805328901916,U
6553,-0.508773249441,1.02173424726,1.10864419183,0.943291270943,W
6554,-1.17902006177,0.0363309270846,1.04283678364,1.0882222048,T
6555,0.951402041644,-0.307577808863,-0.368335406758,0.251812938517,9
6556,1.21833862783,0.713224474064,-1.29350675867,-0.760256789836,U
6557,-0.637574912267,0.26430508117,-1.31830080924,-0.356750794756,F
6558,-0.27995191575,-0.48078795117,0.570095362591,0.0642803216313,Y
6559,0.0701601952182,1.67139199387,-0.799068307941,1.15237521915,M
6560,0.765127419982,1.03266114891,0.20223758582,-0.111697075821,R
6561,-0.164872077134,-0.20505213879,-1.35280785366,1.07098723558,G
6562,-0.921248785596,0.130183091856,-0.494699786632,1.20031965974,V
6563,-0.772597691428,0.971765757827,-1.17280715891,-0.629113714662,5
6564,-1.1680476192,-0.763391523445,-1.10101726786,-1.2252818223,7
6565,-0.487140834685,-1.57001419911,2.02370105914,0.942097604306,D
6566,-0.960109537535,-0.599788708126,-0.420131232746,-1.06030457269,U
6567,1.14577395971,0.271638101868,0.158536461126,-0.138008496423,O
6568,-0.193084172498,0.966615598408,-1.28847490105,-0.604217202991,4
6569,-0.32850330582,0.848667855713,-0.0465495757159,-0.34978376267,9
6570,-0.350641166323,0.682651801838,1.21311000355,-0.422607458982,I
6571,1.62355806957,-0.389625926884,2.02048547686,-0.204084789532,R
6572,-0.281836288141,0.799263959008,-0.0336468325356,0.0417077579466,A
6573,-1.37962724985,-1.12480709842,0.0765727947042,-0.908952629489,9
6574,-0.481684847988,1.31709990956,-0.913979033311,-0.677304004251,I
6575,0.574355859415,-0.732227953104,-0.158524395444,-1.79488993722,W
6576,-0.556245520489,-0.972948130828,-0.358833604218,-0.229476947367,V
6577,-0.66214197248,-0.182813043716,0.328314602924,2.25219423183,J
6578,-0.209264365144,1.11609716094,-0.839968459552,0.4917501115,C
6579,0.412336945722,-0.46401227835,0.112052135657,0.829024115073,8
6580,-0.292731179187,0.152551896658,0.17142074717,-1.67651412448,9
6581,-0.810217142812,1.70764467309,-0.29562259442,0.205511313282,F
6582,0.443111229087,0.546865887965,-0.815407176367,-0.814718294187,H
6583,0.421462014369,-0.836823207563,1.42580423759,0.0523787733167,A
6584,-0.761552831379,-2.15348119654,-1.24191736203,-1.00006613764,Q
6585,-1.74084323204,-1.61840533097,-0.206716811748,0.0885236732286,O
6586,0.862218665973,-1.02809105415,0.132115501033,0.920400144314,J
6587,1.15134711632,0.109755691825,-0.987296792559,0.763409498777,P
6588,-0.910334540236,-0.982107231739,0.4902264385,0.643449468038,P
6589,0.761674334864,-0.617405895191,-1.65258477842,1.8755176619,O
6590,-0.994851042536,-0.10349657939,-1.57733488725,-0.537262764861,X
6591,0.41050036481,2.35197116378,-0.97447979132,0.163615325464,R
6592,0.36384323618,-0.331078602072,0.00841093443977,-1.8089522996,5
6593,-0.726562578488,-0.26114074372,0.243103290471,0.142010741304,W
6594,-1.01093123725,1.01473905996,-0.925784490381,-0.869490578157,Y
6595,0.938798717736,0.421109969898,-0.105712068891,-0.563259551723,M
6596,-0.639066820623,-1.28946905741,1.12461840654,0.608780169403,B
6597,0.853379697811,-0.51483754096,0.0973156399369,-0.29752252718,V
6598,0.94774937481,0.259260159951,0.549507330206,-2.63681423282,D
6599,1.90534954455,-0.0120548434312,2.43179146247,1.23799691129,3
6600,-0.516668359351,-1.80923618898,0.416144059504,-2.28058797373,R
6601,1.02777951126,-0.0274045926422,-0.564503030393,-0.119946714041,X
6602,1.55120387297,0.466685124976,-0.641259955201,-0.18174401076,Q
6603,0.926318464366,0.927290601245,0.117345511973,0.68985159387,Z
6604,-0.632273080236,0.324688408795,0.298192933386,-1.0172733559,0
6605,-0.0158740950265,0.788400793745,0.638824670639,0.372047899762,N
6606,-0.010017321895,-0.32695451286,-0.31823590213,1.04604419541,V
6607,-0.634580292563,-0.522507979102,0.0685666156492,-0.884559531219,J
6608,2.05065268465,-1.18154915066,-0.533822033696,-2.12531292737,M
6609,-0.908868231614,-0.793014142453,-0.335109038577,0.0374922559769,7
6610,1.2241099505,0.958274145663,1.32975751534,-0.253768391221,3
6611,1.71814352165,-0.648634472817,0.1424226142,-0.403444926023,M
6612,-0.533004856114,-0.214491349788,-0.235922689724,0.9149299398,E
6613,-1.39075910696,0.211406286469,0.590674181073,0.0832624575212,L
6614,-0.928091152254,0.70195625048,1.03917784458,-0.762259190043,S
6615,0.72867183608,-0.383445985935,-0.562925808581,0.423290394881,U
6616,0.370023897628,0.0320204251703,-1.26304989909,-0.661189728673,Z
6617,-0.174517541449,-0.253561303185,1.36344112483,-0.352336950599,L
6618,-1.46212349337,-1.02408033265,0.516048048624,-0.274181111882,H
6619,0.149626247552,-1.25849281879,-3.14701156647,0.64737731324,I
6620,0.718572411262,0.122686536106,-0.264683241279,-0.0124673163138,H
6621,-0.583261123227,1.86609585372,-1.29196176134,0.501720480034,V
6622,-0.215772191528,0.0962581533943,0.500505854044,1.26603239651,M
6623,-2.00888695665,-0.463262449711,0.235280097167,1.5763809331,R
6624,-0.389030855657,0.756333089626,-0.7271883968,-0.241930389347,P
6625,0.0947555661679,1.44339510027,0.421278686475,0.521303731115,F
6626,0.2113972845,-1.09106242295,-0.885884935981,-1.17421052926,Y
6627,0.86797079808,0.0598448838376,2.11767405721,-0.275678335507,E
6628,-0.689219615703,-0.498567456429,-0.75448693175,0.249617849825,G
6629,-1.42231259979,-0.799299043152,-0.81816832882,0.175178717878,I
6630,0.12105782063,-1.39175755391,0.540613703281,0.610207516437,C
6631,0.320296932058,2.23958793722,-1.14674139894,-0.510207686705,4
6632,-0.690141911162,0.491000756184,1.05833166104,-0.00898897852961,9
6633,-0.521702563056,-2.2992284354,1.04297429809,0.0224880517746,O
6634,0.255020814038,0.547389566602,-0.590398411856,1.0408746278,X
6635,1.17362315346,-1.47036633704,0.391081992179,2.61473306864,Z
6636,0.408012033378,0.666054476474,-1.33205131558,-1.77327000572,O
6637,-0.40466508765,-1.82679566163,0.0510815643387,-0.38915532463,9
6638,1.31123318219,1.07163583275,-0.691517208418,-0.197166005505,J
6639,1.32948333693,-0.314181397961,1.1552500717,-0.310137704948,J
6640,-1.33495964376,-1.37341691193,0.0212635301145,0.902418238064,E
6641,2.26828155848,-0.00732947160686,0.394682682766,-1.67980344276,H
6642,-0.304685066971,-1.35629610351,-1.62041924033,-0.569421791226,7
6643,-0.530817561108,0.800831462137,-2.27478067246,0.170541062213,C
6644,-0.00179986983782,-3.4653558453,-0.827826077789,1.43080821594,Q
6645,-0.261444375509,1.48631429918,-1.03957864586,0.719062435257,X
6646,0.62762234217,-0.46919389474,-0.101264239068,1.89167555183,1
6647,-0.329298496659,0.0717152253405,0.479169387265,-1.0790751319,1
6648,-0.742764960953,0.759029529798,-1.11810900429,0.884686955416,1
6649,0.383763774827,1.11581944114,1.33311278763,0.371440405137,C
6650,0.137338425346,-0.662399039657,1.7571400095,-0.909404566909,T
6651,-1.53960538842,-0.895458217211,-0.233274750243,2.66655612119,N
6652,0.0353039138924,-1.94248713729,1.24211758155,-0.184326342353,G
6653,0.182066404508,0.434355323079,-0.583836351776,0.616159546221,T
6654,-1.25990105329,-1.11409988744,0.283941450122,0.797891659445,N
6655,0.988201686454,-1.16336690726,0.115797150455,-0.048534985658,V
6656,0.236979548584,-1.60238488736,1.11837989374,-0.554615854672,1
6657,0.900937660768,0.716453965152,1.81187532375,-1.33070373795,C
6658,0.727674783924,-0.938173916416,0.479873744399,0.347832185007,X
6659,0.287110072224,-0.346400077377,-1.15967566037,1.04924310759,U
6660,-1.09946636266,0.356532775254,-0.167410152699,-1.17486770267,X
6661,2.1283707566,0.678285501341,-1.13497406993,0.492645207942,D
6662,-0.839113824688,-0.00629898159072,0.822816731551,-1.68470741455,D
6663,0.883543016678,-1.08390836156,-0.0563487493394,0.571913010804,R
6664,0.394935659169,0.935667577549,0.401927372893,-0.0626312737887,L
6665,-1.23974059305,-1.06399123524,0.117355131206,0.529984300876,O
6666,-0.921698915115,2.01375842574,0.578415807888,-0.832472037503,0
6667,-0.438838985571,-1.68872582237,-0.772547963494,-1.13887365375,2
6668,0.367193623945,0.588573768007,0.63705434795,0.636911713473,S
6669,-1.39824091937,0.701901911749,-1.6039740305,-0.00191015659499,T
6670,-0.759556384559,-1.76728167174,1.90306987097,-0.191658537688,L
6671,-0.0325374154026,0.924378833659,-0.148703780094,0.321012177688,H
6672,0.209908624091,1.62333189849,-1.14475403621,0.412215898863,H
6673,-0.457389497523,-0.117801477433,-0.32397183724,0.87981619223,8
6674,0.126167352241,-0.170581518245,-0.086927529729,1.42652676089,P
6675,1.38530572842,-1.47087255798,0.59369209983,-1.33194260542,Z
6676,0.411997030112,-0.792781344662,1.11709531707,3.37295110815,3
6677,-0.794808010698,0.294574039582,-1.23511365799,-1.03851383432,5
6678,-0.400434824925,-0.0408743084732,-1.53988520595,1.30612484373,T
6679,0.0699993363635,0.856248596248,-0.599017277237,-0.766095044295,D
6680,0.480274367534,0.934570545918,-1.23317116217,-1.02728893157,Y
6681,0.169191485435,-0.24147182354,-0.199200577419,-0.42158335915,6
6682,-0.274242841274,1.46520620864,0.0983658151306,-0.166066319638,S
6683,0.350213524144,0.375084339419,-1.31954575896,-0.105641098649,8
6684,0.238529004497,0.37315459461,0.75596221298,-1.68183628998,W
6685,-0.222048141486,2.13619965929,0.197332538369,-0.539230303526,W
6686,0.375308784071,1.16542736895,-1.35745312889,0.612016863226,O
6687,-0.463572516619,1.76608711618,0.455837038526,0.255511649762,6
6688,0.279987620365,0.420717170016,0.805524014081,-0.755125227341,R
6689,0.930874248303,0.0606505882541,1.62367108664,0.0860153472264,Z
6690,-0.292948973947,-0.880245087659,-0.58117838012,0.654814808604,F
6691,-0.204133216404,0.333148655006,0.406851809035,-1.16939138914,F
6692,-0.242473906162,0.331982023684,0.290742328485,-0.278749501439,J
6693,0.145993094168,1.9304475604,1.72013936155,1.37752246006,B
6694,-0.617593289332,-1.61459102215,0.016190729139,-0.604622352054,I
6695,0.922978305801,-1.29205533331,-1.35199744332,0.283805565248,O
6696,-0.928138328936,0.852961137271,0.0244439954446,2.34055255809,N
6697,-0.821975954987,0.817373988272,0.451824760042,-1.5700276798,2
6698,1.32173710851,-0.400620518794,-0.807798064685,1.01563144261,0
6699,0.711289457197,0.923190427705,-0.455170176161,1.06781436898,M
6700,-0.0473042822119,1.39417991714,2.34460962441,-0.0023966537126,L
6701,-1.68833560877,-0.34635181462,0.425520384037,-0.224832006719,I
6702,0.160532758569,-0.687899003181,-1.42119553711,-0.272782612488,G
6703,-1.06680985591,1.25993735104,-0.206259375156,-0.970698643303,T
6704,0.745745145667,0.218009162287,-1.16438909867,0.998143664553,B
6705,-1.11369373771,1.71432477317,0.0812320103556,-0.774843957654,W
6706,0.836288834404,-0.640711544732,0.214117823982,0.672352803796,X
6707,-1.25373252201,1.75515388592,1.00968391267,0.813606878515,P
6708,0.688122013016,0.107562816071,1.26869029345,1.58572469791,A
6709,-1.0009468033,0.543779192221,1.70153691822,-0.824417749374,4
6710,0.259233095573,0.384970064867,0.623987326179,-2.26782692831,A
6711,0.681097356909,1.81924389122,0.669091092328,-1.13871377546,E
6712,0.0795039851048,-0.515797218581,0.0340167738489,0.533996611324,Z
6713,0.408100718791,0.314262768717,-2.7008336357,0.8859132187,6
6714,-1.04382757147,-0.659637977971,-0.383559155064,3.06084605348,M
6715,-0.559462647597,0.347588219136,-1.73081163024,0.51756309002,I
6716,0.980145396606,1.3943268393,-1.45622420078,0.791639097546,N
6717,-0.723501045729,2.55827129575,-0.850818278873,-0.475866884991,A
6718,0.100228489579,-0.570544048368,-0.00256505707677,-2.14829278736,8
6719,-2.00615363112,1.06267593795,0.56906021752,0.418153033207,P
6720,1.69852127828,-0.877714779877,2.72960265078,1.44346405127,P
6721,0.151382624623,-0.519385612794,0.389304096496,-0.481319320882,7
6722,0.945800588359,0.619985495344,2.09055348836,-0.437160156717,G
6723,-0.921652202904,0.748417609237,-1.99396792327,-0.438938179369,M
6724,1.93629465427,1.16277968735,-2.15459014518,0.718838726399,3
6725,1.55096996594,0.188206649625,-0.850501609279,-0.990649082908,0
6726,0.482061362676,-0.204229296934,-0.500644028219,0.319990573079,B
6727,0.223549309464,-0.195633062902,-1.18184207473,0.874798163863,H
6728,0.152340481812,-1.23936177911,-0.572878483917,2.02312146268,M
6729,0.364105113863,0.911929576062,-0.0565181763893,-0.468410058252,B
6730,-0.76629382399,-0.268946105462,0.72287957043,-0.744594427195,2
6731,0.769704932653,-1.63963520121,0.49883531679,-0.237019181977,N
6732,-2.18986993218,0.334059256748,-0.248977380577,-0.303729944929,7
6733,-1.21916745213,-0.0941635031273,-0.759448590448,-0.373387208339,4
6734,-1.33130261999,0.159015019349,0.488239986316,-0.421206185344,T
6735,5.66223950651e-05,1.47588379362,-0.493882954239,-1.34734418967,F
6736,0.427966081718,-0.46214280229,2.54893104406,-0.643161909124,B
6737,0.326544941745,-0.360347945999,-1.71274713701,-1.03105326798,2
6738,-0.85799476887,0.301968676798,-1.46687613655,0.306274571171,O
6739,-1.09745814607,0.394401226267,-1.25529302567,-0.439218073891,F
6740,0.172591073062,-0.264389854116,-1.4983040704,-0.0724826418581,3
6741,-0.537247253004,0.98716575092,-0.415319198617,-0.91104583769,O
6742,0.736183451939,0.215746005899,-0.396431235406,-0.0117007054873,7
6743,-1.91678390826,-1.35673032742,0.109771433938,-1.22650908046,I
6744,-0.583047285811,1.13782871975,-0.592200591531,0.409020223143,M
6745,-0.377472167522,0.867823616265,0.14636073339,0.649429871836,P
6746,-0.669547665812,0.118215338219,-1.47648593903,0.535221716864,X
6747,0.94305029621,-2.48024260876,0.571788750306,-1.37133136033,N
6748,-0.556300424355,2.47179482559,0.387172042862,-0.374153804257,V
6749,1.12951868617,0.415313347837,-0.0370965086442,-0.150884904396,V
6750,-1.60041251525,0.159826095085,0.150359408882,0.0880602196173,L
6751,-0.792301914625,-0.76524690822,-1.02191016877,-2.05883831483,J
6752,0.492471995323,1.07503848839,0.85528879451,-0.0210789627351,V
6753,-1.0371043808,0.431853941696,2.73007053165,0.452413048807,D
6754,0.486590504702,0.122527086827,1.38833975452,0.014269667216,T
6755,0.0316208497834,0.222669440668,3.02527302239,0.412352352536,F
6756,-0.516121355321,0.433223672609,-1.82153673285,0.666071365629,H
6757,-0.127360692927,-1.41909321855,0.364285103981,0.709469209782,E
6758,1.28661958577,-1.32458630079,0.498088685367,0.00187521138031,E
6759,0.941217850379,0.937460704898,0.993775149075,-1.54101090001,T
6760,0.140539288686,-0.675597555628,-0.0505261131976,-0.392512773928,D
6761,1.10081124131,-0.0718888144294,0.748639496112,0.926795818871,L
6762,0.904096042076,-0.387636017016,-1.83255018555,-0.0250052448144,I
6763,-0.723900813821,0.389482891181,2.04158480652,-0.193698755926,D
6764,-1.55629369485,-0.358824351591,0.0940718408771,-1.16363196789,N
6765,0.257939508589,-1.34435565921,-1.61586307322,0.534847399684,T
6766,-0.955549393968,0.72161034695,0.544828820953,-0.773343863284,S
6767,0.0849826475437,0.643734355643,0.924384402933,0.820763855794,M
6768,0.339438074384,-0.512475033534,-0.140745455826,1.77211735938,4
6769,0.738018907393,-1.09093175979,0.936386888804,-0.0371964282075,3
6770,0.498951192333,-1.60979591379,0.202239168837,0.333631436537,4
6771,-1.42127543108,-0.892238364289,-1.07919052889,1.36187145509,P
6772,0.571228139723,1.10725894135,-0.489435902443,0.439029935288,I
6773,2.34310409946,-0.0528592816379,0.536494792421,-0.256877717049,Z
6774,-1.64971917155,-0.588895770961,-0.542998010496,-1.42952856916,K
6775,-1.23145473495,-0.141106337919,-0.0452990875334,-2.03329026729,X
6776,2.04617613644,0.00349119312846,-0.419639438874,0.338628978631,7
6777,0.455333559288,0.586218618595,-1.65973347887,0.745404258902,Y
6778,1.08503958745,-0.416365170868,-2.09440497656,-0.291052618483,G
6779,0.223690415104,1.39966068901,-1.0526317556,-1.19815587788,E
6780,0.285272152024,0.16757342445,-0.111291986358,0.310478952482,V
6781,0.063792644617,-0.837654458103,-0.677238472193,-0.626083547637,M
6782,0.0872846336079,-0.517900176368,-1.18433247226,-1.08661011473,V
6783,0.131171319839,1.34071851793,-0.134506607695,-0.599765053446,T
6784,0.413138822462,0.297188164955,-0.674360984798,-0.868656779474,K
6785,-0.725957164077,-0.998949099333,0.592401903876,-0.818485681309,G
6786,2.01910601018,-0.870474209704,1.63956888769,-0.0186482972906,W
6787,1.52281658748,0.863990876198,-1.08472489824,0.995037186146,I
6788,1.59949539848,0.878765691631,-0.0318207476758,-1.5411366179,O
6789,0.0325844034946,-0.830247392859,0.0935280139959,-0.88542083393,9
6790,-0.218408198958,-0.479249697084,0.269820430019,0.587702567725,9
6791,-0.811632885386,0.880449044913,-0.355220991965,1.26746285098,2
6792,-0.331629285299,0.758538821203,-1.84899196322,-1.41798317763,F
6793,0.732672048983,-0.744897874133,0.512209365425,1.41749465308,U
6794,-1.28084916124,1.2000188395,-0.946479986539,-1.23655019214,I
6795,-0.154020827453,-0.413900354315,-0.475061072166,-0.452329618785,U
6796,-0.232235333519,-0.36847173223,0.993501179895,-1.02101002345,L
6797,0.781139612664,1.34234562331,0.913417802472,1.77422225806,C
6798,1.68121039922,0.372873798085,1.31129817203,-1.13375682387,0
6799,-1.24054657395,-1.16822655788,-0.580810292768,1.07676416929,8
6800,-1.29491390531,0.331681667567,-0.085695222413,-0.380569203981,M
6801,-0.049305332823,-2.43881064713,-0.682628072115,-0.573967632167,M
6802,-0.650771376287,-0.881442495616,-1.6948258761,1.43701618875,H
6803,-0.3963280984,-0.0452369599772,-0.82059866906,0.975118263886,U
6804,1.39805690189,-0.416834817448,-0.527764816545,0.655062660925,E
6805,-0.491837526362,0.252637810754,-0.712339559884,-0.134047513446,I
6806,-0.336568550864,-2.26989907835,-1.0710227466,0.943109716272,X
6807,0.756196944988,0.732624671297,-1.37274103159,2.87887107534,3
6808,-0.269079207469,0.639092505229,1.24410594108,-2.13611141214,M
6809,-0.308117543971,1.03423229452,-0.431444965322,0.994420033434,K
6810,-0.477304770346,0.350103060467,-0.825060983305,-1.61021866996,8
6811,-0.197311266495,1.49938437912,-0.450783103794,-0.543043564902,A
6812,-1.05625253562,1.32937402811,0.133393393512,-0.675953526835,B
6813,1.65880033704,1.2109383643,0.302966029029,-1.9723372194,8
6814,0.754500105805,-2.84593272352,1.25348652021,0.339283681809,V
6815,0.297284273164,0.420508090238,0.580422608514,0.909306175305,E
6816,-0.76321762939,-0.644610022908,0.200416889937,1.01539426888,J
6817,-0.193426879311,-0.461657552917,-0.340601033085,0.79847612844,N
6818,-0.0863577789857,0.278118692284,-0.796804928082,-0.224211991875,M
6819,-0.349744701235,0.754808662329,1.09616927863,-1.31170459798,9
6820,0.961266099257,-1.46778844208,-0.381348688075,3.41273351296,N
6821,0.673155528024,-0.895039545756,-0.887768316474,1.03686108804,Z
6822,1.67472533372,1.31104788835,-2.12170769834,0.744071402699,Z
6823,-0.855255037706,-1.54022504577,-0.44504266492,-0.937946606221,U
6824,1.67778291259,0.670607667605,1.07874713842,0.26864676133,N
6825,0.951291266659,-1.04088336394,1.45237389809,0.205420588348,Q
6826,-0.683097887861,2.9216360691,-2.35528521138,-0.835637235212,L
6827,1.34426326251,-0.900980064491,0.568158456451,1.05577289501,2
6828,-1.10859803141,-0.652089420449,-0.564324183872,0.768528153968,R
6829,0.866475879819,1.01904456102,-1.3055447184,-0.511820733324,A
6830,0.0336227249884,-0.521880676982,0.35910131472,-0.119273822888,8
6831,1.31906604769,-0.396321693019,-1.24960484384,0.121016911634,I
6832,-0.199601266224,1.00674727456,-1.41558472498,0.691379397029,W
6833,-1.02301936727,1.19496379397,0.255706928476,-0.457100512662,U
6834,0.0652278045305,-0.575107373281,0.182695662891,-0.828034532989,O
6835,-2.82599726093,-1.29774434477,1.04919134315,1.84040399386,K
6836,-0.179054955592,1.17439327596,1.73468010559,-1.91880005489,J
6837,-0.729083204046,-1.31977350694,1.5283421117,-1.09292106377,K
6838,0.104814349187,-0.552227972234,1.35323818987,0.630351971381,Y
6839,-0.255672483988,0.775342891726,0.387702137828,0.0418494551318,X
6840,-0.587911322785,0.873910372309,-0.304845920201,-1.05027521033,T
6841,-1.33426075553,0.244746876054,0.467975323645,-0.815458542903,W
6842,0.438789581994,0.395960469908,0.579843229114,-0.738805475948,U
6843,0.000146530085908,-0.713570904478,-0.727029685305,0.207665206445,J
6844,-0.693389161461,0.133031836655,-1.81038531981,-0.206715974803,G
6845,0.312562281614,0.702847315732,0.531875411792,-0.419881861122,1
6846,-0.72994891374,0.909011091713,-0.368559501292,0.712992749964,M
6847,0.0295548609596,-0.0529727450304,0.687465466262,-1.87728427811,Z
6848,1.04361055558,-0.0838950974768,-0.563813578305,-0.637313722505,S
6849,1.33212030119,0.432326957381,-1.0716308531,-0.353301446466,0
6850,0.433454205741,0.493090342954,-0.430091219215,-1.24739175022,Q
6851,-0.388183036252,0.717130413588,0.104644785048,-1.34474922968,7
6852,-0.309841435596,-0.0556518391709,-0.471842937587,0.286450798247,F
6853,-0.10828356148,-1.61065829236,0.452592196848,1.94223950052,C
6854,-0.124121110466,-0.454045802778,0.0193995787656,0.700822612342,D
6855,1.11394609825,-1.85683176362,0.81443068184,1.19548157654,R
6856,-0.685256694272,0.124450265983,-0.505895355436,0.642685156877,E
6857,-0.631721617603,-0.143666478319,1.08793628245,0.219917483414,Z
6858,-0.187874760576,-1.48158409815,-1.0547680998,0.20038830298,N
6859,2.41239638962,-0.338503880638,-3.23439138156,-0.688067285952,C
6860,-1.9462312239,1.37207972876,-0.221379762679,-1.12699594624,W
6861,-0.226293445835,0.0401963494412,-2.77001770957,1.11509332768,F
6862,1.00806977374,-0.423869233278,1.8897126832,0.348197686869,N
6863,0.971149249318,-1.32616582025,-0.354045936994,-0.327411143482,X
6864,1.36353051114,0.135903703892,1.46731318356,-0.127779495965,D
6865,-0.19197145977,-0.123172297399,0.510274218386,0.399055290176,9
6866,-0.751564616688,1.86823193803,0.0886936677273,0.470142846466,B
6867,-0.699964735883,-1.76355121411,1.82848889807,-0.880434405584,M
6868,0.0260083276047,0.920829784862,0.371928190593,1.21384797207,W
6869,0.680894289163,0.578016409835,-1.21484038451,1.44762363744,C
6870,1.39327052397,0.0435632544791,-1.146234218,1.17880695603,W
6871,-2.19086950852,0.44790006442,0.982867191279,-0.103476657828,H
6872,0.849065019414,-0.657636267962,-1.70064256543,-1.23527182936,R
6873,0.356928303944,0.729238575934,-1.16525974664,0.0969562541038,X
6874,-0.615839157106,-1.02152825853,-0.775866788286,-0.585817912809,H
6875,0.0941280496711,-0.637392107258,2.35679915261,-0.716469860111,A
6876,1.38850825692,-0.0234837365833,0.376429178738,1.64489617536,Y
6877,0.418292759723,-0.817763260527,0.0175127262705,-1.00715977501,C
6878,-1.02322878472,-1.66426790996,1.29433373219,0.333396239157,H
6879,-0.357209186505,-0.812384920199,0.164543846545,0.395520652446,V
6880,0.243235091968,0.198340970477,0.146675326609,-0.912407950633,Y
6881,0.100768448376,-0.111568568318,0.442554649842,0.655966490529,W
6882,0.202153755435,-0.403594279834,1.08693821044,0.0571988931779,B
6883,0.682939474818,-1.25740887569,-1.03095120356,-0.695575887968,Q
6884,0.224673650561,-1.28298191411,0.170885761371,-0.72666181024,Q
6885,-0.81574968852,0.0416703835773,0.449463712687,-2.60614480621,W
6886,-0.670342332976,-0.181165069273,1.51316512869,0.241033275228,L
6887,-0.421222629323,-0.506196052729,0.667947006081,-0.252557001408,G
6888,0.0356510040138,-0.0349447892103,-0.354961292903,-1.00323924187,U
6889,-0.853609950686,-0.436814381594,-0.871246067907,-0.0162318805644,F
6890,0.720569698538,-0.12368692566,-1.70015409095,0.301859068104,X
6891,1.00600208149,-0.282086676389,2.90520202543,1.60357122905,Z
6892,1.33078157887,1.25342207656,-0.876879953169,-0.939893841763,8
6893,-1.13908371589,0.521191884293,-0.693467894987,0.703674352254,H
6894,0.32237578151,0.314142765689,0.260488034437,-0.496940556074,F
6895,0.998554474257,-0.814302246659,1.04821975405,-0.0615903771574,Y
6896,-0.00502519161042,-0.711575161614,-1.7320073944,-0.517527817753,E
6897,-1.57729022239,0.516398621773,1.19967266911,-0.512883724356,G
6898,-0.856402921327,0.0317180388109,-0.48867731018,-0.819806621925,T
6899,0.879164164607,-6.87039017353e-05,0.0851421932229,-0.737687908672,Z
6900,-0.917820624958,0.0583672724068,-0.531512220961,-0.812805362046,G
6901,-0.759938801046,0.10565513117,0.0517595045228,1.12498746591,O
6902,-0.179007752923,0.577350578,0.638650462054,1.51324343654,J
6903,-0.792080993285,0.311284469838,-0.154407809749,-0.351270888659,8
6904,-1.33130391846,0.893180615133,-0.0818464184847,-0.294822978963,L
6905,-1.1975743343,0.568163820583,1.98516367888,0.583706200654,W
6906,-0.0910102711284,-0.72764821894,0.315931873022,-0.0314558889142,X
6907,-0.228641076424,0.00979227123029,0.409629522564,0.028353200635,T
6908,1.42908929255,-0.0297455723289,-0.140590061656,1.00768745361,W
6909,-0.851548444586,-0.260413376981,-0.407416098231,0.0683278470549,W
6910,0.451367134559,0.434449932361,0.70073558306,0.190064683453,0
6911,1.27320362836,1.48258566991,-2.01227159324,-1.37778539264,J
6912,0.665903957171,0.656232757675,0.304479707619,0.159378844096,R
6913,0.206585239638,-1.10114726087,-0.707540897003,-0.978277029763,H
6914,0.990034482357,0.111278235777,-0.503771947105,-0.895681219964,X
6915,-0.684401120074,0.509116920103,-0.957427019668,0.130915958699,T
6916,0.034603865237,0.769922070912,0.168947506298,-1.61044278835,L
6917,2.48734717001,-0.258828717066,-0.970272174128,-0.531656068783,O
6918,0.842772347254,2.66506017346,-0.0933887692822,-1.22298581578,8
6919,0.556821533814,2.10532106684,0.408342363677,-1.06952799595,I
6920,-0.566608487663,-1.80612311106,0.00723679397273,1.14246042313,B
6921,-0.347958047771,-1.70329780095,-1.27677896747,0.016063414931,0
6922,1.68928528604,-0.243741291762,-0.0328599153251,-0.699973544707,A
6923,0.512343746976,1.10588560379,0.996068399717,1.86630341595,4
6924,-0.695322671369,-1.13816410412,0.995712525369,-0.789439880785,U
6925,-0.494161886817,-2.27768988196,-0.0927977432127,-0.0412041183027,Q
6926,0.102128255696,-0.497692506439,-1.2404019268,-1.37668191774,7
6927,0.532616345844,-0.955477479034,0.825892603513,2.39044789991,A
6928,-1.27174117295,2.01804584008,0.124696038762,-1.1380608374,N
6929,1.16388529444,-2.19758759565,-1.19805498631,-0.422572367407,C
6930,-0.679812513384,0.274314278446,-0.178447578753,-0.426898618812,Q
6931,0.933633898912,0.350503634407,-0.468304135728,1.15617294229,R
6932,0.648978269635,-0.0959148686079,-0.0638389788879,0.0860773134828,G
6933,0.611148995312,-0.742646729166,-0.250950798954,1.6108752152,N
6934,-0.141520498289,-0.351262783086,1.96506991024,0.297953599083,2
6935,-0.684331972915,1.01187460935,0.70650636507,-0.181270681137,U
6936,0.268776734778,0.214678354876,0.42727178463,0.521098868458,I
6937,1.16729953082,-0.0180285216823,1.08684065028,-0.686287395778,A
6938,0.329986083788,0.299002867554,-1.50203698932,-1.86698381909,T
6939,1.02625695504,0.389163275741,-0.433496404284,0.159209973881,L
6940,1.47801112182,-0.29544722812,-0.276814207824,-0.3162505872,D
6941,-0.343394172769,-0.0835139027575,3.05334492778,-0.57314918205,L
6942,-0.0304983004796,-0.380566259652,0.482507158938,0.00452875346031,X
6943,1.00378858999,-0.688903430455,-0.627384063578,0.704902457771,P
6944,-1.46697079336,-0.0862892733564,-1.82922699204,-0.21229006081,O
6945,-1.07101254008,-1.46101742425,1.33743575745,2.29750830376,2
6946,-1.59475998689,-1.0956867318,-0.941550586512,-1.54025750712,C
6947,-0.621688855453,0.613429557372,-0.756052306212,0.647458293632,0
6948,-0.891974106918,0.507887559927,-0.220682668061,0.0622325247424,I
6949,-1.18633164337,-0.45056234874,-0.546765766983,-1.05726599285,G
6950,-0.166791134618,-1.10568393926,-0.0788695450821,0.0521644667501,Z
6951,-0.188106064548,-0.248578049448,0.490971120252,1.54771167874,T
6952,-0.138187582345,1.18774063338,1.90246012098,0.953902720226,1
6953,0.104037779949,-0.113550963079,0.764308215447,-0.918112487536,G
6954,-0.0105891245446,1.30018068416,0.796238870636,0.982547428655,4
6955,-1.02515245618,0.896530652279,-2.33638014354,1.03323190369,8
6956,1.85135657271,-1.35936736304,2.39693285678,0.21464761982,5
6957,0.683998573878,0.638675296326,-0.27729610029,-0.996665031687,P
6958,0.0861463712494,-0.918117142863,-0.541719770848,0.536130968068,L
6959,0.84185677345,0.913906538505,-2.57507869955,0.794486917428,L
6960,-0.890223307632,0.58286442763,-0.999817944464,0.472839464612,S
6961,0.365284774282,1.43914146245,1.54964189908,-0.181554052833,1
6962,0.172716412222,0.202306824443,0.956202781979,-0.145276849671,1
6963,-0.830696473284,2.15207551169,1.15964228021,1.23727862354,Q
6964,1.07897929966,0.0313087868678,-0.134672010112,0.438420092912,E
6965,0.505521795956,0.563120003372,0.752423766826,1.25290897961,S
6966,0.120993682064,0.416448592196,-0.643344448819,0.585661214561,T
6967,-0.686920732051,0.439469047074,0.320119462122,0.84197659869,R
6968,1.54067741422,-0.824946411537,1.04644435733,-0.890283085945,G
6969,-1.63069019177,0.467838170439,0.299393737409,-0.0865049052479,Z
6970,0.633494778804,-0.186524009218,0.927626965339,0.143163919205,G
6971,0.308635854456,-0.112857308281,0.762842218963,-1.07297708256,M
6972,-1.62705067432,-0.97815141263,0.154744635774,-1.22903670661,Y
6973,0.3148469838,0.0979888456607,0.199608299962,0.95519346772,E
6974,1.6669071275,0.992005251442,0.496127673055,-0.686391014806,U
6975,0.0106028383268,0.708539635302,-1.25871092114,0.226540952916,L
6976,0.11869281378,-0.714454714392,-0.50134244455,-0.254763929933,N
6977,0.302616230947,-2.01152735667,-0.628084547049,0.768826864455,J
6978,-0.0985721257172,1.76908645538,-0.215026976047,-0.053076199659,P
6979,-0.0190579326345,1.96499405621,0.738537929544,-0.883775928618,S
6980,-0.595349058225,0.00178120547993,-1.42335533545,-1.45847723898,O
6981,1.39217049077,-1.39655962763,-1.42530626093,-0.847535140771,Z
6982,-0.896028542768,-0.152287244864,1.92448322383,0.365183971059,V
6983,-2.27464172743,-0.901873739278,1.50035163127,0.996540537761,O
6984,-0.30189755765,1.01990578818,1.10216033286,2.62452608968,G
6985,-2.54838896657,-0.585373738403,1.496201467,-0.718814745545,N
6986,-0.0645879626599,0.759291883006,-1.56841485777,-0.420933037922,E
6987,-0.143365411354,-1.11175954725,-1.81558086703,0.435273612751,I
6988,-0.070412399543,-1.05592096242,0.338016708521,-0.440762523974,4
6989,0.649148000252,0.994272913069,-1.38422724628,0.485120032364,I
6990,-0.370768721563,0.404356340287,-1.05162846226,-1.05089891162,T
6991,-0.409980111625,0.155627076006,-0.81898965427,1.27735013287,7
6992,0.301213589188,-1.11120335047,0.668257684091,0.671921855703,2
6993,1.82111702878,0.416444799351,0.173874079053,0.505118430246,Z
6994,0.0688036448846,1.32275858021,0.802346253327,0.223617809159,F
6995,2.31189587899,-0.41707032545,-1.40959852635,-0.515820726027,P
6996,-0.479892969973,-0.650418530998,0.745152119818,-0.646037876591,9
6997,0.523330748868,0.787112113221,0.486066142508,1.09315580825,L
6998,-0.362559431988,0.598893993038,-1.84320146381,0.887291508481,5
6999,-0.0963755510259,-1.01299883547,-0.657431480807,-0.573315211841,O
7000,0.467976300189,-0.0386485396255,-0.295344251987,-1.82472622729,1
7001,-0.358893469543,1.40445260007,0.704964644926,-0.200638304015,I
7002,-0.50184039929,0.659253707223,-0.421690619312,-0.0576883018364,H
7003,0.204886212202,1.07413396504,1.38836131252,-0.982404023494,P
7004,0.354627914484,-0.133115852296,0.283762637978,-0.837062961653,D
7005,1.81748001608,0.742272722638,0.419394843928,-2.25103520513,J
7006,-0.776764319165,0.935517747061,-0.332871759623,-1.87564085416,D
7007,-0.913134961617,1.53062351168,-0.572656719239,0.477252252981,0
7008,0.358479538224,-0.49757199147,-0.367016188009,0.507701778685,A
7009,-1.74087710829,-1.16041658062,-1.63783027929,2.17220101238,A
7010,0.24056373835,-0.328249185208,1.25215525783,1.07279626643,I
7011,0.764018252198,1.16547617218,-0.639544262638,1.49525751956,L
7012,0.571034923177,-0.310537224251,0.582437274651,-0.2987651796,C
7013,2.31765810894,0.430709506296,-1.33421573445,0.199679483557,7
7014,1.54777073472,-1.11975292512,-2.27763354506,0.329585909852,V
7015,-1.31060811665,0.401719086645,-1.00098707369,1.15670834954,E
7016,-0.0884964396951,0.634711729043,0.153323985774,0.415334751149,P
7017,-0.0186628260149,-0.247487241047,-1.44652215689,0.750937748749,G
7018,-0.0701272145463,-1.57909726069,0.120891794918,0.671431885035,E
7019,-0.194677940725,-0.492039150308,2.35960484963,0.319810396195,W
7020,-0.248617847177,0.868706587235,-0.492226143765,-0.717959381922,A
7021,-1.09154895394,-0.867110226119,-0.647760443099,-0.832561559975,6
7022,0.641404300148,-0.138821578977,-0.621962804042,-0.284839425379,5
7023,1.21640846838,0.99268666512,0.165161778012,-0.0696186082242,T
7024,-0.564474180519,0.792832268133,0.747052842907,0.57167515791,J
7025,1.75987899507,-0.515665834496,-0.230480686323,1.36231722352,K
7026,0.126266090531,0.309281375664,0.38281996138,-0.239199054993,8
7027,1.33436047951,-0.100152166835,-0.840730552173,-0.643966598255,E
7028,-0.737620017711,0.278087463151,-0.053235240431,-0.950971590734,J
7029,-1.1484864849,-0.986292150868,-0.144963115417,0.124362404338,D
7030,1.63059449241,0.243886206002,0.468368306354,1.25804787443,Q
7031,1.04488953219,0.0807175385621,0.857885542829,-0.298381802517,E
7032,-0.262542542362,-1.61519874791,-1.08723871374,0.759029075237,Q
7033,0.0201440713103,1.10779156618,-0.559435335039,-0.481925210095,J
7034,-1.20391554609,1.88534310731,-0.0804704068388,0.25064589327,7
7035,0.366914548813,-2.43008643092,-1.05344696342,0.346278884194,K
7036,0.434220473424,-0.0798625386706,-0.422976747932,-0.0742721760915,X
7037,0.0406656980213,-1.81021570262,-0.189192727269,1.22926636581,F
7038,1.33845943246,0.338489099729,-0.213446105129,2.32592341971,U
7039,0.572981073363,0.782663875351,1.30767321124,1.61995725335,U
7040,0.762428447112,-0.648528798886,1.93651473707,-1.15966561312,I
7041,-1.25204557796,-1.53853949038,1.0422813822,0.623835121823,3
7042,-0.0475302140596,-0.494310199706,-0.165460018905,0.472929032513,K
7043,0.124547711991,0.730791450242,-0.25752685093,-1.51125664924,H
7044,0.801889237656,-0.462780621429,-1.73462083332,0.674768319362,L
7045,-0.992306666472,-1.09683007882,-2.0617943017,0.035390605957,A
7046,-0.109662774864,2.57709376617,0.91356252242,0.613594050216,5
7047,-0.541680906279,1.5100313553,0.467944825377,0.553225037837,N
7048,-0.0795865737601,-0.609923697841,0.35383422895,1.10803005914,N
7049,-0.0437516462601,-0.410666385961,-0.729599036366,0.263223371713,I
7050,-0.761490177447,1.10418191625,1.27060866366,-0.319284452382,L
7051,-0.804975073037,0.559520138339,1.05223226496,-0.645574265818,G
7052,0.35394105397,1.82996269805,0.398922026361,-1.52223131661,G
7053,1.54163640493,0.478316068959,-0.666760327343,1.36717494756,A
7054,-0.987620842341,0.337534288405,0.386934953004,1.99614391761,J
7055,-0.353462320307,-0.448433452071,-0.420520291568,0.606223206634,B
7056,-0.275687122051,0.127910363851,0.877755572144,0.141774294303,O
7057,0.448882070123,-0.0164103203039,-0.0414342913919,0.483096480304,M
7058,-0.0437649578253,-0.878445916853,1.52507535186,0.00822316479269,C
7059,-0.0644155835746,0.080920574987,0.644715202274,0.393025120766,Z
7060,0.0150183089497,-1.62030091273,0.465865552616,1.63737662602,Y
7061,0.579715377177,-0.565645982402,-0.812128961966,1.53280260401,O
7062,-0.324507167079,1.85335063636,-2.26860910203,-0.355131709073,1
7063,-0.100246742541,-1.9546139579,0.132518774906,0.83692675288,G
7064,0.275725087798,0.349561138652,-0.617722975053,0.675990898106,U
7065,0.300486311556,-0.914367342324,-1.6046088239,-0.90545849944,U
7066,-0.362382393314,0.708360644964,-0.388316739311,-2.32876299592,H
7067,0.805330955425,0.0736168178539,0.481166223853,0.632620759249,Q
7068,0.786095366054,0.0951374087988,-1.04996472851,1.82879833145,R
7069,0.20781502657,1.40727518965,-1.04479960125,0.140207499487,D
7070,1.80974963809,0.592023139186,-0.146214836643,-0.113817691749,E
7071,0.190562146781,-2.88635875932,0.514364781284,-2.2081180574,N
7072,0.844977118094,-0.164290184848,0.218672395512,0.0990115476933,U
7073,0.195035085082,-0.649590655548,2.17166386104,0.453465558806,X
7074,-0.0564333653869,1.75865043501,-0.448091017018,0.346784396043,8
7075,-0.11260915388,-2.64245701436,-0.487309941502,-0.220507107741,Q
7076,-1.39531912204,0.573474013814,-0.0133236905274,-1.30707048628,D
7077,-2.08027277833,0.0974981483635,0.321489166278,0.0126076722626,V
7078,0.88317164615,0.490426984887,-0.799299286482,-0.699668792454,D
7079,-0.138631966525,-1.41784482297,-0.199678277638,1.19929867533,7
7080,-0.961579329566,1.16624685822,-1.12495332265,0.201727835778,J
7081,1.30145347696,1.07711713668,0.56050246064,0.859991127179,G
7082,0.0636793444679,-0.995532083484,0.879547223724,-0.0124713077028,C
7083,-0.373381111798,0.982861169257,-0.0375341446861,-1.33785580601,3
7084,1.49229222711,0.485490431128,0.129313292844,1.73356873962,N
7085,-0.908491526543,0.498234275772,-0.588843697186,-0.903956188452,C
7086,1.13713975779,0.977509103934,-0.940993915461,0.149012866744,L
7087,-1.04983803109,2.45342509904,1.23008741443,-2.06850760711,U
7088,1.48519893861,-0.806453458123,-0.475087116613,0.936801368414,7
7089,-0.790436911077,1.8238515301,0.470826739735,0.898781975943,Q
7090,2.02480808353,0.0322506496307,1.31529742078,-0.156432529592,A
7091,0.379253002685,-1.05940924098,-1.13206803173,1.22229604428,B
7092,2.40321605952,-1.79252836422,-0.917572680139,-0.88669297209,F
7093,1.24997470755,1.49152996563,0.371475805897,-0.000464620420962,4
7094,0.501130600702,-1.8524509796,1.11035434692,0.508864733821,A
7095,1.10652128242,0.0981530997183,0.789793234562,1.19269254286,J
7096,-0.540542595454,1.78256921968,0.0519310959987,0.463867655906,F
7097,-0.101979890355,0.981720222277,1.10699018111,-1.75226932921,B
7098,0.632107381338,-0.761419236427,1.42793044112,-0.0469283588887,Y
7099,1.00977860887,-0.608379336968,-1.40510505648,-1.17505405942,2
7100,-0.602747944659,-0.182503514402,-0.768163968379,1.26068635765,5
7101,-0.0391054339894,-0.0695099824413,-1.35805194008,-0.292858620366,K
7102,-0.345100573788,-0.179476870638,-0.904657664386,-0.0712867473108,V
7103,-0.759495118894,0.225916245652,2.2358717609,-0.00448980823071,N
7104,-1.6867705196,0.742275516539,0.48587599627,1.79850711251,C
7105,0.145697316417,0.805037295613,0.350361830434,-0.540234679436,I
7106,2.48765369604,-0.147867121811,0.580688201183,-0.305696173077,A
7107,0.38016591287,-0.592483279562,0.393693377794,-0.463216602736,G
7108,0.96354902595,-1.55030192705,-0.944962257052,0.121546253521,3
7109,-0.0403846130388,-0.312648567879,-1.19660390862,1.0750431857,9
7110,0.938356628434,-0.235761104349,-0.0773603113055,1.16215015537,N
7111,0.190303261201,-0.425472860755,0.362347382137,-0.688710660785,A
7112,0.256419161128,0.0826694187979,-2.30275824842,-0.446115220145,L
7113,0.690971664806,0.871498395659,0.948468891564,0.644683368429,L
7114,-1.15778132548,0.0936961784472,-0.765272815741,-0.724766824934,H
7115,-0.295462233706,-0.832817149695,1.49020373854,-0.420786204612,4
7116,0.132722962244,-1.25578038911,1.37000771682,1.14448991761,M
7117,-0.111380676194,0.572076202947,1.8079619052,1.09020474362,Y
7118,0.178699745816,-1.60883234776,2.1746148394,-1.35173849821,U
7119,1.20218256712,0.179582552204,0.202061214889,-0.731213132128,R
7120,-0.674446571006,-0.184702666166,0.706721251292,0.718680803788,8
7121,1.76553544644,-0.951931579911,0.320146510176,-1.15934952511,E
7122,-1.2478849863,-0.725490485007,0.541997606469,-0.126572143755,4
7123,-1.1640445457,-0.647618961239,-0.550283265919,1.16494340443,Y
7124,1.81613255613,-0.393382465546,-1.21291011478,-0.317186597786,D
7125,0.499882890819,-1.18363110139,-0.638619314755,-0.785336775967,V
7126,1.22849889391,1.25347911733,-0.221459415048,-0.0654131965162,B
7127,1.01895127853,-0.423936860698,-1.72455343475,-0.823409084355,T
7128,-0.169892938696,0.301071840312,1.40996063006,-0.516055941099,U
7129,0.883067867689,0.950612783539,0.783765906001,0.776406924195,Y
7130,1.03277821333,-0.0929303289895,0.600042004986,0.173515461043,L
7131,-0.249224588436,-0.0648201009871,-0.0127630546134,0.0304726487395,O
7132,0.556590447301,1.97690140411,0.130668936682,2.71966409048,H
7133,0.16107564162,-1.3149395378,-0.605192051164,-0.732212975124,J
7134,-1.84206221975,0.0109146960347,-0.0132330195161,-0.29825942451,C
7135,1.72723710088,1.67458417387,-0.988291322079,0.512445217364,8
7136,-0.190386389574,-0.184385010197,1.16329213344,-1.05989578865,0
7137,0.69311133934,0.815751494672,-2.38869472458,-0.201710174422,P
7138,-0.0621126729433,-0.00984964476467,0.658452659654,0.782909762977,O
7139,0.880939751586,-0.707391129783,-0.750939055668,-0.0423814584647,G
7140,-0.592837623954,-0.700117210885,0.831351965158,-1.15891084185,J
7141,1.62834979618,0.404618215489,0.0863343325974,0.278913544915,Q
7142,0.210544278316,-0.909438189136,0.903899753529,0.471579103734,E
7143,0.033606494896,-0.882900260313,-0.345729265059,-0.317833493034,X
7144,-0.0755744023429,-0.616260178437,-0.342470997941,0.850522271235,7
7145,-1.26295070974,-0.167273237609,1.45780742884,-0.37563609476,G
7146,-0.289513268133,-0.927606335239,0.950207336839,1.23406721349,J
7147,1.34653227067,1.08338934179,-0.840822696227,0.525032166375,K
7148,0.698212579575,-1.2635370225,0.0345888504173,-1.08271314806,6
7149,-0.798004160565,-1.30179455306,-1.95685241187,-1.2841200757,D
7150,0.042611218243,-0.175943187928,-1.01597727921,0.668173594623,Z
7151,1.52264922941,2.29139247927,1.5064450569,-0.448051016456,S
7152,0.54911837215,-0.439673137424,0.651228776652,2.6480462772,N
7153,0.119467771322,0.224633361843,-0.462936521536,1.41015553196,E
7154,-0.323899441166,-0.115278120343,-2.24762512685,0.271304098854,L
7155,-0.569092884953,1.86005610394,-2.5526005446,-0.433538185597,V
7156,0.112111473607,-0.845797840143,1.00631020207,1.13883188261,3
7157,-0.499492134991,0.91641467488,-1.04521512609,-0.50757820342,I
7158,0.376336174588,0.764118507122,0.935520356664,-0.594284323631,U
7159,0.0435519604575,-1.13311390808,1.83995995892,1.07689076788,Y
7160,0.08521566085,2.51096445751,-1.05481405994,0.673699680303,7
7161,-1.78187926997,-1.08540212875,-0.0523621760075,-1.07072106964,H
7162,0.895674400067,1.2217782908,0.354943949672,-2.72080073957,W
7163,0.178964296545,-1.24036038336,0.216703259507,-0.931038265768,E
7164,0.751110935945,-1.67754135722,-1.84529427201,0.472624179004,R
7165,-0.174065305457,0.41737570589,0.67568579441,0.976129682648,Y
7166,0.469285344255,0.468042648048,0.740358197771,-3.17350880211,M
7167,-0.414343091707,-0.847569597434,0.321460576581,-2.57576740455,F
7168,0.947170681816,0.328539010454,0.194054760004,-0.530855170507,T
7169,0.280983721958,2.21810968243,0.0430190102528,0.105970933337,S
7170,1.36877536297,0.314364311301,0.237928036312,0.826479814371,P
7171,-0.556653869652,0.677243772286,-0.0487451867473,0.481484592223,I
7172,1.27535225202,-1.63660490059,-0.907082516741,-0.842150166534,R
7173,0.354484776486,0.336961106409,-0.877360547161,1.94340295455,5
7174,1.63041080339,-0.107837334831,-0.452669704243,0.511911011614,B
7175,2.13082174199,-0.513612858636,-0.589272751532,0.270246731148,Y
7176,1.1330300851,-0.920498984072,-0.41147778905,-0.00125773317809,G
7177,-0.022368446588,-0.165693213389,1.48750250694,-1.5609710846,B
7178,-1.59781750388,-0.544169575971,0.565075786079,1.28817666767,D
7179,-0.641428915759,0.376689595468,-0.153789313646,-0.512960526573,G
7180,0.314357377289,-0.962541936748,-0.541512534494,-1.1561648896,H
7181,0.0883395556165,0.814274132271,-0.304655359037,0.792676034143,6
7182,-0.241961771733,-0.629315403013,-2.21260233427,-0.374105157708,A
7183,-1.18173491365,-0.596941681158,0.2743443978,0.273126365442,I
7184,-0.216653074676,-0.736039143474,-0.695235903991,0.421187733859,H
7185,-0.210084441042,0.708076753126,1.54565512016,-1.58704505966,0
7186,-0.194803690607,-0.215578248302,0.691829450352,-0.0992752966404,O
7187,0.555034364088,-0.628948162163,-0.550886205331,-1.30358538455,V
7188,-0.00132553343873,0.234979080439,0.305587215001,1.17498471846,L
7189,-0.505884715251,0.289074547151,-1.01753668504,0.086234836138,Q
7190,0.818458302751,-0.0774239427346,-1.53559692163,-0.727323013995,E
7191,-0.739837815235,0.654747515967,0.775892880451,0.911725982352,M
7192,-0.157668660717,0.0105765369843,-0.473290818785,-0.114977254557,L
7193,1.582072755,1.21135077234,0.277131433192,0.637144296923,X
7194,-0.704190048658,0.12787599735,1.05250272942,0.209073871078,V
7195,-0.389367804328,-0.93291366124,-0.998024963481,0.563616911143,6
7196,-0.558272131251,-0.161774896289,-1.53806659646,0.613443319356,P
7197,-0.158497066494,1.34901324395,-0.475157789661,-1.0330587238,V
7198,0.407671432137,0.254556508037,-1.56082456407,1.12562760798,I
7199,-0.653921366863,0.0275790877175,-1.39629369836,0.913825226594,9
7200,-2.57692549898,0.338165036668,0.519442976393,-2.30330714219,1
7201,-0.842865347335,1.0821650933,-0.646397860835,-1.13500686925,F
7202,-0.494181289099,0.104939493471,0.827236857824,1.05511433215,A
7203,1.15576168508,-0.0660077704386,0.23605882151,0.309968188821,8
7204,-0.687534473898,-0.0263544937825,0.106619281446,2.47490163593,Q
7205,0.649517559904,-1.17781051518,-0.954277458301,-0.339043658202,E
7206,-0.423467777754,0.638837715089,-0.0390346575333,0.145446357589,J
7207,0.0827382882553,-0.472712215521,0.480072117744,2.01998684041,E
7208,0.268893320742,-1.48484562253,-1.63763986608,-2.3255800776,M
7209,-0.107129695053,-1.11241995795,-1.27069822508,0.848296771646,I
7210,-1.04544077775,0.797202720191,-0.350622812646,-1.15411164074,J
7211,0.419680914033,-1.20255497117,0.374432783263,-0.556201528434,L
7212,0.203280886034,0.947044539757,0.990641967636,0.0618586714995,2
7213,2.09212414836,0.906692467548,1.3274444574,1.09801998125,S
7214,0.426330491605,0.77543138121,-0.540806606851,0.483395084815,D
7215,1.65203944937,-0.887319814636,-2.17453333781,1.28661777145,M
7216,1.01408518893,0.771958446614,0.391397552654,1.34960477211,B
7217,-0.268733296954,0.145778431561,1.14838487859,-0.0558591686879,F
7218,1.17460855008,0.611714412276,0.515178519961,-0.185847595552,X
7219,-2.40501866212,-0.160283329726,2.32208248639,-0.944042520795,B
7220,0.423191686836,0.0957867735118,-0.887767669303,-0.741621278186,N
7221,-1.24207952376,0.371923550534,0.16677714031,1.0104893326,K
7222,1.2934718078,1.14453036376,-1.4812669881,-0.441601572264,Y
7223,-1.12685300658,-1.03722648479,-0.239714171379,1.17321878409,O
7224,-1.0622089135,1.19226182583,-0.77544757706,-1.22501175108,X
7225,-0.372656417204,-0.485827702989,0.534654941088,-1.21224456369,E
7226,-0.020036253405,-1.33303514247,2.18945039442,-0.24919015118,I
7227,-0.577762744277,-0.389902047992,0.488137595884,0.626000837653,L
7228,-0.766540645184,0.713716560555,-1.01825632674,1.88936116726,2
7229,-1.73870003681,-0.336053519267,-0.992538495353,1.42120418055,T
7230,-0.568215850256,-1.84814384541,0.863834662405,1.32228142724,K
7231,1.32185817098,1.00887344786,0.254607528649,-1.34209930073,B
7232,-1.44311819447,0.240571274358,0.792943937286,0.0736683310364,B
7233,0.440871905275,1.12257403393,-0.755518791048,-0.716928210258,Z
7234,1.51509585736,1.33547436495,-0.910115691199,0.0511775765034,E
7235,2.02357956321,1.09680739934,-1.3481784049,0.264341887714,P
7236,-0.361315167468,1.01065213956,2.55387890981,-0.0895751091802,P
7237,-0.994547758775,-0.457568170876,2.21848280827,-1.2782514738,J
7238,0.132032388144,-1.3051371475,-0.536163371291,-1.28005533132,Y
7239,1.16176432633,0.818181671369,0.0151191881992,0.283321533309,P
7240,-1.03942080599,1.13451743559,-2.22579019681,0.0592040052355,M
7241,-0.867388839047,0.398072218402,2.05379725736,0.734562840374,W
7242,1.45300175913,0.569163454607,0.198247662356,0.46520554845,Q
7243,-0.0954282988118,0.428386420293,-0.405097533928,-1.39724911033,A
7244,-1.17327031236,0.159077812036,1.9276511382,-0.210691347031,O
7245,1.04396635963,-0.104110599839,-0.249275629159,-0.0207793012098,K
7246,0.280528850972,1.60109135858,0.561331365945,0.868630989409,Z
7247,-0.659952829242,-2.30316016277,0.248001069221,0.942725735947,M
7248,0.790583884393,-0.983115534038,0.874530999569,0.809282002383,S
7249,-1.17591092941,2.15198696697,-0.0809277136982,-0.431623621004,E
7250,-0.261109738898,-0.516069628221,1.13538791735,-0.761319800575,G
7251,0.703423839947,0.449614099105,-1.593578247,-1.15539989748,B
7252,1.11645041825,-0.274068941169,-0.0297477874901,-0.433413276523,X
7253,-0.357308670313,-0.529398311787,0.205417525617,0.108428490163,M
7254,0.423229026993,2.08909611309,0.923674782142,1.50272651831,1
7255,0.217126083205,1.28236141456,-0.978428564074,0.263613449525,T
7256,-0.443397941574,0.676989997986,0.638588633657,-0.873794918749,L
7257,1.00534200238,0.682462254711,1.20027333585,0.193455111389,H
7258,1.37620985675,1.14804621775,-1.19493291425,-0.0246510549904,G
7259,0.745346522906,-0.886025029683,-0.437063213681,2.12474074181,D
7260,0.620059226462,-1.3714426877,0.722629755468,1.63796007884,0
7261,0.00630699376911,-1.33134152729,0.0649616494499,-0.572398251742,H
7262,-0.198477349779,0.684455814174,-0.147475221075,0.581648940506,O
7263,0.681178436604,0.283488752572,-0.20125716997,-0.837272455076,H
7264,-3.72686372556,2.15263217662,0.986711235344,-1.27395629167,Z
7265,1.23296534957,-0.872075211571,1.12573394106,-1.26969198429,N
7266,1.68071777569,-0.795061674656,0.429541561971,0.907959685749,N
7267,0.0126033461146,-0.559557999613,1.17009301533,-0.755084321136,V
7268,0.478687852114,-0.923803097176,-1.62141331544,1.12210892346,B
7269,0.654912901411,0.0515714367429,2.0161479636,0.652618167303,P
7270,-0.840524554435,-0.155627932446,0.992245693988,0.818994762669,G
7271,0.167651456358,-0.126483159859,-0.2159230909,-0.551816953755,J
7272,-1.69486905349,-0.251793821628,0.643791694262,1.05148438879,O
7273,1.15891064075,1.19204131316,-0.474725241124,-1.1885329973,6
7274,-0.359609404441,-0.742869703536,-1.43423198616,-0.412530336918,J
7275,0.527893710782,0.0840680255476,2.36852964741,-0.00302369910935,X
7276,0.388307345228,0.969655421373,-0.16239111452,-0.256349189716,J
7277,-0.270080229648,-1.25575148996,-0.356178529128,1.23140641525,R
7278,0.0820128039793,-0.523347238177,-0.29892608064,-2.25924648718,M
7279,-1.40152899868,0.293567238208,0.915068680577,-0.697823682964,4
7280,-0.34203915437,0.204837022753,0.965391319534,0.21957721666,M
7281,1.58845583063,-0.269371964148,-0.298398891617,-0.0173215631696,A
7282,0.367102716772,-0.208086567685,-0.251701415964,-0.522192758844,J
7283,0.197511460601,-0.502179218169,-1.73685418123,1.23451645845,L
7284,1.55252757473,-1.33235367105,-0.227917886077,-0.817040668057,R
7285,0.304381622491,1.40660303091,0.373171731372,0.446836979475,M
7286,-1.40555861862,-0.701879470135,1.7938014939,-0.370494730707,X
7287,-0.290145817461,0.466116593833,1.01992419248,-0.0913182440873,6
7288,-0.0461043106532,0.873557369774,0.660301204101,0.463093389561,W
7289,-1.57701158808,-2.11928449832,1.8056211286,-0.283501178844,I
7290,0.34037236652,0.382560935847,0.000310750462007,0.452416589048,C
7291,1.61748513305,0.325101331381,-0.56004210719,0.944086448958,J
7292,0.268348057071,-0.373019728317,0.433140418073,-0.868285773218,M
7293,0.599410556722,-1.05300636777,-0.0612465004706,0.890921720842,K
7294,-1.76732355314,0.564682563134,-0.274611661673,-0.174666490025,R
7295,0.00758863980265,1.50644674792,1.90347761211,0.416104168602,D
7296,-0.109962464506,-0.92011662808,1.82319172674,-1.42793478629,1
7297,0.645940278964,0.441283164828,0.724278886156,0.72679455762,R
7298,1.18991277757,-0.453600708269,1.20712924318,-0.241784995613,P
7299,1.20958260767,0.65135204117,0.384909738967,0.560129899922,V
7300,-0.835033146253,0.186814148387,0.0994207791387,-0.540764053646,H
7301,0.923118167978,-1.34952513551,1.98628884937,1.09994393543,G
7302,-0.169421148516,1.09333515534,-0.0476520705247,-0.0857051252725,T
7303,-0.367094822957,-0.764236642365,0.525876450542,0.358030321448,X
7304,-1.1500069318,0.824940600187,-0.871590899842,0.058123757859,5
7305,1.49739986205,-0.819334159838,0.0173922939101,-0.0373138831218,3
7306,-0.317808432798,1.23565305224,0.129119462254,-0.750614454962,B
7307,0.89532447686,1.73828940595,-0.789496165367,1.56141462002,V
7308,-2.32337594373,-0.0864840810099,-0.937811232637,0.975500070851,U
7309,0.749856964401,-1.46987067396,2.67443377359,-0.835017756629,F
7310,-0.631610955098,-0.828862135897,-0.120593931393,-1.00073677846,8
7311,-0.722216454,-0.507615853758,0.252700306067,-0.196934531941,P
7312,-1.12139973048,-0.830073503932,-1.55615056655,1.3721124891,D
7313,1.25533425487,-0.09154850985,-1.09204964199,1.43161043377,1
7314,-2.088979558,-1.03384018998,-0.175709666863,-0.0449589141002,X
7315,-0.593835822312,-0.125592399728,-0.148472855001,0.824293452333,F
7316,-0.853371415484,-1.05039203696,-1.63655218727,-0.531499124856,C
7317,0.184960336992,0.724280895102,-1.30361378129,0.0427831967716,R
7318,-0.234229356882,-2.15677620777,0.665154262535,0.652184895711,B
7319,-0.54299503992,0.391323100562,-0.623618972537,-0.638090845749,P
7320,1.03698614841,0.499677025358,1.1483637071,-0.467138973178,A
7321,0.76271339487,-0.337945754488,-0.2394130161,-0.662794634356,I
7322,0.749977252066,0.712538194104,1.00191689839,-0.996523167443,S
7323,0.171084490966,-0.255490209155,0.10204825688,-0.316482514731,Z
7324,1.93252529985,0.246312840195,-0.141026811591,-0.530162228416,W
7325,-1.05774509068,-0.974924406809,-0.138163668084,0.50749427439,9
7326,1.45092529268,-0.757698387582,-0.0953520457199,-0.783242478344,6
7327,-0.85149196031,0.531830081401,-0.000884832874349,1.09008844783,L
7328,-1.45522992648,-1.65130642134,0.176941162469,0.872048144356,Y
7329,1.61492737297,-1.21321204424,-0.481253085157,-0.417013545521,I
7330,-0.0844707071002,-0.277350251414,1.45142975013,0.084764073742,R
7331,-0.5181126395,0.226027523031,-0.511796004744,-0.919189801343,P
7332,-0.972865815785,1.00420510815,0.120233141304,0.0420245997512,R
7333,2.83389146282,-2.10126036599,-0.429481838014,-0.463515049932,U
7334,-0.128270349801,-0.543379557898,-0.221872914332,-1.02900699991,X
7335,1.2479672656,0.12885030993,-1.5591854335,0.0442225359338,R
7336,0.273832207653,0.522074012213,-0.308342079956,2.69927626674,E
7337,0.702012139939,0.711724433547,1.16333553945,0.296342565636,A
7338,-1.01616433854,-0.354133698994,0.344964062178,-0.991717145794,L
7339,1.06324882728,-1.60978016501,1.58545234186,0.266229477001,G
7340,-0.345091855756,-1.7837325519,0.99536338098,-0.133127352441,M
7341,0.58027291123,0.858169734642,-0.411593834311,0.237032769553,Y
7342,0.242251380141,-0.0145725002239,-0.546432249808,0.329856322069,A
7343,0.399690118727,1.88321678065,-0.567522295935,0.406623115363,D
7344,-0.388245285516,1.91955177908,-0.905066936826,0.678331150429,H
7345,0.533743889572,1.90674601442,0.543798074993,-1.30882802925,A
7346,-0.978300644853,-0.936582646346,0.0904091533885,-0.218279913589,O
7347,0.339442344569,-0.280249621951,-1.00701185586,-2.80808361019,N
7348,-1.67040365215,0.0766646690072,1.29803020109,-0.763384229448,G
7349,0.673709173872,1.49274874214,0.54797402281,-0.21453004323,A
7350,-0.860414392152,-1.05417317622,-0.213906071213,2.00459404389,G
7351,-0.697103088091,0.482458727851,-0.618269289508,0.46832546042,X
7352,-1.595699258,0.747178514991,0.439321734363,0.375915183795,Q
7353,0.640864163329,-0.928822634893,0.139355578476,-0.740331951841,I
7354,0.504642371483,0.0813011615781,-0.524630774609,0.122069394944,9
7355,-1.56057635517,-1.40874130154,0.544640810174,0.939580399542,S
7356,0.876947072215,0.969391778742,-1.06937456045,0.173287156582,W
7357,-0.99574766653,-0.962385194582,1.25743132987,-0.631645560594,X
7358,0.500235549767,-0.891189447424,0.463303711582,-0.39450123141,C
7359,-2.68733452364,-0.240996973166,-0.588066956412,-0.355681965761,M
7360,1.11229192519,-0.0268625158011,-0.144076658429,0.364360511234,X
7361,0.236182901499,0.113043321335,-1.38045374982,0.0287923325092,6
7362,-1.09349419073,-0.94656249728,0.149382352342,-0.190454424156,5
7363,0.676450248634,0.904576346819,0.854621267822,0.323596422009,B
7364,1.84171173892,0.439631156345,-1.26512150935,-0.7130287437,Y
7365,-1.12860527791,-0.498973014223,-0.0799628298771,0.176692485018,N
7366,0.767857131539,-0.511653489057,-2.18141435994,-0.225151027299,Q
7367,2.21922339462,-1.50715786572,0.901498948231,0.474151148398,D
7368,-0.0304388705899,0.912498133079,1.78049729509,0.437121618886,M
7369,1.03866081951,-0.390588986449,1.52163398484,1.43129877901,R
7370,-0.562847699886,0.630243211028,-0.055076707411,-2.03174199858,V
7371,-0.838190893841,1.91050059234,1.78492448135,-0.128931948702,T
7372,0.289629648945,1.53067290722,-1.67807010088,1.18281868986,E
7373,-0.458333386443,1.22967156917,-0.038086863698,0.961370489165,T
7374,0.607270919702,-1.16172766879,1.128580891,0.477947174106,K
7375,1.13675096117,-0.617244498209,-0.103224928341,1.27397470921,7
7376,-0.499357001246,0.0824176514851,0.886325430417,-0.889349932532,P
7377,-0.0530786331086,-0.431909164702,-0.819709901449,-0.184382551556,I
7378,0.554388857689,-3.41544808181,-1.00800794735,0.0956364361786,P
7379,-0.437517905883,1.41621800826,-1.22369560488,-0.983090516508,H
7380,-0.562207056126,0.26643240258,0.282217485754,-0.572416652579,4
7381,0.282379064814,0.261255125512,0.38970012658,-1.35030545437,X
7382,1.03683079029,0.417989492642,-0.203445978253,0.483798676157,K
7383,-0.468093396047,0.346607093628,-1.77374773202,0.778592939632,M
7384,0.439716272699,-0.543873067464,0.113143588946,-0.889963518532,N
7385,-1.37494706434,1.85812561095,0.670141349612,1.64345039722,Y
7386,-0.854070607979,0.0151225979044,0.606645377924,-0.924788887394,H
7387,-1.06491417838,-0.75226427386,0.635654031495,-0.847768533913,D
7388,0.328037718826,-2.20103509075,-0.640834771785,-0.762974021399,P
7389,-0.454491340371,-1.29681690578,2.02138698688,0.740482200426,0
7390,0.495932976806,-0.706393240953,0.515892204902,-1.66452889496,F
7391,1.01509811308,0.25448136615,0.284005106318,0.0846178898836,H
7392,1.11009050854,-1.07843735256,-0.415990547218,-2.49707209912,J
7393,-0.787877349072,0.0236297063864,0.7913470345,-0.153286527989,W
7394,0.0741205418627,2.94673670796,0.432237323415,-1.32222208221,A
7395,0.35342855129,-0.247717312554,0.0270991093519,-0.8727517262,9
7396,1.22420513996,0.710345339979,0.406203541908,1.36239436326,4
7397,-0.350708061042,-2.26332804205,0.280187557964,0.996977921218,S
7398,0.207885888902,1.21936259874,0.120394429028,1.4164817797,E
7399,0.321767430171,0.997814544627,-0.141008953383,-0.214223069583,V
7400,-1.34352840794,-0.396485091799,-1.63834733693,-1.00633153068,V
7401,0.0223192577748,-0.704375089347,0.789894079467,-1.78064925419,C
7402,-1.53943926339,0.535849749487,1.97650932326,1.14605246914,K
7403,1.72177032018,0.110357738361,-1.42699106961,0.302452803603,G
7404,-0.122782703232,1.0179528959,-0.485182089307,-0.757532732116,R
7405,1.43788156947,0.462308988083,0.645183803592,-0.488187632764,M
7406,0.252518543508,-0.893763986209,-1.45102014416,-0.0375714708079,Q
7407,1.42814001855,-0.307382228111,0.83523623261,0.318658934567,E
7408,-0.653512584303,-0.826898221622,0.365600388917,-0.343441776258,N
7409,0.648526065008,0.382165727931,0.837119818479,2.05771302981,Q
7410,-0.294030957524,1.86694743373,-2.42464104529,-0.594399243629,F
7411,0.546135512764,-1.1652909911,-0.0694930860228,0.839442562258,B
7412,0.0555903173585,0.460796082116,1.48077737332,-1.17394972208,M
7413,0.911487343891,0.336340804591,-0.890389890144,-0.131222395415,K
7414,-0.907505123734,-0.773818498491,0.12346139694,1.7238138304,X
7415,0.118950459723,0.898642337493,1.35942348119,-0.0251395016419,0
7416,-0.878654567323,-1.64017262638,-1.32403367272,1.13121059108,B
7417,-0.0195090687534,0.876112935533,-1.54975781181,1.65096516971,G
7418,-0.00394339077814,-0.100710552307,0.0893260410262,1.22039805412,4
7419,-0.047169296907,-0.834209871166,-1.41768037596,-0.992629006235,J
7420,1.40810880852,-1.29737317132,0.331663635673,0.227962745993,S
7421,-1.2548590158,0.379769430064,0.234047833903,-0.412161262918,U
7422,0.532226558002,-0.576430066769,0.43398252735,-1.03456633891,C
7423,-0.440185697792,-0.920559501068,-0.886908087445,-0.717393448213,S
7424,1.75584352847,0.583304752123,-0.0230017894854,-1.24022240905,Q
7425,0.326275027406,1.11890023602,2.10019897659,-0.302665366483,C
7426,0.0248800828258,-0.717322432289,1.40819580332,0.961345834295,N
7427,-2.33818700445,1.44802661918,-1.88231862791,0.0909206150754,1
7428,-2.32939753655,0.226032598024,-0.359550306075,-0.5455516848,W
7429,-0.203604287816,-0.371016242329,-0.120284759296,-1.31681269188,H
7430,1.62664704134,0.296329948808,0.314340903553,-0.0317415498562,U
7431,1.91553837462,0.902880160713,0.408402965813,0.380035754502,X
7432,-1.09537790015,-1.43646233529,-0.136635738729,-0.0764722286529,I
7433,-1.58854993692,-0.192420492975,-0.125518628071,-0.116337654564,P
7434,0.677292248175,0.0215356207764,-1.54365114036,-0.254481873178,G
7435,0.146032559378,0.956711496135,-0.116032917948,-1.11825909448,U
7436,0.162938608377,-0.176831264211,-0.517488651292,-0.0864830176844,7
7437,0.446003820737,1.42139105029,1.8642327115,-0.231943635664,B
7438,-0.766637482273,0.849321807088,-2.2714823531,0.0979413653458,8
7439,-2.21232557542,0.371240253681,0.0767079166135,0.579677915908,G
7440,0.449887859227,-0.382981989997,0.535168018616,-0.139049020421,S
7441,-0.22639148269,-0.360102264648,-0.256502694834,-0.591465556768,Y
7442,0.731659744695,-1.8953074595,-0.977830033843,0.609794571862,P
7443,0.0931606166309,-0.941322320321,0.948940099357,0.907185151192,M
7444,-0.473135155994,-0.1540750458,-1.01919773462,0.46338232721,5
7445,-0.360482350751,1.12928193,-0.520626158038,-0.583512350911,Q
7446,0.398427752894,0.931626627109,0.126570487381,-0.359562151167,A
7447,0.0564556589296,0.94288979243,0.4874905816,-0.32511113966,K
7448,0.919765871956,1.27189320756,0.325628696606,1.43833768786,0
7449,0.826459617836,-0.25257759857,-0.935144634831,1.41416706578,Y
7450,0.239816750433,0.200545908818,0.676697575328,0.3592047039,J
7451,1.00425814123,0.137819747451,0.340929542235,-0.534090208875,E
7452,-0.0229073465848,-1.52309532595,0.641033356976,-0.104280827356,A
7453,2.4553294856,-0.190568706751,0.302308755128,-0.480748487426,0
7454,-1.152558702,-1.85773366532,0.187128405436,-1.99597450275,L
7455,-1.5768358269,-1.95803125115,-0.140601892229,0.632314680729,Y
7456,0.426067806495,-0.167195260612,-1.07538196693,-1.09232824787,I
7457,-0.716211974377,1.01534940901,0.488514171093,-0.6992617504,A
7458,-1.1598671543,-0.775871164631,0.605492118368,-0.297011919996,M
7459,-0.0882782310477,-0.206925043349,0.104637765647,0.87542263029,S
7460,-0.610495420468,0.557744325186,0.931148741404,0.436779495531,2
7461,0.379393939959,-1.31754650069,0.00140961496578,0.96985594288,D
7462,0.864210601103,1.51959270512,1.2602381929,0.654337294173,W
7463,1.35042386322,0.345149395659,-0.829000624479,0.185953000235,K
7464,0.956002398058,0.566695204857,1.15097765137,-0.360039348231,U
7465,-1.01271561372,-1.02089482455,0.650649332577,-1.21644042254,G
7466,-1.08723895963,-0.949828161359,-0.645357741883,-0.859970423632,U
7467,1.61426399023,0.488728492246,2.35284924877,0.268150788043,O
7468,0.662645364559,-0.887112505745,0.476253176239,0.0604539992241,8
7469,0.00581733342224,-2.76375520888,-1.30054320118,0.542560717341,Z
7470,0.763452968026,0.438033043611,-1.23117308352,0.806291070585,Q
7471,0.0248338278421,1.11800758559,1.7370337438,-0.374937943514,I
7472,-0.355464724764,-1.07655406598,0.96589934481,0.659140527992,3
7473,-0.74518760691,-0.782876983092,-1.2584832296,-1.05593621566,B
7474,0.202093188944,-1.28208773942,-0.779934818834,1.44364991599,F
7475,0.760750512349,0.0220584686976,-0.351377425527,0.211099278376,Y
7476,0.557157571393,-1.87664885531,-1.43015225415,-1.65496850295,M
7477,1.31963869033,-0.215069650367,-0.362025126756,0.518274727985,A
7478,-2.28647075909,0.411293577858,-1.53916240694,-0.0914176934627,G
7479,-0.573243668227,-0.422649981043,1.46408364419,0.542438619748,G
7480,-0.55759050633,-0.698957716726,-0.993514769196,0.0759295578585,V
7481,1.33450280232,0.51301671119,-0.587333955623,-0.251175850978,B
7482,-1.49677491659,0.744357087817,-0.482187240495,-1.30800591706,M
7483,-1.17452662221,0.387195589984,-1.71853862967,-1.28141022865,J
7484,-0.675109833043,1.19326561206,0.997501924819,-0.521572741003,E
7485,0.157038349596,-1.61630838977,-0.903543566356,0.350487107514,P
7486,-0.130342012064,-0.80397169943,-0.113091442772,-0.381548987444,D
7487,-1.34876562152,0.714155966661,0.0434317396693,-0.05786274716,8
7488,0.760157458407,-0.318976319748,0.433242506698,-0.439731006754,H
7489,-0.526895796936,-1.08364487888,-0.161763453781,0.660052577321,D
7490,-0.461581875405,-1.05073081656,-0.426426617924,0.887175023523,4
7491,-0.222515257586,0.753492078298,-0.409288872365,-0.295382020178,S
7492,0.721114129926,1.01171595253,-0.271546139347,1.21177601187,Q
7493,1.12135600853,0.468571303309,-0.336326278748,0.0786054495786,4
7494,0.164942302327,-0.266020553863,-2.14393727282,-2.11347073409,J
7495,1.34582221279,2.363194536,-1.40556763539,2.59980012504,V
7496,0.173217293679,-0.116328659231,0.373465620635,0.381805231146,Y
7497,-0.289274079692,1.43935233765,-0.799853033499,-1.20854339236,F
7498,1.09400792323,0.049683461924,-1.44582026124,0.54020866487,H
7499,0.290745099581,0.590175351162,0.895260240084,-0.0255184294724,I
7500,-0.264040070601,-1.20405142085,0.504198843251,0.602873258819,Y
7501,2.02758398889,-0.0975764987238,-0.44568920093,1.96501777344,M
7502,1.34257307405,1.23139980051,1.72325729019,1.33221620567,0
7503,1.53604235709,1.58526435383,0.904740054914,0.972696763647,N
7504,-0.494592694128,0.00841829950128,1.51264658499,-0.114530825559,C
7505,0.796604424508,0.242222970311,-0.381732463187,-0.0061868522974,X
7506,-0.103387973006,0.690856569055,-0.217870281818,-0.399363176723,Y
7507,-1.055039179,1.26349828146,-0.294832615343,-0.131289713245,Q
7508,0.769964218459,-0.077620842945,-1.56905718062,1.75986614729,O
7509,-0.38048180046,-0.444606035908,-0.959612675019,0.375137657139,Z
7510,0.343651826068,1.65349651861,0.361989871334,1.41352143336,P
7511,-1.03716945797,0.466150540788,-0.483780259262,1.75466268238,I
7512,-1.37065976358,-0.0666614534728,0.780668543488,-0.341960144064,G
7513,-1.21895291966,-1.18545421346,-0.313376693344,0.509476841755,J
7514,0.32065739782,-2.37113525461,1.32758927225,-1.32668776082,6
7515,-0.0213784655609,-0.062101449849,0.573616579247,-0.603958067001,O
7516,0.703793274237,0.0942090900064,0.212398830103,-0.698489941514,G
7517,0.126526890866,-0.597758058424,0.772461830038,0.406615119685,E
7518,0.47291713682,-0.828901504522,-0.236531944139,1.13817993646,Q
7519,-0.903719219671,-1.37777727709,-1.8441900683,-0.472677417323,N
7520,1.02434428182,-0.450260593235,-0.683783461487,-0.661728619468,J
7521,0.127562373998,0.164954534788,0.302059134943,-0.774068740856,Y
7522,1.11430950795,0.0405451436899,-1.94560480062,-0.051612735138,Y
7523,-1.10512139069,2.33019862975,-1.632063769,-0.64205644547,6
7524,-0.638923156693,2.08778360298,-0.664266873688,1.27975890117,J
7525,0.394658235781,-1.41518093447,0.909132595548,-1.03002663758,E
7526,0.229628659311,1.2214494688,0.267325253875,1.54696487169,P
7527,-0.754185676927,-1.42834340554,1.64293143918,1.2988582937,M
7528,0.276273761718,0.759065379096,-0.779599533024,0.224756024803,X
7529,0.701377406387,0.12016209526,1.43200656513,-0.151164008576,W
7530,-0.595784982731,-1.44838128717,-1.43480865047,-1.8786321848,7
7531,0.500948697905,0.0705001032279,-0.443116787062,0.457912429478,L
7532,0.859546396113,2.78597107686,-0.532928794639,-1.13682821581,F
7533,0.711861098639,0.00273640226251,-0.400844152141,0.551365228914,I
7534,-1.44506248283,-0.611055479629,-0.322966946617,0.54738361468,Y
7535,0.954099726062,-1.25736008385,1.00890258372,-0.906557894159,O
7536,-0.833364012238,1.0406937031,1.19796801517,-1.3129231091,H
7537,-1.29261411516,0.276692468154,-1.05074080457,1.53401268267,J
7538,-1.01376004699,-0.0665722579385,-0.620853922909,0.730213584512,T
7539,-0.97616887528,-0.974598183313,-2.19737016739,1.8523709141,X
7540,-1.32972968472,1.08533137785,1.98057404207,1.17684100975,D
7541,-0.218698468277,0.0846662862322,-0.173542400081,-0.651511227568,B
7542,-1.98299142137,1.64359853045,1.46859789992,1.51674179275,P
7543,1.16488438917,0.0207641547176,-0.533329246529,-1.14503459564,2
7544,-1.49179906211,0.00756441213769,0.616604667771,-1.03741379671,D
7545,-0.996030372591,0.137300541492,1.73178153808,0.175898039776,X
7546,0.30386104738,-1.05266161509,-0.970054546841,-0.785081314528,Q
7547,-1.0013319354,0.0171807790538,1.78241016157,-1.19056781967,D
7548,-0.336102391466,-0.821629065309,-0.62618517135,0.571428907549,T
7549,0.422549798973,0.500042040825,0.513455808678,0.488155853567,L
7550,1.86787067037,1.4845820321,-1.35744289817,-2.62663711933,R
7551,2.00516672617,-0.685621936559,-1.56103048138,0.182441223881,K
7552,0.597000248932,0.22270846446,0.305167804049,-0.0805328901916,3
7553,-0.508773249441,1.02173424726,1.10864419183,0.943291270943,V
7554,-1.17902006177,0.0363309270846,1.04283678364,1.0882222048,8
7555,0.951402041644,-0.307577808863,-0.368335406758,0.251812938517,J
7556,1.21833862783,0.713224474064,-1.29350675867,-0.760256789836,X
7557,-0.637574912267,0.26430508117,-1.31830080924,-0.356750794756,Q
7558,-0.27995191575,-0.48078795117,0.570095362591,0.0642803216313,D
7559,0.0701601952182,1.67139199387,-0.799068307941,1.15237521915,A
7560,0.765127419982,1.03266114891,0.20223758582,-0.111697075821,4
7561,-0.164872077134,-0.20505213879,-1.35280785366,1.07098723558,O
7562,-0.921248785596,0.130183091856,-0.494699786632,1.20031965974,N
7563,-0.772597691428,0.971765757827,-1.17280715891,-0.629113714662,5
7564,-1.1680476192,-0.763391523445,-1.10101726786,-1.2252818223,6
7565,-0.487140834685,-1.57001419911,2.02370105914,0.942097604306,T
7566,-0.960109537535,-0.599788708126,-0.420131232746,-1.06030457269,N
7567,1.14577395971,0.271638101868,0.158536461126,-0.138008496423,H
7568,-0.193084172498,0.966615598408,-1.28847490105,-0.604217202991,I
7569,-0.32850330582,0.848667855713,-0.0465495757159,-0.34978376267,O
7570,-0.350641166323,0.682651801838,1.21311000355,-0.422607458982,N
7571,1.62355806957,-0.389625926884,2.02048547686,-0.204084789532,Y
7572,-0.281836288141,0.799263959008,-0.0336468325356,0.0417077579466,R
7573,-1.37962724985,-1.12480709842,0.0765727947042,-0.908952629489,D
7574,-0.481684847988,1.31709990956,-0.913979033311,-0.677304004251,I
7575,0.574355859415,-0.732227953104,-0.158524395444,-1.79488993722,I
7576,-0.556245520489,-0.972948130828,-0.358833604218,-0.229476947367,0
7577,-0.66214197248,-0.182813043716,0.328314602924,2.25219423183,O
7578,-0.209264365144,1.11609716094,-0.839968459552,0.4917501115,Z
7579,0.412336945722,-0.46401227835,0.112052135657,0.829024115073,F
7580,-0.292731179187,0.152551896658,0.17142074717,-1.67651412448,G
7581,-0.810217142812,1.70764467309,-0.29562259442,0.205511313282,U
7582,0.443111229087,0.546865887965,-0.815407176367,-0.814718294187,P
7583,0.421462014369,-0.836823207563,1.42580423759,0.0523787733167,V
7584,-0.761552831379,-2.15348119654,-1.24191736203,-1.00006613764,J
7585,-1.74084323204,-1.61840533097,-0.206716811748,0.0885236732286,Q
7586,0.862218665973,-1.02809105415,0.132115501033,0.920400144314,7
7587,1.15134711632,0.109755691825,-0.987296792559,0.763409498777,S
7588,-0.910334540236,-0.982107231739,0.4902264385,0.643449468038,K
7589,0.761674334864,-0.617405895191,-1.65258477842,1.8755176619,P
7590,-0.994851042536,-0.10349657939,-1.57733488725,-0.537262764861,G
7591,0.41050036481,2.35197116378,-0.97447979132,0.163615325464,X
7592,0.36384323618,-0.331078602072,0.00841093443977,-1.8089522996,L
7593,-0.726562578488,-0.26114074372,0.243103290471,0.142010741304,U
7594,-1.01093123725,1.01473905996,-0.925784490381,-0.869490578157,4
7595,0.938798717736,0.421109969898,-0.105712068891,-0.563259551723,E
7596,-0.639066820623,-1.28946905741,1.12461840654,0.608780169403,U
7597,0.853379697811,-0.51483754096,0.0973156399369,-0.29752252718,B
7598,0.94774937481,0.259260159951,0.549507330206,-2.63681423282,B
7599,1.90534954455,-0.0120548434312,2.43179146247,1.23799691129,3
7600,-0.516668359351,-1.80923618898,0.416144059504,-2.28058797373,V
7601,1.02777951126,-0.0274045926422,-0.564503030393,-0.119946714041,T
7602,1.55120387297,0.466685124976,-0.641259955201,-0.18174401076,J
7603,0.926318464366,0.927290601245,0.117345511973,0.68985159387,K
7604,-0.632273080236,0.324688408795,0.298192933386,-1.0172733559,T
7605,-0.0158740950265,0.788400793745,0.638824670639,0.372047899762,6
7606,-0.010017321895,-0.32695451286,-0.31823590213,1.04604419541,Q
7607,-0.634580292563,-0.522507979102,0.0685666156492,-0.884559531219,G
7608,2.05065268465,-1.18154915066,-0.533822033696,-2.12531292737,M
7609,-0.908868231614,-0.793014142453,-0.335109038577,0.0374922559769,E
7610,1.2241099505,0.958274145663,1.32975751534,-0.253768391221,X
7611,1.71814352165,-0.648634472817,0.1424226142,-0.403444926023,2
7612,-0.533004856114,-0.214491349788,-0.235922689724,0.9149299398,Z
7613,-1.39075910696,0.211406286469,0.590674181073,0.0832624575212,M
7614,-0.928091152254,0.70195625048,1.03917784458,-0.762259190043,O
7615,0.72867183608,-0.383445985935,-0.562925808581,0.423290394881,P
7616,0.370023897628,0.0320204251703,-1.26304989909,-0.661189728673,G
7617,-0.174517541449,-0.253561303185,1.36344112483,-0.352336950599,D
7618,-1.46212349337,-1.02408033265,0.516048048624,-0.274181111882,2
7619,0.149626247552,-1.25849281879,-3.14701156647,0.64737731324,H
7620,0.718572411262,0.122686536106,-0.264683241279,-0.0124673163138,Y
7621,-0.583261123227,1.86609585372,-1.29196176134,0.501720480034,W
7622,-0.215772191528,0.0962581533943,0.500505854044,1.26603239651,6
7623,-2.00888695665,-0.463262449711,0.235280097167,1.5763809331,R
7624,-0.389030855657,0.756333089626,-0.7271883968,-0.241930389347,B
7625,0.0947555661679,1.44339510027,0.421278686475,0.521303731115,5
7626,0.2113972845,-1.09106242295,-0.885884935981,-1.17421052926,S
7627,0.86797079808,0.0598448838376,2.11767405721,-0.275678335507,R
7628,-0.689219615703,-0.498567456429,-0.75448693175,0.249617849825,K
7629,-1.42231259979,-0.799299043152,-0.81816832882,0.175178717878,J
7630,0.12105782063,-1.39175755391,0.540613703281,0.610207516437,V
7631,0.320296932058,2.23958793722,-1.14674139894,-0.510207686705,R
7632,-0.690141911162,0.491000756184,1.05833166104,-0.00898897852961,S
7633,-0.521702563056,-2.2992284354,1.04297429809,0.0224880517746,L
7634,0.255020814038,0.547389566602,-0.590398411856,1.0408746278,Z
7635,1.17362315346,-1.47036633704,0.391081992179,2.61473306864,M
7636,0.408012033378,0.666054476474,-1.33205131558,-1.77327000572,M
7637,-0.40466508765,-1.82679566163,0.0510815643387,-0.38915532463,L
7638,1.31123318219,1.07163583275,-0.691517208418,-0.197166005505,M
7639,1.32948333693,-0.314181397961,1.1552500717,-0.310137704948,X
7640,-1.33495964376,-1.37341691193,0.0212635301145,0.902418238064,L
7641,2.26828155848,-0.00732947160686,0.394682682766,-1.67980344276,A
7642,-0.304685066971,-1.35629610351,-1.62041924033,-0.569421791226,N
7643,-0.530817561108,0.800831462137,-2.27478067246,0.170541062213,C
7644,-0.00179986983782,-3.4653558453,-0.827826077789,1.43080821594,T
7645,-0.261444375509,1.48631429918,-1.03957864586,0.719062435257,B
7646,0.62762234217,-0.46919389474,-0.101264239068,1.89167555183,5
7647,-0.329298496659,0.0717152253405,0.479169387265,-1.0790751319,W
7648,-0.742764960953,0.759029529798,-1.11810900429,0.884686955416,S
7649,0.383763774827,1.11581944114,1.33311278763,0.371440405137,M
7650,0.137338425346,-0.662399039657,1.7571400095,-0.909404566909,H
7651,-1.53960538842,-0.895458217211,-0.233274750243,2.66655612119,D
7652,0.0353039138924,-1.94248713729,1.24211758155,-0.184326342353,Z
7653,0.182066404508,0.434355323079,-0.583836351776,0.616159546221,0
7654,-1.25990105329,-1.11409988744,0.283941450122,0.797891659445,3
7655,0.988201686454,-1.16336690726,0.115797150455,-0.048534985658,X
7656,0.236979548584,-1.60238488736,1.11837989374,-0.554615854672,B
7657,0.900937660768,0.716453965152,1.81187532375,-1.33070373795,O
7658,0.727674783924,-0.938173916416,0.479873744399,0.347832185007,C
7659,0.287110072224,-0.346400077377,-1.15967566037,1.04924310759,H
7660,-1.09946636266,0.356532775254,-0.167410152699,-1.17486770267,F
7661,2.1283707566,0.678285501341,-1.13497406993,0.492645207942,T
7662,-0.839113824688,-0.00629898159072,0.822816731551,-1.68470741455,O
7663,0.883543016678,-1.08390836156,-0.0563487493394,0.571913010804,W
7664,0.394935659169,0.935667577549,0.401927372893,-0.0626312737887,D
7665,-1.23974059305,-1.06399123524,0.117355131206,0.529984300876,K
7666,-0.921698915115,2.01375842574,0.578415807888,-0.832472037503,X
7667,-0.438838985571,-1.68872582237,-0.772547963494,-1.13887365375,D
7668,0.367193623945,0.588573768007,0.63705434795,0.636911713473,4
7669,-1.39824091937,0.701901911749,-1.6039740305,-0.00191015659499,K
7670,-0.759556384559,-1.76728167174,1.90306987097,-0.191658537688,2
7671,-0.0325374154026,0.924378833659,-0.148703780094,0.321012177688,D
7672,0.209908624091,1.62333189849,-1.14475403621,0.412215898863,B
7673,-0.457389497523,-0.117801477433,-0.32397183724,0.87981619223,H
7674,0.126167352241,-0.170581518245,-0.086927529729,1.42652676089,Q
7675,1.38530572842,-1.47087255798,0.59369209983,-1.33194260542,L
7676,0.411997030112,-0.792781344662,1.11709531707,3.37295110815,D
7677,-0.794808010698,0.294574039582,-1.23511365799,-1.03851383432,8
7678,-0.400434824925,-0.0408743084732,-1.53988520595,1.30612484373,4
7679,0.0699993363635,0.856248596248,-0.599017277237,-0.766095044295,U
7680,0.480274367534,0.934570545918,-1.23317116217,-1.02728893157,6
7681,0.169191485435,-0.24147182354,-0.199200577419,-0.42158335915,O
7682,-0.274242841274,1.46520620864,0.0983658151306,-0.166066319638,V
7683,0.350213524144,0.375084339419,-1.31954575896,-0.105641098649,N
7684,0.238529004497,0.37315459461,0.75596221298,-1.68183628998,2
7685,-0.222048141486,2.13619965929,0.197332538369,-0.539230303526,F
7686,0.375308784071,1.16542736895,-1.35745312889,0.612016863226,L
7687,-0.463572516619,1.76608711618,0.455837038526,0.255511649762,R
7688,0.279987620365,0.420717170016,0.805524014081,-0.755125227341,S
7689,0.930874248303,0.0606505882541,1.62367108664,0.0860153472264,T
7690,-0.292948973947,-0.880245087659,-0.58117838012,0.654814808604,T
7691,-0.204133216404,0.333148655006,0.406851809035,-1.16939138914,X
7692,-0.242473906162,0.331982023684,0.290742328485,-0.278749501439,H
7693,0.145993094168,1.9304475604,1.72013936155,1.37752246006,Z
7694,-0.617593289332,-1.61459102215,0.016190729139,-0.604622352054,A
7695,0.922978305801,-1.29205533331,-1.35199744332,0.283805565248,F
7696,-0.928138328936,0.852961137271,0.0244439954446,2.34055255809,4
7697,-0.821975954987,0.817373988272,0.451824760042,-1.5700276798,B
7698,1.32173710851,-0.400620518794,-0.807798064685,1.01563144261,E
7699,0.711289457197,0.923190427705,-0.455170176161,1.06781436898,X
7700,-0.0473042822119,1.39417991714,2.34460962441,-0.0023966537126,C
7701,-1.68833560877,-0.34635181462,0.425520384037,-0.224832006719,M
7702,0.160532758569,-0.687899003181,-1.42119553711,-0.272782612488,Q
7703,-1.06680985591,1.25993735104,-0.206259375156,-0.970698643303,A
7704,0.745745145667,0.218009162287,-1.16438909867,0.998143664553,W
7705,-1.11369373771,1.71432477317,0.0812320103556,-0.774843957654,T
7706,0.836288834404,-0.640711544732,0.214117823982,0.672352803796,A
7707,-1.25373252201,1.75515388592,1.00968391267,0.813606878515,C
7708,0.688122013016,0.107562816071,1.26869029345,1.58572469791,V
7709,-1.0009468033,0.543779192221,1.70153691822,-0.824417749374,H
7710,0.259233095573,0.384970064867,0.623987326179,-2.26782692831,S
7711,0.681097356909,1.81924389122,0.669091092328,-1.13871377546,P
7712,0.0795039851048,-0.515797218581,0.0340167738489,0.533996611324,I
7713,0.408100718791,0.314262768717,-2.7008336357,0.8859132187,Q
7714,-1.04382757147,-0.659637977971,-0.383559155064,3.06084605348,I
7715,-0.559462647597,0.347588219136,-1.73081163024,0.51756309002,V
7716,0.980145396606,1.3943268393,-1.45622420078,0.791639097546,H
7717,-0.723501045729,2.55827129575,-0.850818278873,-0.475866884991,M
7718,0.100228489579,-0.570544048368,-0.00256505707677,-2.14829278736,E
7719,-2.00615363112,1.06267593795,0.56906021752,0.418153033207,P
7720,1.69852127828,-0.877714779877,2.72960265078,1.44346405127,K
7721,0.151382624623,-0.519385612794,0.389304096496,-0.481319320882,6
7722,0.945800588359,0.619985495344,2.09055348836,-0.437160156717,D
7723,-0.921652202904,0.748417609237,-1.99396792327,-0.438938179369,V
7724,1.93629465427,1.16277968735,-2.15459014518,0.718838726399,O
7725,1.55096996594,0.188206649625,-0.850501609279,-0.990649082908,X
7726,0.482061362676,-0.204229296934,-0.500644028219,0.319990573079,L
7727,0.223549309464,-0.195633062902,-1.18184207473,0.874798163863,O
7728,0.152340481812,-1.23936177911,-0.572878483917,2.02312146268,P
7729,0.364105113863,0.911929576062,-0.0565181763893,-0.468410058252,A
7730,-0.76629382399,-0.268946105462,0.72287957043,-0.744594427195,F
7731,0.769704932653,-1.63963520121,0.49883531679,-0.237019181977,N
7732,-2.18986993218,0.334059256748,-0.248977380577,-0.303729944929,A
7733,-1.21916745213,-0.0941635031273,-0.759448590448,-0.373387208339,3
7734,-1.33130261999,0.159015019349,0.488239986316,-0.421206185344,5
7735,5.66223950651e-05,1.47588379362,-0.493882954239,-1.34734418967,I
7736,0.427966081718,-0.46214280229,2.54893104406,-0.643161909124,S
7737,0.326544941745,-0.360347945999,-1.71274713701,-1.03105326798,F
7738,-0.85799476887,0.301968676798,-1.46687613655,0.306274571171,7
7739,-1.09745814607,0.394401226267,-1.25529302567,-0.439218073891,R
7740,0.172591073062,-0.264389854116,-1.4983040704,-0.0724826418581,Z
7741,-0.537247253004,0.98716575092,-0.415319198617,-0.91104583769,D
7742,0.736183451939,0.215746005899,-0.396431235406,-0.0117007054873,J
7743,-1.91678390826,-1.35673032742,0.109771433938,-1.22650908046,E
7744,-0.583047285811,1.13782871975,-0.592200591531,0.409020223143,J
7745,-0.377472167522,0.867823616265,0.14636073339,0.649429871836,S
7746,-0.669547665812,0.118215338219,-1.47648593903,0.535221716864,C
7747,0.94305029621,-2.48024260876,0.571788750306,-1.37133136033,J
7748,-0.556300424355,2.47179482559,0.387172042862,-0.374153804257,B
7749,1.12951868617,0.415313347837,-0.0370965086442,-0.150884904396,W
7750,-1.60041251525,0.159826095085,0.150359408882,0.0880602196173,S
7751,-0.792301914625,-0.76524690822,-1.02191016877,-2.05883831483,P
7752,0.492471995323,1.07503848839,0.85528879451,-0.0210789627351,8
7753,-1.0371043808,0.431853941696,2.73007053165,0.452413048807,A
7754,0.486590504702,0.122527086827,1.38833975452,0.014269667216,Q
7755,0.0316208497834,0.222669440668,3.02527302239,0.412352352536,R
7756,-0.516121355321,0.433223672609,-1.82153673285,0.666071365629,C
7757,-0.127360692927,-1.41909321855,0.364285103981,0.709469209782,E
7758,1.28661958577,-1.32458630079,0.498088685367,0.00187521138031,T
7759,0.941217850379,0.937460704898,0.993775149075,-1.54101090001,K
7760,0.140539288686,-0.675597555628,-0.0505261131976,-0.392512773928,M
7761,1.10081124131,-0.0718888144294,0.748639496112,0.926795818871,M
7762,0.904096042076,-0.387636017016,-1.83255018555,-0.0250052448144,D
7763,-0.723900813821,0.389482891181,2.04158480652,-0.193698755926,U
7764,-1.55629369485,-0.358824351591,0.0940718408771,-1.16363196789,J
7765,0.257939508589,-1.34435565921,-1.61586307322,0.534847399684,Z
7766,-0.955549393968,0.72161034695,0.544828820953,-0.773343863284,V
7767,0.0849826475437,0.643734355643,0.924384402933,0.820763855794,V
7768,0.339438074384,-0.512475033534,-0.140745455826,1.77211735938,R
7769,0.738018907393,-1.09093175979,0.936386888804,-0.0371964282075,E
7770,0.498951192333,-1.60979591379,0.202239168837,0.333631436537,W
7771,-1.42127543108,-0.892238364289,-1.07919052889,1.36187145509,B
7772,0.571228139723,1.10725894135,-0.489435902443,0.439029935288,X
7773,2.34310409946,-0.0528592816379,0.536494792421,-0.256877717049,S
7774,-1.64971917155,-0.588895770961,-0.542998010496,-1.42952856916,7
7775,-1.23145473495,-0.141106337919,-0.0452990875334,-2.03329026729,J
7776,2.04617613644,0.00349119312846,-0.419639438874,0.338628978631,V
7777,0.455333559288,0.586218618595,-1.65973347887,0.745404258902,X
7778,1.08503958745,-0.416365170868,-2.09440497656,-0.291052618483,F
7779,0.223690415104,1.39966068901,-1.0526317556,-1.19815587788,2
7780,0.285272152024,0.16757342445,-0.111291986358,0.310478952482,Z
7781,0.063792644617,-0.837654458103,-0.677238472193,-0.626083547637,J
7782,0.0872846336079,-0.517900176368,-1.18433247226,-1.08661011473,X
7783,0.131171319839,1.34071851793,-0.134506607695,-0.599765053446,D
7784,0.413138822462,0.297188164955,-0.674360984798,-0.868656779474,O
7785,-0.725957164077,-0.998949099333,0.592401903876,-0.818485681309,C
7786,2.01910601018,-0.870474209704,1.63956888769,-0.0186482972906,Q
7787,1.52281658748,0.863990876198,-1.08472489824,0.995037186146,W
7788,1.59949539848,0.878765691631,-0.0318207476758,-1.5411366179,U
7789,0.0325844034946,-0.830247392859,0.0935280139959,-0.88542083393,T
7790,-0.218408198958,-0.479249697084,0.269820430019,0.587702567725,E
7791,-0.811632885386,0.880449044913,-0.355220991965,1.26746285098,X
7792,-0.331629285299,0.758538821203,-1.84899196322,-1.41798317763,A
7793,0.732672048983,-0.744897874133,0.512209365425,1.41749465308,K
7794,-1.28084916124,1.2000188395,-0.946479986539,-1.23655019214,F
7795,-0.154020827453,-0.413900354315,-0.475061072166,-0.452329618785,N
7796,-0.232235333519,-0.36847173223,0.993501179895,-1.02101002345,2
7797,0.781139612664,1.34234562331,0.913417802472,1.77422225806,J
7798,1.68121039922,0.372873798085,1.31129817203,-1.13375682387,P
7799,-1.24054657395,-1.16822655788,-0.580810292768,1.07676416929,C
7800,-1.29491390531,0.331681667567,-0.085695222413,-0.380569203981,I
7801,-0.049305332823,-2.43881064713,-0.682628072115,-0.573967632167,X
7802,-0.650771376287,-0.881442495616,-1.6948258761,1.43701618875,G
7803,-0.3963280984,-0.0452369599772,-0.82059866906,0.975118263886,H
7804,1.39805690189,-0.416834817448,-0.527764816545,0.655062660925,V
7805,-0.491837526362,0.252637810754,-0.712339559884,-0.134047513446,B
7806,-0.336568550864,-2.26989907835,-1.0710227466,0.943109716272,2
7807,0.756196944988,0.732624671297,-1.37274103159,2.87887107534,4
7808,-0.269079207469,0.639092505229,1.24410594108,-2.13611141214,D
7809,-0.308117543971,1.03423229452,-0.431444965322,0.994420033434,G
7810,-0.477304770346,0.350103060467,-0.825060983305,-1.61021866996,8
7811,-0.197311266495,1.49938437912,-0.450783103794,-0.543043564902,V
7812,-1.05625253562,1.32937402811,0.133393393512,-0.675953526835,Y
7813,1.65880033704,1.2109383643,0.302966029029,-1.9723372194,N
7814,0.754500105805,-2.84593272352,1.25348652021,0.339283681809,J
7815,0.297284273164,0.420508090238,0.580422608514,0.909306175305,J
7816,-0.76321762939,-0.644610022908,0.200416889937,1.01539426888,W
7817,-0.193426879311,-0.461657552917,-0.340601033085,0.79847612844,X
7818,-0.0863577789857,0.278118692284,-0.796804928082,-0.224211991875,F
7819,-0.349744701235,0.754808662329,1.09616927863,-1.31170459798,P
7820,0.961266099257,-1.46778844208,-0.381348688075,3.41273351296,O
7821,0.673155528024,-0.895039545756,-0.887768316474,1.03686108804,G
7822,1.67472533372,1.31104788835,-2.12170769834,0.744071402699,Z
7823,-0.855255037706,-1.54022504577,-0.44504266492,-0.937946606221,W
7824,1.67778291259,0.670607667605,1.07874713842,0.26864676133,U
7825,0.951291266659,-1.04088336394,1.45237389809,0.205420588348,Q
7826,-0.683097887861,2.9216360691,-2.35528521138,-0.835637235212,L
7827,1.34426326251,-0.900980064491,0.568158456451,1.05577289501,1
7828,-1.10859803141,-0.652089420449,-0.564324183872,0.768528153968,1
7829,0.866475879819,1.01904456102,-1.3055447184,-0.511820733324,B
7830,0.0336227249884,-0.521880676982,0.35910131472,-0.119273822888,Q
7831,1.31906604769,-0.396321693019,-1.24960484384,0.121016911634,S
7832,-0.199601266224,1.00674727456,-1.41558472498,0.691379397029,E
7833,-1.02301936727,1.19496379397,0.255706928476,-0.457100512662,4
7834,0.0652278045305,-0.575107373281,0.182695662891,-0.828034532989,G
7835,-2.82599726093,-1.29774434477,1.04919134315,1.84040399386,2
7836,-0.179054955592,1.17439327596,1.73468010559,-1.91880005489,T
7837,-0.729083204046,-1.31977350694,1.5283421117,-1.09292106377,Y
7838,0.104814349187,-0.552227972234,1.35323818987,0.630351971381,V
7839,-0.255672483988,0.775342891726,0.387702137828,0.0418494551318,P
7840,-0.587911322785,0.873910372309,-0.304845920201,-1.05027521033,6
7841,-1.33426075553,0.244746876054,0.467975323645,-0.815458542903,Q
7842,0.438789581994,0.395960469908,0.579843229114,-0.738805475948,I
7843,0.000146530085908,-0.713570904478,-0.727029685305,0.207665206445,I
7844,-0.693389161461,0.133031836655,-1.81038531981,-0.206715974803,O
7845,0.312562281614,0.702847315732,0.531875411792,-0.419881861122,T
7846,-0.72994891374,0.909011091713,-0.368559501292,0.712992749964,B
7847,0.0295548609596,-0.0529727450304,0.687465466262,-1.87728427811,V
7848,1.04361055558,-0.0838950974768,-0.563813578305,-0.637313722505,M
7849,1.33212030119,0.432326957381,-1.0716308531,-0.353301446466,A
7850,0.433454205741,0.493090342954,-0.430091219215,-1.24739175022,0
7851,-0.388183036252,0.717130413588,0.104644785048,-1.34474922968,H
7852,-0.309841435596,-0.0556518391709,-0.471842937587,0.286450798247,M
7853,-0.10828356148,-1.61065829236,0.452592196848,1.94223950052,L
7854,-0.124121110466,-0.454045802778,0.0193995787656,0.700822612342,F
7855,1.11394609825,-1.85683176362,0.81443068184,1.19548157654,F
7856,-0.685256694272,0.124450265983,-0.505895355436,0.642685156877,5
7857,-0.631721617603,-0.143666478319,1.08793628245,0.219917483414,0
7858,-0.187874760576,-1.48158409815,-1.0547680998,0.20038830298,H
7859,2.41239638962,-0.338503880638,-3.23439138156,-0.688067285952,R
7860,-1.9462312239,1.37207972876,-0.221379762679,-1.12699594624,B
7861,-0.226293445835,0.0401963494412,-2.77001770957,1.11509332768,U
7862,1.00806977374,-0.423869233278,1.8897126832,0.348197686869,U
7863,0.971149249318,-1.32616582025,-0.354045936994,-0.327411143482,V
7864,1.36353051114,0.135903703892,1.46731318356,-0.127779495965,J
7865,-0.19197145977,-0.123172297399,0.510274218386,0.399055290176,P
7866,-0.751564616688,1.86823193803,0.0886936677273,0.470142846466,U
7867,-0.699964735883,-1.76355121411,1.82848889807,-0.880434405584,K
7868,0.0260083276047,0.920829784862,0.371928190593,1.21384797207,R
7869,0.680894289163,0.578016409835,-1.21484038451,1.44762363744,N
7870,1.39327052397,0.0435632544791,-1.146234218,1.17880695603,L
7871,-2.19086950852,0.44790006442,0.982867191279,-0.103476657828,8
7872,0.849065019414,-0.657636267962,-1.70064256543,-1.23527182936,3
7873,0.356928303944,0.729238575934,-1.16525974664,0.0969562541038,E
7874,-0.615839157106,-1.02152825853,-0.775866788286,-0.585817912809,F
7875,0.0941280496711,-0.637392107258,2.35679915261,-0.716469860111,L
7876,1.38850825692,-0.0234837365833,0.376429178738,1.64489617536,5
7877,0.418292759723,-0.817763260527,0.0175127262705,-1.00715977501,N
7878,-1.02322878472,-1.66426790996,1.29433373219,0.333396239157,X
7879,-0.357209186505,-0.812384920199,0.164543846545,0.395520652446,L
7880,0.243235091968,0.198340970477,0.146675326609,-0.912407950633,Z
7881,0.100768448376,-0.111568568318,0.442554649842,0.655966490529,J
7882,0.202153755435,-0.403594279834,1.08693821044,0.0571988931779,U
7883,0.682939474818,-1.25740887569,-1.03095120356,-0.695575887968,M
7884,0.224673650561,-1.28298191411,0.170885761371,-0.72666181024,O
7885,-0.81574968852,0.0416703835773,0.449463712687,-2.60614480621,Z
7886,-0.670342332976,-0.181165069273,1.51316512869,0.241033275228,E
7887,-0.421222629323,-0.506196052729,0.667947006081,-0.252557001408,O
7888,0.0356510040138,-0.0349447892103,-0.354961292903,-1.00323924187,Z
7889,-0.853609950686,-0.436814381594,-0.871246067907,-0.0162318805644,D
7890,0.720569698538,-0.12368692566,-1.70015409095,0.301859068104,T
7891,1.00600208149,-0.282086676389,2.90520202543,1.60357122905,6
7892,1.33078157887,1.25342207656,-0.876879953169,-0.939893841763,O
7893,-1.13908371589,0.521191884293,-0.693467894987,0.703674352254,2
7894,0.32237578151,0.314142765689,0.260488034437,-0.496940556074,2
7895,0.998554474257,-0.814302246659,1.04821975405,-0.0615903771574,P
7896,-0.00502519161042,-0.711575161614,-1.7320073944,-0.517527817753,W
7897,-1.57729022239,0.516398621773,1.19967266911,-0.512883724356,R
7898,-0.856402921327,0.0317180388109,-0.48867731018,-0.819806621925,C
7899,0.879164164607,-6.87039017353e-05,0.0851421932229,-0.737687908672,A
7900,-0.917820624958,0.0583672724068,-0.531512220961,-0.812805362046,G
7901,-0.759938801046,0.10565513117,0.0517595045228,1.12498746591,H
7902,-0.179007752923,0.577350578,0.638650462054,1.51324343654,S
7903,-0.792080993285,0.311284469838,-0.154407809749,-0.351270888659,I
7904,-1.33130391846,0.893180615133,-0.0818464184847,-0.294822978963,V
7905,-1.1975743343,0.568163820583,1.98516367888,0.583706200654,W
7906,-0.0910102711284,-0.72764821894,0.315931873022,-0.0314558889142,U
7907,-0.228641076424,0.00979227123029,0.409629522564,0.028353200635,6
7908,1.42908929255,-0.0297455723289,-0.140590061656,1.00768745361,A
7909,-0.851548444586,-0.260413376981,-0.407416098231,0.0683278470549,4
7910,0.451367134559,0.434449932361,0.70073558306,0.190064683453,Q
7911,1.27320362836,1.48258566991,-2.01227159324,-1.37778539264,V
7912,0.665903957171,0.656232757675,0.304479707619,0.159378844096,H
7913,0.206585239638,-1.10114726087,-0.707540897003,-0.978277029763,D
7914,0.990034482357,0.111278235777,-0.503771947105,-0.895681219964,E
7915,-0.684401120074,0.509116920103,-0.957427019668,0.130915958699,W
7916,0.034603865237,0.769922070912,0.168947506298,-1.61044278835,4
7917,2.48734717001,-0.258828717066,-0.970272174128,-0.531656068783,R
7918,0.842772347254,2.66506017346,-0.0933887692822,-1.22298581578,K
7919,0.556821533814,2.10532106684,0.408342363677,-1.06952799595,C
7920,-0.566608487663,-1.80612311106,0.00723679397273,1.14246042313,P
7921,-0.347958047771,-1.70329780095,-1.27677896747,0.016063414931,E
7922,1.68928528604,-0.243741291762,-0.0328599153251,-0.699973544707,C
7923,0.512343746976,1.10588560379,0.996068399717,1.86630341595,3
7924,-0.695322671369,-1.13816410412,0.995712525369,-0.789439880785,Y
7925,-0.494161886817,-2.27768988196,-0.0927977432127,-0.0412041183027,C
7926,0.102128255696,-0.497692506439,-1.2404019268,-1.37668191774,Q
7927,0.532616345844,-0.955477479034,0.825892603513,2.39044789991,1
7928,-1.27174117295,2.01804584008,0.124696038762,-1.1380608374,6
7929,1.16388529444,-2.19758759565,-1.19805498631,-0.422572367407,1
7930,-0.679812513384,0.274314278446,-0.178447578753,-0.426898618812,F
7931,0.933633898912,0.350503634407,-0.468304135728,1.15617294229,Y
7932,0.648978269635,-0.0959148686079,-0.0638389788879,0.0860773134828,L
7933,0.611148995312,-0.742646729166,-0.250950798954,1.6108752152,Y
7934,-0.141520498289,-0.351262783086,1.96506991024,0.297953599083,O
7935,-0.684331972915,1.01187460935,0.70650636507,-0.181270681137,S
7936,0.268776734778,0.214678354876,0.42727178463,0.521098868458,Y
7937,1.16729953082,-0.0180285216823,1.08684065028,-0.686287395778,1
7938,0.329986083788,0.299002867554,-1.50203698932,-1.86698381909,R
7939,1.02625695504,0.389163275741,-0.433496404284,0.159209973881,0
7940,1.47801112182,-0.29544722812,-0.276814207824,-0.3162505872,T
7941,-0.343394172769,-0.0835139027575,3.05334492778,-0.57314918205,Z
7942,-0.0304983004796,-0.380566259652,0.482507158938,0.00452875346031,V
7943,1.00378858999,-0.688903430455,-0.627384063578,0.704902457771,L
7944,-1.46697079336,-0.0862892733564,-1.82922699204,-0.21229006081,4
7945,-1.07101254008,-1.46101742425,1.33743575745,2.29750830376,Y
7946,-1.59475998689,-1.0956867318,-0.941550586512,-1.54025750712,Z
7947,-0.621688855453,0.613429557372,-0.756052306212,0.647458293632,S
7948,-0.891974106918,0.507887559927,-0.220682668061,0.0622325247424,8
7949,-1.18633164337,-0.45056234874,-0.546765766983,-1.05726599285,V
7950,-0.166791134618,-1.10568393926,-0.0788695450821,0.0521644667501,Q
7951,-0.188106064548,-0.248578049448,0.490971120252,1.54771167874,E
7952,-0.138187582345,1.18774063338,1.90246012098,0.953902720226,I
7953,0.104037779949,-0.113550963079,0.764308215447,-0.918112487536,V
7954,-0.0105891245446,1.30018068416,0.796238870636,0.982547428655,O
7955,-1.02515245618,0.896530652279,-2.33638014354,1.03323190369,M
7956,1.85135657271,-1.35936736304,2.39693285678,0.21464761982,E
7957,0.683998573878,0.638675296326,-0.27729610029,-0.996665031687,T
7958,0.0861463712494,-0.918117142863,-0.541719770848,0.536130968068,N
7959,0.84185677345,0.913906538505,-2.57507869955,0.794486917428,H
7960,-0.890223307632,0.58286442763,-0.999817944464,0.472839464612,M
7961,0.365284774282,1.43914146245,1.54964189908,-0.181554052833,3
7962,0.172716412222,0.202306824443,0.956202781979,-0.145276849671,U
7963,-0.830696473284,2.15207551169,1.15964228021,1.23727862354,N
7964,1.07897929966,0.0313087868678,-0.134672010112,0.438420092912,T
7965,0.505521795956,0.563120003372,0.752423766826,1.25290897961,6
7966,0.120993682064,0.416448592196,-0.643344448819,0.585661214561,V
7967,-0.686920732051,0.439469047074,0.320119462122,0.84197659869,8
7968,1.54067741422,-0.824946411537,1.04644435733,-0.890283085945,O
7969,-1.63069019177,0.467838170439,0.299393737409,-0.0865049052479,W
7970,0.633494778804,-0.186524009218,0.927626965339,0.143163919205,E
7971,0.308635854456,-0.112857308281,0.762842218963,-1.07297708256,D
7972,-1.62705067432,-0.97815141263,0.154744635774,-1.22903670661,L
7973,0.3148469838,0.0979888456607,0.199608299962,0.95519346772,A
7974,1.6669071275,0.992005251442,0.496127673055,-0.686391014806,G
7975,0.0106028383268,0.708539635302,-1.25871092114,0.226540952916,X
7976,0.11869281378,-0.714454714392,-0.50134244455,-0.254763929933,Q
7977,0.302616230947,-2.01152735667,-0.628084547049,0.768826864455,W
7978,-0.0985721257172,1.76908645538,-0.215026976047,-0.053076199659,C
7979,-0.0190579326345,1.96499405621,0.738537929544,-0.883775928618,G
7980,-0.595349058225,0.00178120547993,-1.42335533545,-1.45847723898,T
7981,1.39217049077,-1.39655962763,-1.42530626093,-0.847535140771,7
7982,-0.896028542768,-0.152287244864,1.92448322383,0.365183971059,R
7983,-2.27464172743,-0.901873739278,1.50035163127,0.996540537761,K
7984,-0.30189755765,1.01990578818,1.10216033286,2.62452608968,R
7985,-2.54838896657,-0.585373738403,1.496201467,-0.718814745545,D
7986,-0.0645879626599,0.759291883006,-1.56841485777,-0.420933037922,R
7987,-0.143365411354,-1.11175954725,-1.81558086703,0.435273612751,R
7988,-0.070412399543,-1.05592096242,0.338016708521,-0.440762523974,8
7989,0.649148000252,0.994272913069,-1.38422724628,0.485120032364,T
7990,-0.370768721563,0.404356340287,-1.05162846226,-1.05089891162,U
7991,-0.409980111625,0.155627076006,-0.81898965427,1.27735013287,7
7992,0.301213589188,-1.11120335047,0.668257684091,0.671921855703,W
7993,1.82111702878,0.416444799351,0.173874079053,0.505118430246,8
7994,0.0688036448846,1.32275858021,0.802346253327,0.223617809159,A
7995,2.31189587899,-0.41707032545,-1.40959852635,-0.515820726027,A
7996,-0.479892969973,-0.650418530998,0.745152119818,-0.646037876591,6
7997,0.523330748868,0.787112113221,0.486066142508,1.09315580825,R
7998,-0.362559431988,0.598893993038,-1.84320146381,0.887291508481,R
7999,-0.0963755510259,-1.01299883547,-0.657431480807,-0.573315211841,2
8000,0.467976300189,-0.0386485396255,-0.295344251987,-1.82472622729,7
8001,-0.358893469543,1.40445260007,0.704964644926,-0.200638304015,W
8002,-0.50184039929,0.659253707223,-0.421690619312,-0.0576883018364,C
8003,0.204886212202,1.07413396504,1.38836131252,-0.982404023494,S
8004,0.354627914484,-0.133115852296,0.283762637978,-0.837062961653,H
8005,1.81748001608,0.742272722638,0.419394843928,-2.25103520513,C
8006,-0.776764319165,0.935517747061,-0.332871759623,-1.87564085416,V
8007,-0.913134961617,1.53062351168,-0.572656719239,0.477252252981,G
8008,0.358479538224,-0.49757199147,-0.367016188009,0.507701778685,L
8009,-1.74087710829,-1.16041658062,-1.63783027929,2.17220101238,Q
8010,0.24056373835,-0.328249185208,1.25215525783,1.07279626643,Y
8011,0.764018252198,1.16547617218,-0.639544262638,1.49525751956,Y
8012,0.571034923177,-0.310537224251,0.582437274651,-0.2987651796,9
8013,2.31765810894,0.430709506296,-1.33421573445,0.199679483557,K
8014,1.54777073472,-1.11975292512,-2.27763354506,0.329585909852,N
8015,-1.31060811665,0.401719086645,-1.00098707369,1.15670834954,4
8016,-0.0884964396951,0.634711729043,0.153323985774,0.415334751149,P
8017,-0.0186628260149,-0.247487241047,-1.44652215689,0.750937748749,Y
8018,-0.0701272145463,-1.57909726069,0.120891794918,0.671431885035,O
8019,-0.194677940725,-0.492039150308,2.35960484963,0.319810396195,T
8020,-0.248617847177,0.868706587235,-0.492226143765,-0.717959381922,Y
8021,-1.09154895394,-0.867110226119,-0.647760443099,-0.832561559975,E
8022,0.641404300148,-0.138821578977,-0.621962804042,-0.284839425379,4
8023,1.21640846838,0.99268666512,0.165161778012,-0.0696186082242,9
8024,-0.564474180519,0.792832268133,0.747052842907,0.57167515791,U
8025,1.75987899507,-0.515665834496,-0.230480686323,1.36231722352,H
8026,0.126266090531,0.309281375664,0.38281996138,-0.239199054993,C
8027,1.33436047951,-0.100152166835,-0.840730552173,-0.643966598255,E
8028,-0.737620017711,0.278087463151,-0.053235240431,-0.950971590734,7
8029,-1.1484864849,-0.986292150868,-0.144963115417,0.124362404338,9
8030,1.63059449241,0.243886206002,0.468368306354,1.25804787443,Q
8031,1.04488953219,0.0807175385621,0.857885542829,-0.298381802517,V
8032,-0.262542542362,-1.61519874791,-1.08723871374,0.759029075237,A
8033,0.0201440713103,1.10779156618,-0.559435335039,-0.481925210095,I
8034,-1.20391554609,1.88534310731,-0.0804704068388,0.25064589327,R
8035,0.366914548813,-2.43008643092,-1.05344696342,0.346278884194,P
8036,0.434220473424,-0.0798625386706,-0.422976747932,-0.0742721760915,I
8037,0.0406656980213,-1.81021570262,-0.189192727269,1.22926636581,U
8038,1.33845943246,0.338489099729,-0.213446105129,2.32592341971,7
8039,0.572981073363,0.782663875351,1.30767321124,1.61995725335,U
8040,0.762428447112,-0.648528798886,1.93651473707,-1.15966561312,R
8041,-1.25204557796,-1.53853949038,1.0422813822,0.623835121823,Z
8042,-0.0475302140596,-0.494310199706,-0.165460018905,0.472929032513,A
8043,0.124547711991,0.730791450242,-0.25752685093,-1.51125664924,K
8044,0.801889237656,-0.462780621429,-1.73462083332,0.674768319362,L
8045,-0.992306666472,-1.09683007882,-2.0617943017,0.035390605957,I
8046,-0.109662774864,2.57709376617,0.91356252242,0.613594050216,E
8047,-0.541680906279,1.5100313553,0.467944825377,0.553225037837,F
8048,-0.0795865737601,-0.609923697841,0.35383422895,1.10803005914,O
8049,-0.0437516462601,-0.410666385961,-0.729599036366,0.263223371713,B
8050,-0.761490177447,1.10418191625,1.27060866366,-0.319284452382,U
8051,-0.804975073037,0.559520138339,1.05223226496,-0.645574265818,4
8052,0.35394105397,1.82996269805,0.398922026361,-1.52223131661,R
8053,1.54163640493,0.478316068959,-0.666760327343,1.36717494756,D
8054,-0.987620842341,0.337534288405,0.386934953004,1.99614391761,U
8055,-0.353462320307,-0.448433452071,-0.420520291568,0.606223206634,X
8056,-0.275687122051,0.127910363851,0.877755572144,0.141774294303,M
8057,0.448882070123,-0.0164103203039,-0.0414342913919,0.483096480304,G
8058,-0.0437649578253,-0.878445916853,1.52507535186,0.00822316479269,Y
8059,-0.0644155835746,0.080920574987,0.644715202274,0.393025120766,E
8060,0.0150183089497,-1.62030091273,0.465865552616,1.63737662602,W
8061,0.579715377177,-0.565645982402,-0.812128961966,1.53280260401,1
8062,-0.324507167079,1.85335063636,-2.26860910203,-0.355131709073,B
8063,-0.100246742541,-1.9546139579,0.132518774906,0.83692675288,L
8064,0.275725087798,0.349561138652,-0.617722975053,0.675990898106,S
8065,0.300486311556,-0.914367342324,-1.6046088239,-0.90545849944,P
8066,-0.362382393314,0.708360644964,-0.388316739311,-2.32876299592,Z
8067,0.805330955425,0.0736168178539,0.481166223853,0.632620759249,Q
8068,0.786095366054,0.0951374087988,-1.04996472851,1.82879833145,P
8069,0.20781502657,1.40727518965,-1.04479960125,0.140207499487,V
8070,1.80974963809,0.592023139186,-0.146214836643,-0.113817691749,N
8071,0.190562146781,-2.88635875932,0.514364781284,-2.2081180574,J
8072,0.844977118094,-0.164290184848,0.218672395512,0.0990115476933,N
8073,0.195035085082,-0.649590655548,2.17166386104,0.453465558806,M
8074,-0.0564333653869,1.75865043501,-0.448091017018,0.346784396043,G
8075,-0.11260915388,-2.64245701436,-0.487309941502,-0.220507107741,F
8076,-1.39531912204,0.573474013814,-0.0133236905274,-1.30707048628,3
8077,-2.08027277833,0.0974981483635,0.321489166278,0.0126076722626,Q
8078,0.88317164615,0.490426984887,-0.799299286482,-0.699668792454,S
8079,-0.138631966525,-1.41784482297,-0.199678277638,1.19929867533,F
8080,-0.961579329566,1.16624685822,-1.12495332265,0.201727835778,Q
8081,1.30145347696,1.07711713668,0.56050246064,0.859991127179,S
8082,0.0636793444679,-0.995532083484,0.879547223724,-0.0124713077028,T
8083,-0.373381111798,0.982861169257,-0.0375341446861,-1.33785580601,M
8084,1.49229222711,0.485490431128,0.129313292844,1.73356873962,E
8085,-0.908491526543,0.498234275772,-0.588843697186,-0.903956188452,O
8086,1.13713975779,0.977509103934,-0.940993915461,0.149012866744,Y
8087,-1.04983803109,2.45342509904,1.23008741443,-2.06850760711,V
8088,1.48519893861,-0.806453458123,-0.475087116613,0.936801368414,X
8089,-0.790436911077,1.8238515301,0.470826739735,0.898781975943,L
8090,2.02480808353,0.0322506496307,1.31529742078,-0.156432529592,W
8091,0.379253002685,-1.05940924098,-1.13206803173,1.22229604428,G
8092,2.40321605952,-1.79252836422,-0.917572680139,-0.88669297209,Z
8093,1.24997470755,1.49152996563,0.371475805897,-0.000464620420962,T
8094,0.501130600702,-1.8524509796,1.11035434692,0.508864733821,I
8095,1.10652128242,0.0981530997183,0.789793234562,1.19269254286,V
8096,-0.540542595454,1.78256921968,0.0519310959987,0.463867655906,M
8097,-0.101979890355,0.981720222277,1.10699018111,-1.75226932921,S
8098,0.632107381338,-0.761419236427,1.42793044112,-0.0469283588887,0
8099,1.00977860887,-0.608379336968,-1.40510505648,-1.17505405942,3
8100,-0.602747944659,-0.182503514402,-0.768163968379,1.26068635765,S
8101,-0.0391054339894,-0.0695099824413,-1.35805194008,-0.292858620366,P
8102,-0.345100573788,-0.179476870638,-0.904657664386,-0.0712867473108,Y
8103,-0.759495118894,0.225916245652,2.2358717609,-0.00448980823071,L
8104,-1.6867705196,0.742275516539,0.48587599627,1.79850711251,M
8105,0.145697316417,0.805037295613,0.350361830434,-0.540234679436,V
8106,2.48765369604,-0.147867121811,0.580688201183,-0.305696173077,O
8107,0.38016591287,-0.592483279562,0.393693377794,-0.463216602736,U
8108,0.96354902595,-1.55030192705,-0.944962257052,0.121546253521,B
8109,-0.0403846130388,-0.312648567879,-1.19660390862,1.0750431857,T
8110,0.938356628434,-0.235761104349,-0.0773603113055,1.16215015537,Q
8111,0.190303261201,-0.425472860755,0.362347382137,-0.688710660785,J
8112,0.256419161128,0.0826694187979,-2.30275824842,-0.446115220145,2
8113,0.690971664806,0.871498395659,0.948468891564,0.644683368429,9
8114,-1.15778132548,0.0936961784472,-0.765272815741,-0.724766824934,C
8115,-0.295462233706,-0.832817149695,1.49020373854,-0.420786204612,E
8116,0.132722962244,-1.25578038911,1.37000771682,1.14448991761,F
8117,-0.111380676194,0.572076202947,1.8079619052,1.09020474362,S
8118,0.178699745816,-1.60883234776,2.1746148394,-1.35173849821,0
8119,1.20218256712,0.179582552204,0.202061214889,-0.731213132128,Z
8120,-0.674446571006,-0.184702666166,0.706721251292,0.718680803788,C
8121,1.76553544644,-0.951931579911,0.320146510176,-1.15934952511,K
8122,-1.2478849863,-0.725490485007,0.541997606469,-0.126572143755,H
8123,-1.1640445457,-0.647618961239,-0.550283265919,1.16494340443,3
8124,1.81613255613,-0.393382465546,-1.21291011478,-0.317186597786,A
8125,0.499882890819,-1.18363110139,-0.638619314755,-0.785336775967,P
8126,1.22849889391,1.25347911733,-0.221459415048,-0.0654131965162,7
8127,1.01895127853,-0.423936860698,-1.72455343475,-0.823409084355,O
8128,-0.169892938696,0.301071840312,1.40996063006,-0.516055941099,I
8129,0.883067867689,0.950612783539,0.783765906001,0.776406924195,M
8130,1.03277821333,-0.0929303289895,0.600042004986,0.173515461043,7
8131,-0.249224588436,-0.0648201009871,-0.0127630546134,0.0304726487395,A
8132,0.556590447301,1.97690140411,0.130668936682,2.71966409048,N
8133,0.16107564162,-1.3149395378,-0.605192051164,-0.732212975124,7
8134,-1.84206221975,0.0109146960347,-0.0132330195161,-0.29825942451,F
8135,1.72723710088,1.67458417387,-0.988291322079,0.512445217364,M
8136,-0.190386389574,-0.184385010197,1.16329213344,-1.05989578865,V
8137,0.69311133934,0.815751494672,-2.38869472458,-0.201710174422,P
8138,-0.0621126729433,-0.00984964476467,0.658452659654,0.782909762977,C
8139,0.880939751586,-0.707391129783,-0.750939055668,-0.0423814584647,Z
8140,-0.592837623954,-0.700117210885,0.831351965158,-1.15891084185,A
8141,1.62834979618,0.404618215489,0.0863343325974,0.278913544915,U
8142,0.210544278316,-0.909438189136,0.903899753529,0.471579103734,U
8143,0.033606494896,-0.882900260313,-0.345729265059,-0.317833493034,Z
8144,-0.0755744023429,-0.616260178437,-0.342470997941,0.850522271235,P
8145,-1.26295070974,-0.167273237609,1.45780742884,-0.37563609476,H
8146,-0.289513268133,-0.927606335239,0.950207336839,1.23406721349,P
8147,1.34653227067,1.08338934179,-0.840822696227,0.525032166375,W
8148,0.698212579575,-1.2635370225,0.0345888504173,-1.08271314806,Z
8149,-0.798004160565,-1.30179455306,-1.95685241187,-1.2841200757,C
8150,0.042611218243,-0.175943187928,-1.01597727921,0.668173594623,J
8151,1.52264922941,2.29139247927,1.5064450569,-0.448051016456,4
8152,0.54911837215,-0.439673137424,0.651228776652,2.6480462772,J
8153,0.119467771322,0.224633361843,-0.462936521536,1.41015553196,U
8154,-0.323899441166,-0.115278120343,-2.24762512685,0.271304098854,W
8155,-0.569092884953,1.86005610394,-2.5526005446,-0.433538185597,E
8156,0.112111473607,-0.845797840143,1.00631020207,1.13883188261,H
8157,-0.499492134991,0.91641467488,-1.04521512609,-0.50757820342,4
8158,0.376336174588,0.764118507122,0.935520356664,-0.594284323631,N
8159,0.0435519604575,-1.13311390808,1.83995995892,1.07689076788,X
8160,0.08521566085,2.51096445751,-1.05481405994,0.673699680303,C
8161,-1.78187926997,-1.08540212875,-0.0523621760075,-1.07072106964,N
8162,0.895674400067,1.2217782908,0.354943949672,-2.72080073957,E
8163,0.178964296545,-1.24036038336,0.216703259507,-0.931038265768,X
8164,0.751110935945,-1.67754135722,-1.84529427201,0.472624179004,E
8165,-0.174065305457,0.41737570589,0.67568579441,0.976129682648,T
8166,0.469285344255,0.468042648048,0.740358197771,-3.17350880211,6
8167,-0.414343091707,-0.847569597434,0.321460576581,-2.57576740455,E
8168,0.947170681816,0.328539010454,0.194054760004,-0.530855170507,I
8169,0.280983721958,2.21810968243,0.0430190102528,0.105970933337,O
8170,1.36877536297,0.314364311301,0.237928036312,0.826479814371,U
8171,-0.556653869652,0.677243772286,-0.0487451867473,0.481484592223,P
8172,1.27535225202,-1.63660490059,-0.907082516741,-0.842150166534,2
8173,0.354484776486,0.336961106409,-0.877360547161,1.94340295455,2
8174,1.63041080339,-0.107837334831,-0.452669704243,0.511911011614,K
8175,2.13082174199,-0.513612858636,-0.589272751532,0.270246731148,8
8176,1.1330300851,-0.920498984072,-0.41147778905,-0.00125773317809,T
8177,-0.022368446588,-0.165693213389,1.48750250694,-1.5609710846,K
8178,-1.59781750388,-0.544169575971,0.565075786079,1.28817666767,D
8179,-0.641428915759,0.376689595468,-0.153789313646,-0.512960526573,G
8180,0.314357377289,-0.962541936748,-0.541512534494,-1.1561648896,Q
8181,0.0883395556165,0.814274132271,-0.304655359037,0.792676034143,V
8182,-0.241961771733,-0.629315403013,-2.21260233427,-0.374105157708,1
8183,-1.18173491365,-0.596941681158,0.2743443978,0.273126365442,7
8184,-0.216653074676,-0.736039143474,-0.695235903991,0.421187733859,O
8185,-0.210084441042,0.708076753126,1.54565512016,-1.58704505966,K
8186,-0.194803690607,-0.215578248302,0.691829450352,-0.0992752966404,R
8187,0.555034364088,-0.628948162163,-0.550886205331,-1.30358538455,3
8188,-0.00132553343873,0.234979080439,0.305587215001,1.17498471846,Z
8189,-0.505884715251,0.289074547151,-1.01753668504,0.086234836138,S
8190,0.818458302751,-0.0774239427346,-1.53559692163,-0.727323013995,N
8191,-0.739837815235,0.654747515967,0.775892880451,0.911725982352,Y
8192,-0.157668660717,0.0105765369843,-0.473290818785,-0.114977254557,J
8193,1.582072755,1.21135077234,0.277131433192,0.637144296923,N
8194,-0.704190048658,0.12787599735,1.05250272942,0.209073871078,I
8195,-0.389367804328,-0.93291366124,-0.998024963481,0.563616911143,Z
8196,-0.558272131251,-0.161774896289,-1.53806659646,0.613443319356,7
8197,-0.158497066494,1.34901324395,-0.475157789661,-1.0330587238,I
8198,0.407671432137,0.254556508037,-1.56082456407,1.12562760798,7
8199,-0.653921366863,0.0275790877175,-1.39629369836,0.913825226594,X
8200,-2.57692549898,0.338165036668,0.519442976393,-2.30330714219,R
8201,-0.842865347335,1.0821650933,-0.646397860835,-1.13500686925,W
8202,-0.494181289099,0.104939493471,0.827236857824,1.05511433215,X
8203,1.15576168508,-0.0660077704386,0.23605882151,0.309968188821,O
8204,-0.687534473898,-0.0263544937825,0.106619281446,2.47490163593,V
8205,0.649517559904,-1.17781051518,-0.954277458301,-0.339043658202,Q
8206,-0.423467777754,0.638837715089,-0.0390346575333,0.145446357589,J
8207,0.0827382882553,-0.472712215521,0.480072117744,2.01998684041,I
8208,0.268893320742,-1.48484562253,-1.63763986608,-2.3255800776,W
8209,-0.107129695053,-1.11241995795,-1.27069822508,0.848296771646,Y
8210,-1.04544077775,0.797202720191,-0.350622812646,-1.15411164074,P
8211,0.419680914033,-1.20255497117,0.374432783263,-0.556201528434,L
8212,0.203280886034,0.947044539757,0.990641967636,0.0618586714995,Y
8213,2.09212414836,0.906692467548,1.3274444574,1.09801998125,Y
8214,0.426330491605,0.77543138121,-0.540806606851,0.483395084815,X
8215,1.65203944937,-0.887319814636,-2.17453333781,1.28661777145,T
8216,1.01408518893,0.771958446614,0.391397552654,1.34960477211,O
8217,-0.268733296954,0.145778431561,1.14838487859,-0.0558591686879,W
8218,1.17460855008,0.611714412276,0.515178519961,-0.185847595552,F
8219,-2.40501866212,-0.160283329726,2.32208248639,-0.944042520795,5
8220,0.423191686836,0.0957867735118,-0.887767669303,-0.741621278186,A
8221,-1.24207952376,0.371923550534,0.16677714031,1.0104893326,5
8222,1.2934718078,1.14453036376,-1.4812669881,-0.441601572264,6
8223,-1.12685300658,-1.03722648479,-0.239714171379,1.17321878409,4
8224,-1.0622089135,1.19226182583,-0.77544757706,-1.22501175108,E
8225,-0.372656417204,-0.485827702989,0.534654941088,-1.21224456369,B
8226,-0.020036253405,-1.33303514247,2.18945039442,-0.24919015118,Q
8227,-0.577762744277,-0.389902047992,0.488137595884,0.626000837653,T
8228,-0.766540645184,0.713716560555,-1.01825632674,1.88936116726,K
8229,-1.73870003681,-0.336053519267,-0.992538495353,1.42120418055,7
8230,-0.568215850256,-1.84814384541,0.863834662405,1.32228142724,X
8231,1.32185817098,1.00887344786,0.254607528649,-1.34209930073,U
8232,-1.44311819447,0.240571274358,0.792943937286,0.0736683310364,M
8233,0.440871905275,1.12257403393,-0.755518791048,-0.716928210258,W
8234,1.51509585736,1.33547436495,-0.910115691199,0.0511775765034,B
8235,2.02357956321,1.09680739934,-1.3481784049,0.264341887714,A
8236,-0.361315167468,1.01065213956,2.55387890981,-0.0895751091802,A
8237,-0.994547758775,-0.457568170876,2.21848280827,-1.2782514738,C
8238,0.132032388144,-1.3051371475,-0.536163371291,-1.28005533132,V
8239,1.16176432633,0.818181671369,0.0151191881992,0.283321533309,J
8240,-1.03942080599,1.13451743559,-2.22579019681,0.0592040052355,F
8241,-0.867388839047,0.398072218402,2.05379725736,0.734562840374,Y
8242,1.45300175913,0.569163454607,0.198247662356,0.46520554845,E
8243,-0.0954282988118,0.428386420293,-0.405097533928,-1.39724911033,V
8244,-1.17327031236,0.159077812036,1.9276511382,-0.210691347031,Q
8245,1.04396635963,-0.104110599839,-0.249275629159,-0.0207793012098,Q
8246,0.280528850972,1.60109135858,0.561331365945,0.868630989409,C
8247,-0.659952829242,-2.30316016277,0.248001069221,0.942725735947,O
8248,0.790583884393,-0.983115534038,0.874530999569,0.809282002383,P
8249,-1.17591092941,2.15198696697,-0.0809277136982,-0.431623621004,Y
8250,-0.261109738898,-0.516069628221,1.13538791735,-0.761319800575,I
8251,0.703423839947,0.449614099105,-1.593578247,-1.15539989748,C
8252,1.11645041825,-0.274068941169,-0.0297477874901,-0.433413276523,Q
8253,-0.357308670313,-0.529398311787,0.205417525617,0.108428490163,I
8254,0.423229026993,2.08909611309,0.923674782142,1.50272651831,E
8255,0.217126083205,1.28236141456,-0.978428564074,0.263613449525,O
8256,-0.443397941574,0.676989997986,0.638588633657,-0.873794918749,S
8257,1.00534200238,0.682462254711,1.20027333585,0.193455111389,H
8258,1.37620985675,1.14804621775,-1.19493291425,-0.0246510549904,7
8259,0.745346522906,-0.886025029683,-0.437063213681,2.12474074181,1
8260,0.620059226462,-1.3714426877,0.722629755468,1.63796007884,I
8261,0.00630699376911,-1.33134152729,0.0649616494499,-0.572398251742,F
8262,-0.198477349779,0.684455814174,-0.147475221075,0.581648940506,P
8263,0.681178436604,0.283488752572,-0.20125716997,-0.837272455076,B
8264,-3.72686372556,2.15263217662,0.986711235344,-1.27395629167,M
8265,1.23296534957,-0.872075211571,1.12573394106,-1.26969198429,P
8266,1.68071777569,-0.795061674656,0.429541561971,0.907959685749,8
8267,0.0126033461146,-0.559557999613,1.17009301533,-0.755084321136,6
8268,0.478687852114,-0.923803097176,-1.62141331544,1.12210892346,S
8269,0.654912901411,0.0515714367429,2.0161479636,0.652618167303,A
8270,-0.840524554435,-0.155627932446,0.992245693988,0.818994762669,Y
8271,0.167651456358,-0.126483159859,-0.2159230909,-0.551816953755,D
8272,-1.69486905349,-0.251793821628,0.643791694262,1.05148438879,7
8273,1.15891064075,1.19204131316,-0.474725241124,-1.1885329973,4
8274,-0.359609404441,-0.742869703536,-1.43423198616,-0.412530336918,D
8275,0.527893710782,0.0840680255476,2.36852964741,-0.00302369910935,3
8276,0.388307345228,0.969655421373,-0.16239111452,-0.256349189716,K
8277,-0.270080229648,-1.25575148996,-0.356178529128,1.23140641525,I
8278,0.0820128039793,-0.523347238177,-0.29892608064,-2.25924648718,W
8279,-1.40152899868,0.293567238208,0.915068680577,-0.697823682964,8
8280,-0.34203915437,0.204837022753,0.965391319534,0.21957721666,Q
8281,1.58845583063,-0.269371964148,-0.298398891617,-0.0173215631696,E
8282,0.367102716772,-0.208086567685,-0.251701415964,-0.522192758844,S
8283,0.197511460601,-0.502179218169,-1.73685418123,1.23451645845,P
8284,1.55252757473,-1.33235367105,-0.227917886077,-0.817040668057,W
8285,0.304381622491,1.40660303091,0.373171731372,0.446836979475,U
8286,-1.40555861862,-0.701879470135,1.7938014939,-0.370494730707,7
8287,-0.290145817461,0.466116593833,1.01992419248,-0.0913182440873,O
8288,-0.0461043106532,0.873557369774,0.660301204101,0.463093389561,C
8289,-1.57701158808,-2.11928449832,1.8056211286,-0.283501178844,V
8290,0.34037236652,0.382560935847,0.000310750462007,0.452416589048,K
8291,1.61748513305,0.325101331381,-0.56004210719,0.944086448958,G
8292,0.268348057071,-0.373019728317,0.433140418073,-0.868285773218,T
8293,0.599410556722,-1.05300636777,-0.0612465004706,0.890921720842,N
8294,-1.76732355314,0.564682563134,-0.274611661673,-0.174666490025,D
8295,0.00758863980265,1.50644674792,1.90347761211,0.416104168602,A
8296,-0.109962464506,-0.92011662808,1.82319172674,-1.42793478629,7
8297,0.645940278964,0.441283164828,0.724278886156,0.72679455762,T
8298,1.18991277757,-0.453600708269,1.20712924318,-0.241784995613,G
8299,1.20958260767,0.65135204117,0.384909738967,0.560129899922,W
8300,-0.835033146253,0.186814148387,0.0994207791387,-0.540764053646,M
8301,0.923118167978,-1.34952513551,1.98628884937,1.09994393543,R
8302,-0.169421148516,1.09333515534,-0.0476520705247,-0.0857051252725,2
8303,-0.367094822957,-0.764236642365,0.525876450542,0.358030321448,V
8304,-1.1500069318,0.824940600187,-0.871590899842,0.058123757859,T
8305,1.49739986205,-0.819334159838,0.0173922939101,-0.0373138831218,Z
8306,-0.317808432798,1.23565305224,0.129119462254,-0.750614454962,H
8307,0.89532447686,1.73828940595,-0.789496165367,1.56141462002,S
8308,-2.32337594373,-0.0864840810099,-0.937811232637,0.975500070851,2
8309,0.749856964401,-1.46987067396,2.67443377359,-0.835017756629,A
8310,-0.631610955098,-0.828862135897,-0.120593931393,-1.00073677846,L
8311,-0.722216454,-0.507615853758,0.252700306067,-0.196934531941,0
8312,-1.12139973048,-0.830073503932,-1.55615056655,1.3721124891,5
8313,1.25533425487,-0.09154850985,-1.09204964199,1.43161043377,J
8314,-2.088979558,-1.03384018998,-0.175709666863,-0.0449589141002,A
8315,-0.593835822312,-0.125592399728,-0.148472855001,0.824293452333,G
8316,-0.853371415484,-1.05039203696,-1.63655218727,-0.531499124856,R
8317,0.184960336992,0.724280895102,-1.30361378129,0.0427831967716,T
8318,-0.234229356882,-2.15677620777,0.665154262535,0.652184895711,M
8319,-0.54299503992,0.391323100562,-0.623618972537,-0.638090845749,E
8320,1.03698614841,0.499677025358,1.1483637071,-0.467138973178,W
8321,0.76271339487,-0.337945754488,-0.2394130161,-0.662794634356,A
8322,0.749977252066,0.712538194104,1.00191689839,-0.996523167443,K
8323,0.171084490966,-0.255490209155,0.10204825688,-0.316482514731,Z
8324,1.93252529985,0.246312840195,-0.141026811591,-0.530162228416,1
8325,-1.05774509068,-0.974924406809,-0.138163668084,0.50749427439,O
8326,1.45092529268,-0.757698387582,-0.0953520457199,-0.783242478344,O
8327,-0.85149196031,0.531830081401,-0.000884832874349,1.09008844783,B
8328,-1.45522992648,-1.65130642134,0.176941162469,0.872048144356,S
8329,1.61492737297,-1.21321204424,-0.481253085157,-0.417013545521,N
8330,-0.0844707071002,-0.277350251414,1.45142975013,0.084764073742,W
8331,-0.5181126395,0.226027523031,-0.511796004744,-0.919189801343,F
8332,-0.972865815785,1.00420510815,0.120233141304,0.0420245997512,Z
8333,2.83389146282,-2.10126036599,-0.429481838014,-0.463515049932,V
8334,-0.128270349801,-0.543379557898,-0.221872914332,-1.02900699991,8
8335,1.2479672656,0.12885030993,-1.5591854335,0.0442225359338,T
8336,0.273832207653,0.522074012213,-0.308342079956,2.69927626674,O
8337,0.702012139939,0.711724433547,1.16333553945,0.296342565636,I
8338,-1.01616433854,-0.354133698994,0.344964062178,-0.991717145794,Z
8339,1.06324882728,-1.60978016501,1.58545234186,0.266229477001,B
8340,-0.345091855756,-1.7837325519,0.99536338098,-0.133127352441,W
8341,0.58027291123,0.858169734642,-0.411593834311,0.237032769553,4
8342,0.242251380141,-0.0145725002239,-0.546432249808,0.329856322069,Q
8343,0.399690118727,1.88321678065,-0.567522295935,0.406623115363,E
8344,-0.388245285516,1.91955177908,-0.905066936826,0.678331150429,W
8345,0.533743889572,1.90674601442,0.543798074993,-1.30882802925,T
8346,-0.978300644853,-0.936582646346,0.0904091533885,-0.218279913589,X
8347,0.339442344569,-0.280249621951,-1.00701185586,-2.80808361019,E
8348,-1.67040365215,0.0766646690072,1.29803020109,-0.763384229448,G
8349,0.673709173872,1.49274874214,0.54797402281,-0.21453004323,Y
8350,-0.860414392152,-1.05417317622,-0.213906071213,2.00459404389,K
8351,-0.697103088091,0.482458727851,-0.618269289508,0.46832546042,1
8352,-1.595699258,0.747178514991,0.439321734363,0.375915183795,L
8353,0.640864163329,-0.928822634893,0.139355578476,-0.740331951841,R
8354,0.504642371483,0.0813011615781,-0.524630774609,0.122069394944,I
8355,-1.56057635517,-1.40874130154,0.544640810174,0.939580399542,A
8356,0.876947072215,0.969391778742,-1.06937456045,0.173287156582,4
8357,-0.99574766653,-0.962385194582,1.25743132987,-0.631645560594,8
8358,0.500235549767,-0.891189447424,0.463303711582,-0.39450123141,S
8359,-2.68733452364,-0.240996973166,-0.588066956412,-0.355681965761,H
8360,1.11229192519,-0.0268625158011,-0.144076658429,0.364360511234,H
8361,0.236182901499,0.113043321335,-1.38045374982,0.0287923325092,K
8362,-1.09349419073,-0.94656249728,0.149382352342,-0.190454424156,L
8363,0.676450248634,0.904576346819,0.854621267822,0.323596422009,B
8364,1.84171173892,0.439631156345,-1.26512150935,-0.7130287437,M
8365,-1.12860527791,-0.498973014223,-0.0799628298771,0.176692485018,O
8366,0.767857131539,-0.511653489057,-2.18141435994,-0.225151027299,A
8367,2.21922339462,-1.50715786572,0.901498948231,0.474151148398,4
8368,-0.0304388705899,0.912498133079,1.78049729509,0.437121618886,W
8369,1.03866081951,-0.390588986449,1.52163398484,1.43129877901,X
8370,-0.562847699886,0.630243211028,-0.055076707411,-2.03174199858,V
8371,-0.838190893841,1.91050059234,1.78492448135,-0.128931948702,P
8372,0.289629648945,1.53067290722,-1.67807010088,1.18281868986,O
8373,-0.458333386443,1.22967156917,-0.038086863698,0.961370489165,S
8374,0.607270919702,-1.16172766879,1.128580891,0.477947174106,9
8375,1.13675096117,-0.617244498209,-0.103224928341,1.27397470921,B
8376,-0.499357001246,0.0824176514851,0.886325430417,-0.889349932532,P
8377,-0.0530786331086,-0.431909164702,-0.819709901449,-0.184382551556,E
8378,0.554388857689,-3.41544808181,-1.00800794735,0.0956364361786,S
8379,-0.437517905883,1.41621800826,-1.22369560488,-0.983090516508,F
8380,-0.562207056126,0.26643240258,0.282217485754,-0.572416652579,T
8381,0.282379064814,0.261255125512,0.38970012658,-1.35030545437,0
8382,1.03683079029,0.417989492642,-0.203445978253,0.483798676157,Y
8383,-0.468093396047,0.346607093628,-1.77374773202,0.778592939632,N
8384,0.439716272699,-0.543873067464,0.113143588946,-0.889963518532,O
8385,-1.37494706434,1.85812561095,0.670141349612,1.64345039722,B
8386,-0.854070607979,0.0151225979044,0.606645377924,-0.924788887394,V
8387,-1.06491417838,-0.75226427386,0.635654031495,-0.847768533913,K
8388,0.328037718826,-2.20103509075,-0.640834771785,-0.762974021399,J
8389,-0.454491340371,-1.29681690578,2.02138698688,0.740482200426,A
8390,0.495932976806,-0.706393240953,0.515892204902,-1.66452889496,B
8391,1.01509811308,0.25448136615,0.284005106318,0.0846178898836,Z
8392,1.11009050854,-1.07843735256,-0.415990547218,-2.49707209912,R
8393,-0.787877349072,0.0236297063864,0.7913470345,-0.153286527989,7
8394,0.0741205418627,2.94673670796,0.432237323415,-1.32222208221,F
8395,0.35342855129,-0.247717312554,0.0270991093519,-0.8727517262,K
8396,1.22420513996,0.710345339979,0.406203541908,1.36239436326,1
8397,-0.350708061042,-2.26332804205,0.280187557964,0.996977921218,E
8398,0.207885888902,1.21936259874,0.120394429028,1.4164817797,B
8399,0.321767430171,0.997814544627,-0.141008953383,-0.214223069583,S
8400,-1.34352840794,-0.396485091799,-1.63834733693,-1.00633153068,X
8401,0.0223192577748,-0.704375089347,0.789894079467,-1.78064925419,3
8402,-1.53943926339,0.535849749487,1.97650932326,1.14605246914,8
8403,1.72177032018,0.110357738361,-1.42699106961,0.302452803603,Y
8404,-0.122782703232,1.0179528959,-0.485182089307,-0.757532732116,Z
8405,1.43788156947,0.462308988083,0.645183803592,-0.488187632764,5
8406,0.252518543508,-0.893763986209,-1.45102014416,-0.0375714708079,Q
8407,1.42814001855,-0.307382228111,0.83523623261,0.318658934567,Y
8408,-0.653512584303,-0.826898221622,0.365600388917,-0.343441776258,U
8409,0.648526065008,0.382165727931,0.837119818479,2.05771302981,U
8410,-0.294030957524,1.86694743373,-2.42464104529,-0.594399243629,9
8411,0.546135512764,-1.1652909911,-0.0694930860228,0.839442562258,Q
8412,0.0555903173585,0.460796082116,1.48077737332,-1.17394972208,9
8413,0.911487343891,0.336340804591,-0.890389890144,-0.131222395415,K
8414,-0.907505123734,-0.773818498491,0.12346139694,1.7238138304,7
8415,0.118950459723,0.898642337493,1.35942348119,-0.0251395016419,U
8416,-0.878654567323,-1.64017262638,-1.32403367272,1.13121059108,C
8417,-0.0195090687534,0.876112935533,-1.54975781181,1.65096516971,I
8418,-0.00394339077814,-0.100710552307,0.0893260410262,1.22039805412,E
8419,-0.047169296907,-0.834209871166,-1.41768037596,-0.992629006235,P
8420,1.40810880852,-1.29737317132,0.331663635673,0.227962745993,A
8421,-1.2548590158,0.379769430064,0.234047833903,-0.412161262918,Q
8422,0.532226558002,-0.576430066769,0.43398252735,-1.03456633891,6
8423,-0.440185697792,-0.920559501068,-0.886908087445,-0.717393448213,B
8424,1.75584352847,0.583304752123,-0.0230017894854,-1.24022240905,A
8425,0.326275027406,1.11890023602,2.10019897659,-0.302665366483,9
8426,0.0248800828258,-0.717322432289,1.40819580332,0.961345834295,J
8427,-2.33818700445,1.44802661918,-1.88231862791,0.0909206150754,E
8428,-2.32939753655,0.226032598024,-0.359550306075,-0.5455516848,O
8429,-0.203604287816,-0.371016242329,-0.120284759296,-1.31681269188,O
8430,1.62664704134,0.296329948808,0.314340903553,-0.0317415498562,9
8431,1.91553837462,0.902880160713,0.408402965813,0.380035754502,E
8432,-1.09537790015,-1.43646233529,-0.136635738729,-0.0764722286529,3
8433,-1.58854993692,-0.192420492975,-0.125518628071,-0.116337654564,9
8434,0.677292248175,0.0215356207764,-1.54365114036,-0.254481873178,G
8435,0.146032559378,0.956711496135,-0.116032917948,-1.11825909448,R
8436,0.162938608377,-0.176831264211,-0.517488651292,-0.0864830176844,T
8437,0.446003820737,1.42139105029,1.8642327115,-0.231943635664,C
8438,-0.766637482273,0.849321807088,-2.2714823531,0.0979413653458,Q
8439,-2.21232557542,0.371240253681,0.0767079166135,0.579677915908,1
8440,0.449887859227,-0.382981989997,0.535168018616,-0.139049020421,6
8441,-0.22639148269,-0.360102264648,-0.256502694834,-0.591465556768,0
8442,0.731659744695,-1.8953074595,-0.977830033843,0.609794571862,U
8443,0.0931606166309,-0.941322320321,0.948940099357,0.907185151192,O
8444,-0.473135155994,-0.1540750458,-1.01919773462,0.46338232721,V
8445,-0.360482350751,1.12928193,-0.520626158038,-0.583512350911,X
8446,0.398427752894,0.931626627109,0.126570487381,-0.359562151167,C
8447,0.0564556589296,0.94288979243,0.4874905816,-0.32511113966,K
8448,0.919765871956,1.27189320756,0.325628696606,1.43833768786,M
8449,0.826459617836,-0.25257759857,-0.935144634831,1.41416706578,B
8450,0.239816750433,0.200545908818,0.676697575328,0.3592047039,J
8451,1.00425814123,0.137819747451,0.340929542235,-0.534090208875,S
8452,-0.0229073465848,-1.52309532595,0.641033356976,-0.104280827356,O
8453,2.4553294856,-0.190568706751,0.302308755128,-0.480748487426,X
8454,-1.152558702,-1.85773366532,0.187128405436,-1.99597450275,B
8455,-1.5768358269,-1.95803125115,-0.140601892229,0.632314680729,Q
8456,0.426067806495,-0.167195260612,-1.07538196693,-1.09232824787,Q
8457,-0.716211974377,1.01534940901,0.488514171093,-0.6992617504,4
8458,-1.1598671543,-0.775871164631,0.605492118368,-0.297011919996,D
8459,-0.0882782310477,-0.206925043349,0.104637765647,0.87542263029,2
8460,-0.610495420468,0.557744325186,0.931148741404,0.436779495531,Z
8461,0.379393939959,-1.31754650069,0.00140961496578,0.96985594288,Z
8462,0.864210601103,1.51959270512,1.2602381929,0.654337294173,T
8463,1.35042386322,0.345149395659,-0.829000624479,0.185953000235,Y
8464,0.956002398058,0.566695204857,1.15097765137,-0.360039348231,O
8465,-1.01271561372,-1.02089482455,0.650649332577,-1.21644042254,Y
8466,-1.08723895963,-0.949828161359,-0.645357741883,-0.859970423632,V
8467,1.61426399023,0.488728492246,2.35284924877,0.268150788043,W
8468,0.662645364559,-0.887112505745,0.476253176239,0.0604539992241,L
8469,0.00581733342224,-2.76375520888,-1.30054320118,0.542560717341,A
8470,0.763452968026,0.438033043611,-1.23117308352,0.806291070585,X
8471,0.0248338278421,1.11800758559,1.7370337438,-0.374937943514,I
8472,-0.355464724764,-1.07655406598,0.96589934481,0.659140527992,V
8473,-0.74518760691,-0.782876983092,-1.2584832296,-1.05593621566,J
8474,0.202093188944,-1.28208773942,-0.779934818834,1.44364991599,Z
8475,0.760750512349,0.0220584686976,-0.351377425527,0.211099278376,A
8476,0.557157571393,-1.87664885531,-1.43015225415,-1.65496850295,L
8477,1.31963869033,-0.215069650367,-0.362025126756,0.518274727985,E
8478,-2.28647075909,0.411293577858,-1.53916240694,-0.0914176934627,F
8479,-0.573243668227,-0.422649981043,1.46408364419,0.542438619748,R
8480,-0.55759050633,-0.698957716726,-0.993514769196,0.0759295578585,V
8481,1.33450280232,0.51301671119,-0.587333955623,-0.251175850978,Y
8482,-1.49677491659,0.744357087817,-0.482187240495,-1.30800591706,O
8483,-1.17452662221,0.387195589984,-1.71853862967,-1.28141022865,N
8484,-0.675109833043,1.19326561206,0.997501924819,-0.521572741003,D
8485,0.157038349596,-1.61630838977,-0.903543566356,0.350487107514,J
8486,-0.130342012064,-0.80397169943,-0.113091442772,-0.381548987444,H
8487,-1.34876562152,0.714155966661,0.0434317396693,-0.05786274716,O
8488,0.760157458407,-0.318976319748,0.433242506698,-0.439731006754,X
8489,-0.526895796936,-1.08364487888,-0.161763453781,0.660052577321,U
8490,-0.461581875405,-1.05073081656,-0.426426617924,0.887175023523,V
8491,-0.222515257586,0.753492078298,-0.409288872365,-0.295382020178,1
8492,0.721114129926,1.01171595253,-0.271546139347,1.21177601187,R
8493,1.12135600853,0.468571303309,-0.336326278748,0.0786054495786,T
8494,0.164942302327,-0.266020553863,-2.14393727282,-2.11347073409,9
8495,1.34582221279,2.363194536,-1.40556763539,2.59980012504,G
8496,0.173217293679,-0.116328659231,0.373465620635,0.381805231146,O
8497,-0.289274079692,1.43935233765,-0.799853033499,-1.20854339236,M
8498,1.09400792323,0.049683461924,-1.44582026124,0.54020866487,5
8499,0.290745099581,0.590175351162,0.895260240084,-0.0255184294724,P
8500,-0.264040070601,-1.20405142085,0.504198843251,0.602873258819,H
8501,2.02758398889,-0.0975764987238,-0.44568920093,1.96501777344,J
8502,1.34257307405,1.23139980051,1.72325729019,1.33221620567,M
8503,1.53604235709,1.58526435383,0.904740054914,0.972696763647,7
8504,-0.494592694128,0.00841829950128,1.51264658499,-0.114530825559,N
8505,0.796604424508,0.242222970311,-0.381732463187,-0.0061868522974,6
8506,-0.103387973006,0.690856569055,-0.217870281818,-0.399363176723,J
8507,-1.055039179,1.26349828146,-0.294832615343,-0.131289713245,L
8508,0.769964218459,-0.077620842945,-1.56905718062,1.75986614729,M
8509,-0.38048180046,-0.444606035908,-0.959612675019,0.375137657139,K
8510,0.343651826068,1.65349651861,0.361989871334,1.41352143336,H
8511,-1.03716945797,0.466150540788,-0.483780259262,1.75466268238,G
8512,-1.37065976358,-0.0666614534728,0.780668543488,-0.341960144064,E
8513,-1.21895291966,-1.18545421346,-0.313376693344,0.509476841755,D
8514,0.32065739782,-2.37113525461,1.32758927225,-1.32668776082,K
8515,-0.0213784655609,-0.062101449849,0.573616579247,-0.603958067001,S
8516,0.703793274237,0.0942090900064,0.212398830103,-0.698489941514,K
8517,0.126526890866,-0.597758058424,0.772461830038,0.406615119685,S
8518,0.47291713682,-0.828901504522,-0.236531944139,1.13817993646,1
8519,-0.903719219671,-1.37777727709,-1.8441900683,-0.472677417323,4
8520,1.02434428182,-0.450260593235,-0.683783461487,-0.661728619468,L
8521,0.127562373998,0.164954534788,0.302059134943,-0.774068740856,S
8522,1.11430950795,0.0405451436899,-1.94560480062,-0.051612735138,4
8523,-1.10512139069,2.33019862975,-1.632063769,-0.64205644547,M
8524,-0.638923156693,2.08778360298,-0.664266873688,1.27975890117,B
8525,0.394658235781,-1.41518093447,0.909132595548,-1.03002663758,Y
8526,0.229628659311,1.2214494688,0.267325253875,1.54696487169,B
8527,-0.754185676927,-1.42834340554,1.64293143918,1.2988582937,T
8528,0.276273761718,0.759065379096,-0.779599533024,0.224756024803,4
8529,0.701377406387,0.12016209526,1.43200656513,-0.151164008576,M
8530,-0.595784982731,-1.44838128717,-1.43480865047,-1.8786321848,3
8531,0.500948697905,0.0705001032279,-0.443116787062,0.457912429478,U
8532,0.859546396113,2.78597107686,-0.532928794639,-1.13682821581,Z
8533,0.711861098639,0.00273640226251,-0.400844152141,0.551365228914,T
8534,-1.44506248283,-0.611055479629,-0.322966946617,0.54738361468,8
8535,0.954099726062,-1.25736008385,1.00890258372,-0.906557894159,1
8536,-0.833364012238,1.0406937031,1.19796801517,-1.3129231091,Q
8537,-1.29261411516,0.276692468154,-1.05074080457,1.53401268267,1
8538,-1.01376004699,-0.0665722579385,-0.620853922909,0.730213584512,0
8539,-0.97616887528,-0.974598183313,-2.19737016739,1.8523709141,R
8540,-1.32972968472,1.08533137785,1.98057404207,1.17684100975,P
8541,-0.218698468277,0.0846662862322,-0.173542400081,-0.651511227568,U
8542,-1.98299142137,1.64359853045,1.46859789992,1.51674179275,O
8543,1.16488438917,0.0207641547176,-0.533329246529,-1.14503459564,S
8544,-1.49179906211,0.00756441213769,0.616604667771,-1.03741379671,S
8545,-0.996030372591,0.137300541492,1.73178153808,0.175898039776,L
8546,0.30386104738,-1.05266161509,-0.970054546841,-0.785081314528,4
8547,-1.0013319354,0.0171807790538,1.78241016157,-1.19056781967,C
8548,-0.336102391466,-0.821629065309,-0.62618517135,0.571428907549,0
8549,0.422549798973,0.500042040825,0.513455808678,0.488155853567,M
8550,1.86787067037,1.4845820321,-1.35744289817,-2.62663711933,J
8551,2.00516672617,-0.685621936559,-1.56103048138,0.182441223881,3
8552,0.597000248932,0.22270846446,0.305167804049,-0.0805328901916,S
8553,-0.508773249441,1.02173424726,1.10864419183,0.943291270943,H
8554,-1.17902006177,0.0363309270846,1.04283678364,1.0882222048,K
8555,0.951402041644,-0.307577808863,-0.368335406758,0.251812938517,T
8556,1.21833862783,0.713224474064,-1.29350675867,-0.760256789836,A
8557,-0.637574912267,0.26430508117,-1.31830080924,-0.356750794756,H
8558,-0.27995191575,-0.48078795117,0.570095362591,0.0642803216313,3
8559,0.0701601952182,1.67139199387,-0.799068307941,1.15237521915,F
8560,0.765127419982,1.03266114891,0.20223758582,-0.111697075821,F
8561,-0.164872077134,-0.20505213879,-1.35280785366,1.07098723558,T
8562,-0.921248785596,0.130183091856,-0.494699786632,1.20031965974,U
8563,-0.772597691428,0.971765757827,-1.17280715891,-0.629113714662,L
8564,-1.1680476192,-0.763391523445,-1.10101726786,-1.2252818223,H
8565,-0.487140834685,-1.57001419911,2.02370105914,0.942097604306,N
8566,-0.960109537535,-0.599788708126,-0.420131232746,-1.06030457269,N
8567,1.14577395971,0.271638101868,0.158536461126,-0.138008496423,U
8568,-0.193084172498,0.966615598408,-1.28847490105,-0.604217202991,P
8569,-0.32850330582,0.848667855713,-0.0465495757159,-0.34978376267,D
8570,-0.350641166323,0.682651801838,1.21311000355,-0.422607458982,X
8571,1.62355806957,-0.389625926884,2.02048547686,-0.204084789532,M
8572,-0.281836288141,0.799263959008,-0.0336468325356,0.0417077579466,R
8573,-1.37962724985,-1.12480709842,0.0765727947042,-0.908952629489,V
8574,-0.481684847988,1.31709990956,-0.913979033311,-0.677304004251,P
8575,0.574355859415,-0.732227953104,-0.158524395444,-1.79488993722,U
8576,-0.556245520489,-0.972948130828,-0.358833604218,-0.229476947367,E
8577,-0.66214197248,-0.182813043716,0.328314602924,2.25219423183,K
8578,-0.209264365144,1.11609716094,-0.839968459552,0.4917501115,E
8579,0.412336945722,-0.46401227835,0.112052135657,0.829024115073,4
8580,-0.292731179187,0.152551896658,0.17142074717,-1.67651412448,V
8581,-0.810217142812,1.70764467309,-0.29562259442,0.205511313282,L
8582,0.443111229087,0.546865887965,-0.815407176367,-0.814718294187,2
8583,0.421462014369,-0.836823207563,1.42580423759,0.0523787733167,T
8584,-0.761552831379,-2.15348119654,-1.24191736203,-1.00006613764,C
8585,-1.74084323204,-1.61840533097,-0.206716811748,0.0885236732286,U
8586,0.862218665973,-1.02809105415,0.132115501033,0.920400144314,D
8587,1.15134711632,0.109755691825,-0.987296792559,0.763409498777,S
8588,-0.910334540236,-0.982107231739,0.4902264385,0.643449468038,2
8589,0.761674334864,-0.617405895191,-1.65258477842,1.8755176619,G
8590,-0.994851042536,-0.10349657939,-1.57733488725,-0.537262764861,N
8591,0.41050036481,2.35197116378,-0.97447979132,0.163615325464,O
8592,0.36384323618,-0.331078602072,0.00841093443977,-1.8089522996,8
8593,-0.726562578488,-0.26114074372,0.243103290471,0.142010741304,R
8594,-1.01093123725,1.01473905996,-0.925784490381,-0.869490578157,D
8595,0.938798717736,0.421109969898,-0.105712068891,-0.563259551723,B
8596,-0.639066820623,-1.28946905741,1.12461840654,0.608780169403,L
8597,0.853379697811,-0.51483754096,0.0973156399369,-0.29752252718,W
8598,0.94774937481,0.259260159951,0.549507330206,-2.63681423282,3
8599,1.90534954455,-0.0120548434312,2.43179146247,1.23799691129,J
8600,-0.516668359351,-1.80923618898,0.416144059504,-2.28058797373,W
8601,1.02777951126,-0.0274045926422,-0.564503030393,-0.119946714041,N
8602,1.55120387297,0.466685124976,-0.641259955201,-0.18174401076,H
8603,0.926318464366,0.927290601245,0.117345511973,0.68985159387,R
8604,-0.632273080236,0.324688408795,0.298192933386,-1.0172733559,Y
8605,-0.0158740950265,0.788400793745,0.638824670639,0.372047899762,S
8606,-0.010017321895,-0.32695451286,-0.31823590213,1.04604419541,V
8607,-0.634580292563,-0.522507979102,0.0685666156492,-0.884559531219,V
8608,2.05065268465,-1.18154915066,-0.533822033696,-2.12531292737,I
8609,-0.908868231614,-0.793014142453,-0.335109038577,0.0374922559769,Q
8610,1.2241099505,0.958274145663,1.32975751534,-0.253768391221,A
8611,1.71814352165,-0.648634472817,0.1424226142,-0.403444926023,M
8612,-0.533004856114,-0.214491349788,-0.235922689724,0.9149299398,X
8613,-1.39075910696,0.211406286469,0.590674181073,0.0832624575212,O
8614,-0.928091152254,0.70195625048,1.03917784458,-0.762259190043,2
8615,0.72867183608,-0.383445985935,-0.562925808581,0.423290394881,I
8616,0.370023897628,0.0320204251703,-1.26304989909,-0.661189728673,8
8617,-0.174517541449,-0.253561303185,1.36344112483,-0.352336950599,Z
8618,-1.46212349337,-1.02408033265,0.516048048624,-0.274181111882,4
8619,0.149626247552,-1.25849281879,-3.14701156647,0.64737731324,M
8620,0.718572411262,0.122686536106,-0.264683241279,-0.0124673163138,I
8621,-0.583261123227,1.86609585372,-1.29196176134,0.501720480034,Q
8622,-0.215772191528,0.0962581533943,0.500505854044,1.26603239651,9
8623,-2.00888695665,-0.463262449711,0.235280097167,1.5763809331,S
8624,-0.389030855657,0.756333089626,-0.7271883968,-0.241930389347,W
8625,0.0947555661679,1.44339510027,0.421278686475,0.521303731115,V
8626,0.2113972845,-1.09106242295,-0.885884935981,-1.17421052926,D
8627,0.86797079808,0.0598448838376,2.11767405721,-0.275678335507,T
8628,-0.689219615703,-0.498567456429,-0.75448693175,0.249617849825,V
8629,-1.42231259979,-0.799299043152,-0.81816832882,0.175178717878,D
8630,0.12105782063,-1.39175755391,0.540613703281,0.610207516437,N
8631,0.320296932058,2.23958793722,-1.14674139894,-0.510207686705,F
8632,-0.690141911162,0.491000756184,1.05833166104,-0.00898897852961,R
8633,-0.521702563056,-2.2992284354,1.04297429809,0.0224880517746,4
8634,0.255020814038,0.547389566602,-0.590398411856,1.0408746278,E
8635,1.17362315346,-1.47036633704,0.391081992179,2.61473306864,Y
8636,0.408012033378,0.666054476474,-1.33205131558,-1.77327000572,6
8637,-0.40466508765,-1.82679566163,0.0510815643387,-0.38915532463,V
8638,1.31123318219,1.07163583275,-0.691517208418,-0.197166005505,T
8639,1.32948333693,-0.314181397961,1.1552500717,-0.310137704948,A
8640,-1.33495964376,-1.37341691193,0.0212635301145,0.902418238064,W
8641,2.26828155848,-0.00732947160686,0.394682682766,-1.67980344276,3
8642,-0.304685066971,-1.35629610351,-1.62041924033,-0.569421791226,O
8643,-0.530817561108,0.800831462137,-2.27478067246,0.170541062213,P
8644,-0.00179986983782,-3.4653558453,-0.827826077789,1.43080821594,R
8645,-0.261444375509,1.48631429918,-1.03957864586,0.719062435257,9
8646,0.62762234217,-0.46919389474,-0.101264239068,1.89167555183,Q
8647,-0.329298496659,0.0717152253405,0.479169387265,-1.0790751319,J
8648,-0.742764960953,0.759029529798,-1.11810900429,0.884686955416,V
8649,0.383763774827,1.11581944114,1.33311278763,0.371440405137,H
8650,0.137338425346,-0.662399039657,1.7571400095,-0.909404566909,A
8651,-1.53960538842,-0.895458217211,-0.233274750243,2.66655612119,R
8652,0.0353039138924,-1.94248713729,1.24211758155,-0.184326342353,P
8653,0.182066404508,0.434355323079,-0.583836351776,0.616159546221,O
8654,-1.25990105329,-1.11409988744,0.283941450122,0.797891659445,M
8655,0.988201686454,-1.16336690726,0.115797150455,-0.048534985658,P
8656,0.236979548584,-1.60238488736,1.11837989374,-0.554615854672,X
8657,0.900937660768,0.716453965152,1.81187532375,-1.33070373795,4
8658,0.727674783924,-0.938173916416,0.479873744399,0.347832185007,3
8659,0.287110072224,-0.346400077377,-1.15967566037,1.04924310759,P
8660,-1.09946636266,0.356532775254,-0.167410152699,-1.17486770267,M
8661,2.1283707566,0.678285501341,-1.13497406993,0.492645207942,U
8662,-0.839113824688,-0.00629898159072,0.822816731551,-1.68470741455,K
8663,0.883543016678,-1.08390836156,-0.0563487493394,0.571913010804,U
8664,0.394935659169,0.935667577549,0.401927372893,-0.0626312737887,4
8665,-1.23974059305,-1.06399123524,0.117355131206,0.529984300876,T
8666,-0.921698915115,2.01375842574,0.578415807888,-0.832472037503,0
8667,-0.438838985571,-1.68872582237,-0.772547963494,-1.13887365375,R
8668,0.367193623945,0.588573768007,0.63705434795,0.636911713473,K
8669,-1.39824091937,0.701901911749,-1.6039740305,-0.00191015659499,P
8670,-0.759556384559,-1.76728167174,1.90306987097,-0.191658537688,S
8671,-0.0325374154026,0.924378833659,-0.148703780094,0.321012177688,Y
8672,0.209908624091,1.62333189849,-1.14475403621,0.412215898863,6
8673,-0.457389497523,-0.117801477433,-0.32397183724,0.87981619223,V
8674,0.126167352241,-0.170581518245,-0.086927529729,1.42652676089,L
8675,1.38530572842,-1.47087255798,0.59369209983,-1.33194260542,R
8676,0.411997030112,-0.792781344662,1.11709531707,3.37295110815,V
8677,-0.794808010698,0.294574039582,-1.23511365799,-1.03851383432,S
8678,-0.400434824925,-0.0408743084732,-1.53988520595,1.30612484373,Z
8679,0.0699993363635,0.856248596248,-0.599017277237,-0.766095044295,T
8680,0.480274367534,0.934570545918,-1.23317116217,-1.02728893157,V
8681,0.169191485435,-0.24147182354,-0.199200577419,-0.42158335915,I
8682,-0.274242841274,1.46520620864,0.0983658151306,-0.166066319638,U
8683,0.350213524144,0.375084339419,-1.31954575896,-0.105641098649,X
8684,0.238529004497,0.37315459461,0.75596221298,-1.68183628998,K
8685,-0.222048141486,2.13619965929,0.197332538369,-0.539230303526,Z
8686,0.375308784071,1.16542736895,-1.35745312889,0.612016863226,U
8687,-0.463572516619,1.76608711618,0.455837038526,0.255511649762,X
8688,0.279987620365,0.420717170016,0.805524014081,-0.755125227341,U
8689,0.930874248303,0.0606505882541,1.62367108664,0.0860153472264,W
8690,-0.292948973947,-0.880245087659,-0.58117838012,0.654814808604,X
8691,-0.204133216404,0.333148655006,0.406851809035,-1.16939138914,O
8692,-0.242473906162,0.331982023684,0.290742328485,-0.278749501439,D
8693,0.145993094168,1.9304475604,1.72013936155,1.37752246006,E
8694,-0.617593289332,-1.61459102215,0.016190729139,-0.604622352054,F
8695,0.922978305801,-1.29205533331,-1.35199744332,0.283805565248,N
8696,-0.928138328936,0.852961137271,0.0244439954446,2.34055255809,N
8697,-0.821975954987,0.817373988272,0.451824760042,-1.5700276798,A
8698,1.32173710851,-0.400620518794,-0.807798064685,1.01563144261,X
8699,0.711289457197,0.923190427705,-0.455170176161,1.06781436898,L
8700,-0.0473042822119,1.39417991714,2.34460962441,-0.0023966537126,K
8701,-1.68833560877,-0.34635181462,0.425520384037,-0.224832006719,Z
8702,0.160532758569,-0.687899003181,-1.42119553711,-0.272782612488,J
8703,-1.06680985591,1.25993735104,-0.206259375156,-0.970698643303,E
8704,0.745745145667,0.218009162287,-1.16438909867,0.998143664553,J
8705,-1.11369373771,1.71432477317,0.0812320103556,-0.774843957654,3
8706,0.836288834404,-0.640711544732,0.214117823982,0.672352803796,9
8707,-1.25373252201,1.75515388592,1.00968391267,0.813606878515,C
8708,0.688122013016,0.107562816071,1.26869029345,1.58572469791,J
8709,-1.0009468033,0.543779192221,1.70153691822,-0.824417749374,P
8710,0.259233095573,0.384970064867,0.623987326179,-2.26782692831,D
8711,0.681097356909,1.81924389122,0.669091092328,-1.13871377546,A
8712,0.0795039851048,-0.515797218581,0.0340167738489,0.533996611324,W
8713,0.408100718791,0.314262768717,-2.7008336357,0.8859132187,1
8714,-1.04382757147,-0.659637977971,-0.383559155064,3.06084605348,U
8715,-0.559462647597,0.347588219136,-1.73081163024,0.51756309002,E
8716,0.980145396606,1.3943268393,-1.45622420078,0.791639097546,Y
8717,-0.723501045729,2.55827129575,-0.850818278873,-0.475866884991,I
8718,0.100228489579,-0.570544048368,-0.00256505707677,-2.14829278736,K
8719,-2.00615363112,1.06267593795,0.56906021752,0.418153033207,A
8720,1.69852127828,-0.877714779877,2.72960265078,1.44346405127,F
8721,0.151382624623,-0.519385612794,0.389304096496,-0.481319320882,J
8722,0.945800588359,0.619985495344,2.09055348836,-0.437160156717,H
8723,-0.921652202904,0.748417609237,-1.99396792327,-0.438938179369,T
8724,1.93629465427,1.16277968735,-2.15459014518,0.718838726399,V
8725,1.55096996594,0.188206649625,-0.850501609279,-0.990649082908,L
8726,0.482061362676,-0.204229296934,-0.500644028219,0.319990573079,D
8727,0.223549309464,-0.195633062902,-1.18184207473,0.874798163863,G
8728,0.152340481812,-1.23936177911,-0.572878483917,2.02312146268,8
8729,0.364105113863,0.911929576062,-0.0565181763893,-0.468410058252,M
8730,-0.76629382399,-0.268946105462,0.72287957043,-0.744594427195,X
8731,0.769704932653,-1.63963520121,0.49883531679,-0.237019181977,U
8732,-2.18986993218,0.334059256748,-0.248977380577,-0.303729944929,0
8733,-1.21916745213,-0.0941635031273,-0.759448590448,-0.373387208339,N
8734,-1.33130261999,0.159015019349,0.488239986316,-0.421206185344,Z
8735,5.66223950651e-05,1.47588379362,-0.493882954239,-1.34734418967,5
8736,0.427966081718,-0.46214280229,2.54893104406,-0.643161909124,C
8737,0.326544941745,-0.360347945999,-1.71274713701,-1.03105326798,B
8738,-0.85799476887,0.301968676798,-1.46687613655,0.306274571171,W
8739,-1.09745814607,0.394401226267,-1.25529302567,-0.439218073891,S
8740,0.172591073062,-0.264389854116,-1.4983040704,-0.0724826418581,S
8741,-0.537247253004,0.98716575092,-0.415319198617,-0.91104583769,Q
8742,0.736183451939,0.215746005899,-0.396431235406,-0.0117007054873,D
8743,-1.91678390826,-1.35673032742,0.109771433938,-1.22650908046,F
8744,-0.583047285811,1.13782871975,-0.592200591531,0.409020223143,J
8745,-0.377472167522,0.867823616265,0.14636073339,0.649429871836,C
8746,-0.669547665812,0.118215338219,-1.47648593903,0.535221716864,B
8747,0.94305029621,-2.48024260876,0.571788750306,-1.37133136033,H
8748,-0.556300424355,2.47179482559,0.387172042862,-0.374153804257,K
8749,1.12951868617,0.415313347837,-0.0370965086442,-0.150884904396,U
8750,-1.60041251525,0.159826095085,0.150359408882,0.0880602196173,F
8751,-0.792301914625,-0.76524690822,-1.02191016877,-2.05883831483,M
8752,0.492471995323,1.07503848839,0.85528879451,-0.0210789627351,A
8753,-1.0371043808,0.431853941696,2.73007053165,0.452413048807,2
8754,0.486590504702,0.122527086827,1.38833975452,0.014269667216,I
8755,0.0316208497834,0.222669440668,3.02527302239,0.412352352536,F
8756,-0.516121355321,0.433223672609,-1.82153673285,0.666071365629,E
8757,-0.127360692927,-1.41909321855,0.364285103981,0.709469209782,U
8758,1.28661958577,-1.32458630079,0.498088685367,0.00187521138031,B
8759,0.941217850379,0.937460704898,0.993775149075,-1.54101090001,G
8760,0.140539288686,-0.675597555628,-0.0505261131976,-0.392512773928,X
8761,1.10081124131,-0.0718888144294,0.748639496112,0.926795818871,I
8762,0.904096042076,-0.387636017016,-1.83255018555,-0.0250052448144,T
8763,-0.723900813821,0.389482891181,2.04158480652,-0.193698755926,5
8764,-1.55629369485,-0.358824351591,0.0940718408771,-1.16363196789,A
8765,0.257939508589,-1.34435565921,-1.61586307322,0.534847399684,J
8766,-0.955549393968,0.72161034695,0.544828820953,-0.773343863284,K
8767,0.0849826475437,0.643734355643,0.924384402933,0.820763855794,O
8768,0.339438074384,-0.512475033534,-0.140745455826,1.77211735938,B
8769,0.738018907393,-1.09093175979,0.936386888804,-0.0371964282075,S
8770,0.498951192333,-1.60979591379,0.202239168837,0.333631436537,9
8771,-1.42127543108,-0.892238364289,-1.07919052889,1.36187145509,U
8772,0.571228139723,1.10725894135,-0.489435902443,0.439029935288,Y
8773,2.34310409946,-0.0528592816379,0.536494792421,-0.256877717049,D
8774,-1.64971917155,-0.588895770961,-0.542998010496,-1.42952856916,G
8775,-1.23145473495,-0.141106337919,-0.0452990875334,-2.03329026729,V
8776,2.04617613644,0.00349119312846,-0.419639438874,0.338628978631,6
8777,0.455333559288,0.586218618595,-1.65973347887,0.745404258902,B
8778,1.08503958745,-0.416365170868,-2.09440497656,-0.291052618483,8
8779,0.223690415104,1.39966068901,-1.0526317556,-1.19815587788,A
8780,0.285272152024,0.16757342445,-0.111291986358,0.310478952482,9
8781,0.063792644617,-0.837654458103,-0.677238472193,-0.626083547637,Y
8782,0.0872846336079,-0.517900176368,-1.18433247226,-1.08661011473,R
8783,0.131171319839,1.34071851793,-0.134506607695,-0.599765053446,F
8784,0.413138822462,0.297188164955,-0.674360984798,-0.868656779474,I
8785,-0.725957164077,-0.998949099333,0.592401903876,-0.818485681309,H
8786,2.01910601018,-0.870474209704,1.63956888769,-0.0186482972906,X
8787,1.52281658748,0.863990876198,-1.08472489824,0.995037186146,W
8788,1.59949539848,0.878765691631,-0.0318207476758,-1.5411366179,D
8789,0.0325844034946,-0.830247392859,0.0935280139959,-0.88542083393,M
8790,-0.218408198958,-0.479249697084,0.269820430019,0.587702567725,B
8791,-0.811632885386,0.880449044913,-0.355220991965,1.26746285098,0
8792,-0.331629285299,0.758538821203,-1.84899196322,-1.41798317763,C
8793,0.732672048983,-0.744897874133,0.512209365425,1.41749465308,L
8794,-1.28084916124,1.2000188395,-0.946479986539,-1.23655019214,O
8795,-0.154020827453,-0.413900354315,-0.475061072166,-0.452329618785,7
8796,-0.232235333519,-0.36847173223,0.993501179895,-1.02101002345,L
8797,0.781139612664,1.34234562331,0.913417802472,1.77422225806,1
8798,1.68121039922,0.372873798085,1.31129817203,-1.13375682387,K
8799,-1.24054657395,-1.16822655788,-0.580810292768,1.07676416929,I
8800,-1.29491390531,0.331681667567,-0.085695222413,-0.380569203981,K
8801,-0.049305332823,-2.43881064713,-0.682628072115,-0.573967632167,C
8802,-0.650771376287,-0.881442495616,-1.6948258761,1.43701618875,U
8803,-0.3963280984,-0.0452369599772,-0.82059866906,0.975118263886,H
8804,1.39805690189,-0.416834817448,-0.527764816545,0.655062660925,S
8805,-0.491837526362,0.252637810754,-0.712339559884,-0.134047513446,6
8806,-0.336568550864,-2.26989907835,-1.0710227466,0.943109716272,H
8807,0.756196944988,0.732624671297,-1.37274103159,2.87887107534,A
8808,-0.269079207469,0.639092505229,1.24410594108,-2.13611141214,H
8809,-0.308117543971,1.03423229452,-0.431444965322,0.994420033434,2
8810,-0.477304770346,0.350103060467,-0.825060983305,-1.61021866996,H
8811,-0.197311266495,1.49938437912,-0.450783103794,-0.543043564902,G
8812,-1.05625253562,1.32937402811,0.133393393512,-0.675953526835,D
8813,1.65880033704,1.2109383643,0.302966029029,-1.9723372194,K
8814,0.754500105805,-2.84593272352,1.25348652021,0.339283681809,U
8815,0.297284273164,0.420508090238,0.580422608514,0.909306175305,N
8816,-0.76321762939,-0.644610022908,0.200416889937,1.01539426888,9
8817,-0.193426879311,-0.461657552917,-0.340601033085,0.79847612844,N
8818,-0.0863577789857,0.278118692284,-0.796804928082,-0.224211991875,G
8819,-0.349744701235,0.754808662329,1.09616927863,-1.31170459798,G
8820,0.961266099257,-1.46778844208,-0.381348688075,3.41273351296,M
8821,0.673155528024,-0.895039545756,-0.887768316474,1.03686108804,0
8822,1.67472533372,1.31104788835,-2.12170769834,0.744071402699,2
8823,-0.855255037706,-1.54022504577,-0.44504266492,-0.937946606221,A
8824,1.67778291259,0.670607667605,1.07874713842,0.26864676133,C
8825,0.951291266659,-1.04088336394,1.45237389809,0.205420588348,N
8826,-0.683097887861,2.9216360691,-2.35528521138,-0.835637235212,Q
8827,1.34426326251,-0.900980064491,0.568158456451,1.05577289501,1
8828,-1.10859803141,-0.652089420449,-0.564324183872,0.768528153968,D
8829,0.866475879819,1.01904456102,-1.3055447184,-0.511820733324,9
8830,0.0336227249884,-0.521880676982,0.35910131472,-0.119273822888,5
8831,1.31906604769,-0.396321693019,-1.24960484384,0.121016911634,D
8832,-0.199601266224,1.00674727456,-1.41558472498,0.691379397029,H
8833,-1.02301936727,1.19496379397,0.255706928476,-0.457100512662,U
8834,0.0652278045305,-0.575107373281,0.182695662891,-0.828034532989,B
8835,-2.82599726093,-1.29774434477,1.04919134315,1.84040399386,0
8836,-0.179054955592,1.17439327596,1.73468010559,-1.91880005489,C
8837,-0.729083204046,-1.31977350694,1.5283421117,-1.09292106377,E
8838,0.104814349187,-0.552227972234,1.35323818987,0.630351971381,I
8839,-0.255672483988,0.775342891726,0.387702137828,0.0418494551318,J
8840,-0.587911322785,0.873910372309,-0.304845920201,-1.05027521033,2
8841,-1.33426075553,0.244746876054,0.467975323645,-0.815458542903,O
8842,0.438789581994,0.395960469908,0.579843229114,-0.738805475948,Z
8843,0.000146530085908,-0.713570904478,-0.727029685305,0.207665206445,O
8844,-0.693389161461,0.133031836655,-1.81038531981,-0.206715974803,R
8845,0.312562281614,0.702847315732,0.531875411792,-0.419881861122,C
8846,-0.72994891374,0.909011091713,-0.368559501292,0.712992749964,P
8847,0.0295548609596,-0.0529727450304,0.687465466262,-1.87728427811,M
8848,1.04361055558,-0.0838950974768,-0.563813578305,-0.637313722505,J
8849,1.33212030119,0.432326957381,-1.0716308531,-0.353301446466,7
8850,0.433454205741,0.493090342954,-0.430091219215,-1.24739175022,S
8851,-0.388183036252,0.717130413588,0.104644785048,-1.34474922968,O
8852,-0.309841435596,-0.0556518391709,-0.471842937587,0.286450798247,J
8853,-0.10828356148,-1.61065829236,0.452592196848,1.94223950052,P
8854,-0.124121110466,-0.454045802778,0.0193995787656,0.700822612342,K
8855,1.11394609825,-1.85683176362,0.81443068184,1.19548157654,U
8856,-0.685256694272,0.124450265983,-0.505895355436,0.642685156877,W
8857,-0.631721617603,-0.143666478319,1.08793628245,0.219917483414,J
8858,-0.187874760576,-1.48158409815,-1.0547680998,0.20038830298,5
8859,2.41239638962,-0.338503880638,-3.23439138156,-0.688067285952,I
8860,-1.9462312239,1.37207972876,-0.221379762679,-1.12699594624,G
8861,-0.226293445835,0.0401963494412,-2.77001770957,1.11509332768,X
8862,1.00806977374,-0.423869233278,1.8897126832,0.348197686869,B
8863,0.971149249318,-1.32616582025,-0.354045936994,-0.327411143482,Y
8864,1.36353051114,0.135903703892,1.46731318356,-0.127779495965,B
8865,-0.19197145977,-0.123172297399,0.510274218386,0.399055290176,7
8866,-0.751564616688,1.86823193803,0.0886936677273,0.470142846466,B
8867,-0.699964735883,-1.76355121411,1.82848889807,-0.880434405584,B
8868,0.0260083276047,0.920829784862,0.371928190593,1.21384797207,Y
8869,0.680894289163,0.578016409835,-1.21484038451,1.44762363744,M
8870,1.39327052397,0.0435632544791,-1.146234218,1.17880695603,W
8871,-2.19086950852,0.44790006442,0.982867191279,-0.103476657828,6
8872,0.849065019414,-0.657636267962,-1.70064256543,-1.23527182936,I
8873,0.356928303944,0.729238575934,-1.16525974664,0.0969562541038,J
8874,-0.615839157106,-1.02152825853,-0.775866788286,-0.585817912809,E
8875,0.0941280496711,-0.637392107258,2.35679915261,-0.716469860111,V
8876,1.38850825692,-0.0234837365833,0.376429178738,1.64489617536,F
8877,0.418292759723,-0.817763260527,0.0175127262705,-1.00715977501,5
8878,-1.02322878472,-1.66426790996,1.29433373219,0.333396239157,S
8879,-0.357209186505,-0.812384920199,0.164543846545,0.395520652446,M
8880,0.243235091968,0.198340970477,0.146675326609,-0.912407950633,R
8881,0.100768448376,-0.111568568318,0.442554649842,0.655966490529,F
8882,0.202153755435,-0.403594279834,1.08693821044,0.0571988931779,1
8883,0.682939474818,-1.25740887569,-1.03095120356,-0.695575887968,E
8884,0.224673650561,-1.28298191411,0.170885761371,-0.72666181024,K
8885,-0.81574968852,0.0416703835773,0.449463712687,-2.60614480621,Q
8886,-0.670342332976,-0.181165069273,1.51316512869,0.241033275228,F
8887,-0.421222629323,-0.506196052729,0.667947006081,-0.252557001408,8
8888,0.0356510040138,-0.0349447892103,-0.354961292903,-1.00323924187,7
8889,-0.853609950686,-0.436814381594,-0.871246067907,-0.0162318805644,Q
8890,0.720569698538,-0.12368692566,-1.70015409095,0.301859068104,N
8891,1.00600208149,-0.282086676389,2.90520202543,1.60357122905,R
8892,1.33078157887,1.25342207656,-0.876879953169,-0.939893841763,Y
8893,-1.13908371589,0.521191884293,-0.693467894987,0.703674352254,U
8894,0.32237578151,0.314142765689,0.260488034437,-0.496940556074,J
8895,0.998554474257,-0.814302246659,1.04821975405,-0.0615903771574,I
8896,-0.00502519161042,-0.711575161614,-1.7320073944,-0.517527817753,O
8897,-1.57729022239,0.516398621773,1.19967266911,-0.512883724356,Q
8898,-0.856402921327,0.0317180388109,-0.48867731018,-0.819806621925,0
8899,0.879164164607,-6.87039017353e-05,0.0851421932229,-0.737687908672,P
8900,-0.917820624958,0.0583672724068,-0.531512220961,-0.812805362046,A
8901,-0.759938801046,0.10565513117,0.0517595045228,1.12498746591,F
8902,-0.179007752923,0.577350578,0.638650462054,1.51324343654,I
8903,-0.792080993285,0.311284469838,-0.154407809749,-0.351270888659,E
8904,-1.33130391846,0.893180615133,-0.0818464184847,-0.294822978963,V
8905,-1.1975743343,0.568163820583,1.98516367888,0.583706200654,I
8906,-0.0910102711284,-0.72764821894,0.315931873022,-0.0314558889142,2
8907,-0.228641076424,0.00979227123029,0.409629522564,0.028353200635,F
8908,1.42908929255,-0.0297455723289,-0.140590061656,1.00768745361,R
8909,-0.851548444586,-0.260413376981,-0.407416098231,0.0683278470549,P
8910,0.451367134559,0.434449932361,0.70073558306,0.190064683453,S
8911,1.27320362836,1.48258566991,-2.01227159324,-1.37778539264,Z
8912,0.665903957171,0.656232757675,0.304479707619,0.159378844096,A
8913,0.206585239638,-1.10114726087,-0.707540897003,-0.978277029763,J
8914,0.990034482357,0.111278235777,-0.503771947105,-0.895681219964,W
8915,-0.684401120074,0.509116920103,-0.957427019668,0.130915958699,T
8916,0.034603865237,0.769922070912,0.168947506298,-1.61044278835,J
8917,2.48734717001,-0.258828717066,-0.970272174128,-0.531656068783,4
8918,0.842772347254,2.66506017346,-0.0933887692822,-1.22298581578,J
8919,0.556821533814,2.10532106684,0.408342363677,-1.06952799595,G
8920,-0.566608487663,-1.80612311106,0.00723679397273,1.14246042313,O
8921,-0.347958047771,-1.70329780095,-1.27677896747,0.016063414931,L
8922,1.68928528604,-0.243741291762,-0.0328599153251,-0.699973544707,P
8923,0.512343746976,1.10588560379,0.996068399717,1.86630341595,2
8924,-0.695322671369,-1.13816410412,0.995712525369,-0.789439880785,Z
8925,-0.494161886817,-2.27768988196,-0.0927977432127,-0.0412041183027,Z
8926,0.102128255696,-0.497692506439,-1.2404019268,-1.37668191774,Z
8927,0.532616345844,-0.955477479034,0.825892603513,2.39044789991,Z
8928,-1.27174117295,2.01804584008,0.124696038762,-1.1380608374,D
8929,1.16388529444,-2.19758759565,-1.19805498631,-0.422572367407,C
8930,-0.679812513384,0.274314278446,-0.178447578753,-0.426898618812,S
8931,0.933633898912,0.350503634407,-0.468304135728,1.15617294229,T
8932,0.648978269635,-0.0959148686079,-0.0638389788879,0.0860773134828,Z
8933,0.611148995312,-0.742646729166,-0.250950798954,1.6108752152,D
8934,-0.141520498289,-0.351262783086,1.96506991024,0.297953599083,G
8935,-0.684331972915,1.01187460935,0.70650636507,-0.181270681137,A
8936,0.268776734778,0.214678354876,0.42727178463,0.521098868458,0
8937,1.16729953082,-0.0180285216823,1.08684065028,-0.686287395778,D
8938,0.329986083788,0.299002867554,-1.50203698932,-1.86698381909,U
8939,1.02625695504,0.389163275741,-0.433496404284,0.159209973881,Q
8940,1.47801112182,-0.29544722812,-0.276814207824,-0.3162505872,I
8941,-0.343394172769,-0.0835139027575,3.05334492778,-0.57314918205,A
8942,-0.0304983004796,-0.380566259652,0.482507158938,0.00452875346031,T
8943,1.00378858999,-0.688903430455,-0.627384063578,0.704902457771,2
8944,-1.46697079336,-0.0862892733564,-1.82922699204,-0.21229006081,L
8945,-1.07101254008,-1.46101742425,1.33743575745,2.29750830376,B
8946,-1.59475998689,-1.0956867318,-0.941550586512,-1.54025750712,K
8947,-0.621688855453,0.613429557372,-0.756052306212,0.647458293632,M
8948,-0.891974106918,0.507887559927,-0.220682668061,0.0622325247424,S
8949,-1.18633164337,-0.45056234874,-0.546765766983,-1.05726599285,N
8950,-0.166791134618,-1.10568393926,-0.0788695450821,0.0521644667501,F
8951,-0.188106064548,-0.248578049448,0.490971120252,1.54771167874,G
8952,-0.138187582345,1.18774063338,1.90246012098,0.953902720226,B
8953,0.104037779949,-0.113550963079,0.764308215447,-0.918112487536,O
8954,-0.0105891245446,1.30018068416,0.796238870636,0.982547428655,M
8955,-1.02515245618,0.896530652279,-2.33638014354,1.03323190369,Q
8956,1.85135657271,-1.35936736304,2.39693285678,0.21464761982,Z
8957,0.683998573878,0.638675296326,-0.27729610029,-0.996665031687,G
8958,0.0861463712494,-0.918117142863,-0.541719770848,0.536130968068,Y
8959,0.84185677345,0.913906538505,-2.57507869955,0.794486917428,X
8960,-0.890223307632,0.58286442763,-0.999817944464,0.472839464612,D
8961,0.365284774282,1.43914146245,1.54964189908,-0.181554052833,2
8962,0.172716412222,0.202306824443,0.956202781979,-0.145276849671,U
8963,-0.830696473284,2.15207551169,1.15964228021,1.23727862354,U
8964,1.07897929966,0.0313087868678,-0.134672010112,0.438420092912,W
8965,0.505521795956,0.563120003372,0.752423766826,1.25290897961,1
8966,0.120993682064,0.416448592196,-0.643344448819,0.585661214561,F
8967,-0.686920732051,0.439469047074,0.320119462122,0.84197659869,7
8968,1.54067741422,-0.824946411537,1.04644435733,-0.890283085945,T
8969,-1.63069019177,0.467838170439,0.299393737409,-0.0865049052479,D
8970,0.633494778804,-0.186524009218,0.927626965339,0.143163919205,A
8971,0.308635854456,-0.112857308281,0.762842218963,-1.07297708256,T
8972,-1.62705067432,-0.97815141263,0.154744635774,-1.22903670661,5
8973,0.3148469838,0.0979888456607,0.199608299962,0.95519346772,A
8974,1.6669071275,0.992005251442,0.496127673055,-0.686391014806,D
8975,0.0106028383268,0.708539635302,-1.25871092114,0.226540952916,J
8976,0.11869281378,-0.714454714392,-0.50134244455,-0.254763929933,6
8977,0.302616230947,-2.01152735667,-0.628084547049,0.768826864455,R
8978,-0.0985721257172,1.76908645538,-0.215026976047,-0.053076199659,O
8979,-0.0190579326345,1.96499405621,0.738537929544,-0.883775928618,S
8980,-0.595349058225,0.00178120547993,-1.42335533545,-1.45847723898,P
8981,1.39217049077,-1.39655962763,-1.42530626093,-0.847535140771,V
8982,-0.896028542768,-0.152287244864,1.92448322383,0.365183971059,Z
8983,-2.27464172743,-0.901873739278,1.50035163127,0.996540537761,O
8984,-0.30189755765,1.01990578818,1.10216033286,2.62452608968,3
8985,-2.54838896657,-0.585373738403,1.496201467,-0.718814745545,F
8986,-0.0645879626599,0.759291883006,-1.56841485777,-0.420933037922,R
8987,-0.143365411354,-1.11175954725,-1.81558086703,0.435273612751,Q
8988,-0.070412399543,-1.05592096242,0.338016708521,-0.440762523974,P
8989,0.649148000252,0.994272913069,-1.38422724628,0.485120032364,T
8990,-0.370768721563,0.404356340287,-1.05162846226,-1.05089891162,A
8991,-0.409980111625,0.155627076006,-0.81898965427,1.27735013287,Q
8992,0.301213589188,-1.11120335047,0.668257684091,0.671921855703,1
8993,1.82111702878,0.416444799351,0.173874079053,0.505118430246,W
8994,0.0688036448846,1.32275858021,0.802346253327,0.223617809159,S
8995,2.31189587899,-0.41707032545,-1.40959852635,-0.515820726027,W
8996,-0.479892969973,-0.650418530998,0.745152119818,-0.646037876591,N
8997,0.523330748868,0.787112113221,0.486066142508,1.09315580825,Q
8998,-0.362559431988,0.598893993038,-1.84320146381,0.887291508481,R
8999,-0.0963755510259,-1.01299883547,-0.657431480807,-0.573315211841,M
9000,0.467976300189,-0.0386485396255,-0.295344251987,-1.82472622729,B
9001,-0.358893469543,1.40445260007,0.704964644926,-0.200638304015,M
9002,-0.50184039929,0.659253707223,-0.421690619312,-0.0576883018364,N
9003,0.204886212202,1.07413396504,1.38836131252,-0.982404023494,N
9004,0.354627914484,-0.133115852296,0.283762637978,-0.837062961653,Y
9005,1.81748001608,0.742272722638,0.419394843928,-2.25103520513,0
9006,-0.776764319165,0.935517747061,-0.332871759623,-1.87564085416,R
9007,-0.913134961617,1.53062351168,-0.572656719239,0.477252252981,3
9008,0.358479538224,-0.49757199147,-0.367016188009,0.507701778685,C
9009,-1.74087710829,-1.16041658062,-1.63783027929,2.17220101238,D
9010,0.24056373835,-0.328249185208,1.25215525783,1.07279626643,U
9011,0.764018252198,1.16547617218,-0.639544262638,1.49525751956,3
9012,0.571034923177,-0.310537224251,0.582437274651,-0.2987651796,M
9013,2.31765810894,0.430709506296,-1.33421573445,0.199679483557,6
9014,1.54777073472,-1.11975292512,-2.27763354506,0.329585909852,N
9015,-1.31060811665,0.401719086645,-1.00098707369,1.15670834954,L
9016,-0.0884964396951,0.634711729043,0.153323985774,0.415334751149,I
9017,-0.0186628260149,-0.247487241047,-1.44652215689,0.750937748749,E
9018,-0.0701272145463,-1.57909726069,0.120891794918,0.671431885035,C
9019,-0.194677940725,-0.492039150308,2.35960484963,0.319810396195,X
9020,-0.248617847177,0.868706587235,-0.492226143765,-0.717959381922,B
9021,-1.09154895394,-0.867110226119,-0.647760443099,-0.832561559975,D
9022,0.641404300148,-0.138821578977,-0.621962804042,-0.284839425379,K
9023,1.21640846838,0.99268666512,0.165161778012,-0.0696186082242,L
9024,-0.564474180519,0.792832268133,0.747052842907,0.57167515791,Q
9025,1.75987899507,-0.515665834496,-0.230480686323,1.36231722352,L
9026,0.126266090531,0.309281375664,0.38281996138,-0.239199054993,C
9027,1.33436047951,-0.100152166835,-0.840730552173,-0.643966598255,M
9028,-0.737620017711,0.278087463151,-0.053235240431,-0.950971590734,5
9029,-1.1484864849,-0.986292150868,-0.144963115417,0.124362404338,9
9030,1.63059449241,0.243886206002,0.468368306354,1.25804787443,P
9031,1.04488953219,0.0807175385621,0.857885542829,-0.298381802517,I
9032,-0.262542542362,-1.61519874791,-1.08723871374,0.759029075237,Q
9033,0.0201440713103,1.10779156618,-0.559435335039,-0.481925210095,R
9034,-1.20391554609,1.88534310731,-0.0804704068388,0.25064589327,K
9035,0.366914548813,-2.43008643092,-1.05344696342,0.346278884194,Z
9036,0.434220473424,-0.0798625386706,-0.422976747932,-0.0742721760915,E
9037,0.0406656980213,-1.81021570262,-0.189192727269,1.22926636581,W
9038,1.33845943246,0.338489099729,-0.213446105129,2.32592341971,F
9039,0.572981073363,0.782663875351,1.30767321124,1.61995725335,Y
9040,0.762428447112,-0.648528798886,1.93651473707,-1.15966561312,9
9041,-1.25204557796,-1.53853949038,1.0422813822,0.623835121823,F
9042,-0.0475302140596,-0.494310199706,-0.165460018905,0.472929032513,S
9043,0.124547711991,0.730791450242,-0.25752685093,-1.51125664924,U
9044,0.801889237656,-0.462780621429,-1.73462083332,0.674768319362,P
9045,-0.992306666472,-1.09683007882,-2.0617943017,0.035390605957,G
9046,-0.109662774864,2.57709376617,0.91356252242,0.613594050216,A
9047,-0.541680906279,1.5100313553,0.467944825377,0.553225037837,H
9048,-0.0795865737601,-0.609923697841,0.35383422895,1.10803005914,Z
9049,-0.0437516462601,-0.410666385961,-0.729599036366,0.263223371713,R
9050,-0.761490177447,1.10418191625,1.27060866366,-0.319284452382,E
9051,-0.804975073037,0.559520138339,1.05223226496,-0.645574265818,R
9052,0.35394105397,1.82996269805,0.398922026361,-1.52223131661,M
9053,1.54163640493,0.478316068959,-0.666760327343,1.36717494756,O
9054,-0.987620842341,0.337534288405,0.386934953004,1.99614391761,Y
9055,-0.353462320307,-0.448433452071,-0.420520291568,0.606223206634,P
9056,-0.275687122051,0.127910363851,0.877755572144,0.141774294303,Y
9057,0.448882070123,-0.0164103203039,-0.0414342913919,0.483096480304,N
9058,-0.0437649578253,-0.878445916853,1.52507535186,0.00822316479269,B
9059,-0.0644155835746,0.080920574987,0.644715202274,0.393025120766,U
9060,0.0150183089497,-1.62030091273,0.465865552616,1.63737662602,W
9061,0.579715377177,-0.565645982402,-0.812128961966,1.53280260401,W
9062,-0.324507167079,1.85335063636,-2.26860910203,-0.355131709073,K
9063,-0.100246742541,-1.9546139579,0.132518774906,0.83692675288,E
9064,0.275725087798,0.349561138652,-0.617722975053,0.675990898106,Y
9065,0.300486311556,-0.914367342324,-1.6046088239,-0.90545849944,M
9066,-0.362382393314,0.708360644964,-0.388316739311,-2.32876299592,B
9067,0.805330955425,0.0736168178539,0.481166223853,0.632620759249,A
9068,0.786095366054,0.0951374087988,-1.04996472851,1.82879833145,T
9069,0.20781502657,1.40727518965,-1.04479960125,0.140207499487,H
9070,1.80974963809,0.592023139186,-0.146214836643,-0.113817691749,I
9071,0.190562146781,-2.88635875932,0.514364781284,-2.2081180574,U
9072,0.844977118094,-0.164290184848,0.218672395512,0.0990115476933,T
9073,0.195035085082,-0.649590655548,2.17166386104,0.453465558806,K
9074,-0.0564333653869,1.75865043501,-0.448091017018,0.346784396043,N
9075,-0.11260915388,-2.64245701436,-0.487309941502,-0.220507107741,4
9076,-1.39531912204,0.573474013814,-0.0133236905274,-1.30707048628,U
9077,-2.08027277833,0.0974981483635,0.321489166278,0.0126076722626,D
9078,0.88317164615,0.490426984887,-0.799299286482,-0.699668792454,J
9079,-0.138631966525,-1.41784482297,-0.199678277638,1.19929867533,Z
9080,-0.961579329566,1.16624685822,-1.12495332265,0.201727835778,G
9081,1.30145347696,1.07711713668,0.56050246064,0.859991127179,S
9082,0.0636793444679,-0.995532083484,0.879547223724,-0.0124713077028,E
9083,-0.373381111798,0.982861169257,-0.0375341446861,-1.33785580601,L
9084,1.49229222711,0.485490431128,0.129313292844,1.73356873962,R
9085,-0.908491526543,0.498234275772,-0.588843697186,-0.903956188452,8
9086,1.13713975779,0.977509103934,-0.940993915461,0.149012866744,H
9087,-1.04983803109,2.45342509904,1.23008741443,-2.06850760711,J
9088,1.48519893861,-0.806453458123,-0.475087116613,0.936801368414,9
9089,-0.790436911077,1.8238515301,0.470826739735,0.898781975943,S
9090,2.02480808353,0.0322506496307,1.31529742078,-0.156432529592,K
9091,0.379253002685,-1.05940924098,-1.13206803173,1.22229604428,S
9092,2.40321605952,-1.79252836422,-0.917572680139,-0.88669297209,P
9093,1.24997470755,1.49152996563,0.371475805897,-0.000464620420962,T
9094,0.501130600702,-1.8524509796,1.11035434692,0.508864733821,K
9095,1.10652128242,0.0981530997183,0.789793234562,1.19269254286,U
9096,-0.540542595454,1.78256921968,0.0519310959987,0.463867655906,F
9097,-0.101979890355,0.981720222277,1.10699018111,-1.75226932921,B
9098,0.632107381338,-0.761419236427,1.42793044112,-0.0469283588887,B
9099,1.00977860887,-0.608379336968,-1.40510505648,-1.17505405942,Q
9100,-0.602747944659,-0.182503514402,-0.768163968379,1.26068635765,Y
9101,-0.0391054339894,-0.0695099824413,-1.35805194008,-0.292858620366,R
9102,-0.345100573788,-0.179476870638,-0.904657664386,-0.0712867473108,Z
9103,-0.759495118894,0.225916245652,2.2358717609,-0.00448980823071,W
9104,-1.6867705196,0.742275516539,0.48587599627,1.79850711251,Z
9105,0.145697316417,0.805037295613,0.350361830434,-0.540234679436,G
9106,2.48765369604,-0.147867121811,0.580688201183,-0.305696173077,J
9107,0.38016591287,-0.592483279562,0.393693377794,-0.463216602736,P
9108,0.96354902595,-1.55030192705,-0.944962257052,0.121546253521,F
9109,-0.0403846130388,-0.312648567879,-1.19660390862,1.0750431857,J
9110,0.938356628434,-0.235761104349,-0.0773603113055,1.16215015537,R
9111,0.190303261201,-0.425472860755,0.362347382137,-0.688710660785,X
9112,0.256419161128,0.0826694187979,-2.30275824842,-0.446115220145,U
9113,0.690971664806,0.871498395659,0.948468891564,0.644683368429,L
9114,-1.15778132548,0.0936961784472,-0.765272815741,-0.724766824934,E
9115,-0.295462233706,-0.832817149695,1.49020373854,-0.420786204612,B
9116,0.132722962244,-1.25578038911,1.37000771682,1.14448991761,I
9117,-0.111380676194,0.572076202947,1.8079619052,1.09020474362,E
9118,0.178699745816,-1.60883234776,2.1746148394,-1.35173849821,P
9119,1.20218256712,0.179582552204,0.202061214889,-0.731213132128,2
9120,-0.674446571006,-0.184702666166,0.706721251292,0.718680803788,V
9121,1.76553544644,-0.951931579911,0.320146510176,-1.15934952511,Y
9122,-1.2478849863,-0.725490485007,0.541997606469,-0.126572143755,G
9123,-1.1640445457,-0.647618961239,-0.550283265919,1.16494340443,V
9124,1.81613255613,-0.393382465546,-1.21291011478,-0.317186597786,E
9125,0.499882890819,-1.18363110139,-0.638619314755,-0.785336775967,2
9126,1.22849889391,1.25347911733,-0.221459415048,-0.0654131965162,S
9127,1.01895127853,-0.423936860698,-1.72455343475,-0.823409084355,G
9128,-0.169892938696,0.301071840312,1.40996063006,-0.516055941099,F
9129,0.883067867689,0.950612783539,0.783765906001,0.776406924195,Z
9130,1.03277821333,-0.0929303289895,0.600042004986,0.173515461043,A
9131,-0.249224588436,-0.0648201009871,-0.0127630546134,0.0304726487395,Y
9132,0.556590447301,1.97690140411,0.130668936682,2.71966409048,X
9133,0.16107564162,-1.3149395378,-0.605192051164,-0.732212975124,V
9134,-1.84206221975,0.0109146960347,-0.0132330195161,-0.29825942451,Q
9135,1.72723710088,1.67458417387,-0.988291322079,0.512445217364,T
9136,-0.190386389574,-0.184385010197,1.16329213344,-1.05989578865,G
9137,0.69311133934,0.815751494672,-2.38869472458,-0.201710174422,Y
9138,-0.0621126729433,-0.00984964476467,0.658452659654,0.782909762977,L
9139,0.880939751586,-0.707391129783,-0.750939055668,-0.0423814584647,C
9140,-0.592837623954,-0.700117210885,0.831351965158,-1.15891084185,L
9141,1.62834979618,0.404618215489,0.0863343325974,0.278913544915,3
9142,0.210544278316,-0.909438189136,0.903899753529,0.471579103734,Y
9143,0.033606494896,-0.882900260313,-0.345729265059,-0.317833493034,4
9144,-0.0755744023429,-0.616260178437,-0.342470997941,0.850522271235,H
9145,-1.26295070974,-0.167273237609,1.45780742884,-0.37563609476,Y
9146,-0.289513268133,-0.927606335239,0.950207336839,1.23406721349,Q
9147,1.34653227067,1.08338934179,-0.840822696227,0.525032166375,M
9148,0.698212579575,-1.2635370225,0.0345888504173,-1.08271314806,U
9149,-0.798004160565,-1.30179455306,-1.95685241187,-1.2841200757,M
9150,0.042611218243,-0.175943187928,-1.01597727921,0.668173594623,Q
9151,1.52264922941,2.29139247927,1.5064450569,-0.448051016456,6
9152,0.54911837215,-0.439673137424,0.651228776652,2.6480462772,K
9153,0.119467771322,0.224633361843,-0.462936521536,1.41015553196,F
9154,-0.323899441166,-0.115278120343,-2.24762512685,0.271304098854,P
9155,-0.569092884953,1.86005610394,-2.5526005446,-0.433538185597,C
9156,0.112111473607,-0.845797840143,1.00631020207,1.13883188261,C
9157,-0.499492134991,0.91641467488,-1.04521512609,-0.50757820342,W
9158,0.376336174588,0.764118507122,0.935520356664,-0.594284323631,A
9159,0.0435519604575,-1.13311390808,1.83995995892,1.07689076788,U
9160,0.08521566085,2.51096445751,-1.05481405994,0.673699680303,Q
9161,-1.78187926997,-1.08540212875,-0.0523621760075,-1.07072106964,R
9162,0.895674400067,1.2217782908,0.354943949672,-2.72080073957,V
9163,0.178964296545,-1.24036038336,0.216703259507,-0.931038265768,M
9164,0.751110935945,-1.67754135722,-1.84529427201,0.472624179004,D
9165,-0.174065305457,0.41737570589,0.67568579441,0.976129682648,J
9166,0.469285344255,0.468042648048,0.740358197771,-3.17350880211,O
9167,-0.414343091707,-0.847569597434,0.321460576581,-2.57576740455,7
9168,0.947170681816,0.328539010454,0.194054760004,-0.530855170507,E
9169,0.280983721958,2.21810968243,0.0430190102528,0.105970933337,U
9170,1.36877536297,0.314364311301,0.237928036312,0.826479814371,P
9171,-0.556653869652,0.677243772286,-0.0487451867473,0.481484592223,S
9172,1.27535225202,-1.63660490059,-0.907082516741,-0.842150166534,K
9173,0.354484776486,0.336961106409,-0.877360547161,1.94340295455,J
9174,1.63041080339,-0.107837334831,-0.452669704243,0.511911011614,E
9175,2.13082174199,-0.513612858636,-0.589272751532,0.270246731148,P
9176,1.1330300851,-0.920498984072,-0.41147778905,-0.00125773317809,U
9177,-0.022368446588,-0.165693213389,1.48750250694,-1.5609710846,O
9178,-1.59781750388,-0.544169575971,0.565075786079,1.28817666767,5
9179,-0.641428915759,0.376689595468,-0.153789313646,-0.512960526573,K
9180,0.314357377289,-0.962541936748,-0.541512534494,-1.1561648896,F
9181,0.0883395556165,0.814274132271,-0.304655359037,0.792676034143,X
9182,-0.241961771733,-0.629315403013,-2.21260233427,-0.374105157708,A
9183,-1.18173491365,-0.596941681158,0.2743443978,0.273126365442,4
9184,-0.216653074676,-0.736039143474,-0.695235903991,0.421187733859,6
9185,-0.210084441042,0.708076753126,1.54565512016,-1.58704505966,D
9186,-0.194803690607,-0.215578248302,0.691829450352,-0.0992752966404,9
9187,0.555034364088,-0.628948162163,-0.550886205331,-1.30358538455,P
9188,-0.00132553343873,0.234979080439,0.305587215001,1.17498471846,S
9189,-0.505884715251,0.289074547151,-1.01753668504,0.086234836138,V
9190,0.818458302751,-0.0774239427346,-1.53559692163,-0.727323013995,J
9191,-0.739837815235,0.654747515967,0.775892880451,0.911725982352,Q
9192,-0.157668660717,0.0105765369843,-0.473290818785,-0.114977254557,H
9193,1.582072755,1.21135077234,0.277131433192,0.637144296923,3
9194,-0.704190048658,0.12787599735,1.05250272942,0.209073871078,6
9195,-0.389367804328,-0.93291366124,-0.998024963481,0.563616911143,B
9196,-0.558272131251,-0.161774896289,-1.53806659646,0.613443319356,G
9197,-0.158497066494,1.34901324395,-0.475157789661,-1.0330587238,9
9198,0.407671432137,0.254556508037,-1.56082456407,1.12562760798,L
9199,-0.653921366863,0.0275790877175,-1.39629369836,0.913825226594,Q
9200,-2.57692549898,0.338165036668,0.519442976393,-2.30330714219,1
9201,-0.842865347335,1.0821650933,-0.646397860835,-1.13500686925,Z
9202,-0.494181289099,0.104939493471,0.827236857824,1.05511433215,R
9203,1.15576168508,-0.0660077704386,0.23605882151,0.309968188821,N
9204,-0.687534473898,-0.0263544937825,0.106619281446,2.47490163593,U
9205,0.649517559904,-1.17781051518,-0.954277458301,-0.339043658202,H
9206,-0.423467777754,0.638837715089,-0.0390346575333,0.145446357589,N
9207,0.0827382882553,-0.472712215521,0.480072117744,2.01998684041,P
9208,0.268893320742,-1.48484562253,-1.63763986608,-2.3255800776,Q
9209,-0.107129695053,-1.11241995795,-1.27069822508,0.848296771646,V
9210,-1.04544077775,0.797202720191,-0.350622812646,-1.15411164074,O
9211,0.419680914033,-1.20255497117,0.374432783263,-0.556201528434,R
9212,0.203280886034,0.947044539757,0.990641967636,0.0618586714995,L
9213,2.09212414836,0.906692467548,1.3274444574,1.09801998125,4
9214,0.426330491605,0.77543138121,-0.540806606851,0.483395084815,Z
9215,1.65203944937,-0.887319814636,-2.17453333781,1.28661777145,U
9216,1.01408518893,0.771958446614,0.391397552654,1.34960477211,4
9217,-0.268733296954,0.145778431561,1.14838487859,-0.0558591686879,U
9218,1.17460855008,0.611714412276,0.515178519961,-0.185847595552,P
9219,-2.40501866212,-0.160283329726,2.32208248639,-0.944042520795,U
9220,0.423191686836,0.0957867735118,-0.887767669303,-0.741621278186,C
9221,-1.24207952376,0.371923550534,0.16677714031,1.0104893326,V
9222,1.2934718078,1.14453036376,-1.4812669881,-0.441601572264,D
9223,-1.12685300658,-1.03722648479,-0.239714171379,1.17321878409,T
9224,-1.0622089135,1.19226182583,-0.77544757706,-1.22501175108,O
9225,-0.372656417204,-0.485827702989,0.534654941088,-1.21224456369,D
9226,-0.020036253405,-1.33303514247,2.18945039442,-0.24919015118,E
9227,-0.577762744277,-0.389902047992,0.488137595884,0.626000837653,P
9228,-0.766540645184,0.713716560555,-1.01825632674,1.88936116726,4
9229,-1.73870003681,-0.336053519267,-0.992538495353,1.42120418055,2
9230,-0.568215850256,-1.84814384541,0.863834662405,1.32228142724,U
9231,1.32185817098,1.00887344786,0.254607528649,-1.34209930073,R
9232,-1.44311819447,0.240571274358,0.792943937286,0.0736683310364,W
9233,0.440871905275,1.12257403393,-0.755518791048,-0.716928210258,E
9234,1.51509585736,1.33547436495,-0.910115691199,0.0511775765034,J
9235,2.02357956321,1.09680739934,-1.3481784049,0.264341887714,F
9236,-0.361315167468,1.01065213956,2.55387890981,-0.0895751091802,I
9237,-0.994547758775,-0.457568170876,2.21848280827,-1.2782514738,7
9238,0.132032388144,-1.3051371475,-0.536163371291,-1.28005533132,N
9239,1.16176432633,0.818181671369,0.0151191881992,0.283321533309,A
9240,-1.03942080599,1.13451743559,-2.22579019681,0.0592040052355,B
9241,-0.867388839047,0.398072218402,2.05379725736,0.734562840374,P
9242,1.45300175913,0.569163454607,0.198247662356,0.46520554845,2
9243,-0.0954282988118,0.428386420293,-0.405097533928,-1.39724911033,3
9244,-1.17327031236,0.159077812036,1.9276511382,-0.210691347031,M
9245,1.04396635963,-0.104110599839,-0.249275629159,-0.0207793012098,C
9246,0.280528850972,1.60109135858,0.561331365945,0.868630989409,W
9247,-0.659952829242,-2.30316016277,0.248001069221,0.942725735947,K
9248,0.790583884393,-0.983115534038,0.874530999569,0.809282002383,Y
9249,-1.17591092941,2.15198696697,-0.0809277136982,-0.431623621004,Y
9250,-0.261109738898,-0.516069628221,1.13538791735,-0.761319800575,8
9251,0.703423839947,0.449614099105,-1.593578247,-1.15539989748,F
9252,1.11645041825,-0.274068941169,-0.0297477874901,-0.433413276523,F
9253,-0.357308670313,-0.529398311787,0.205417525617,0.108428490163,K
9254,0.423229026993,2.08909611309,0.923674782142,1.50272651831,D
9255,0.217126083205,1.28236141456,-0.978428564074,0.263613449525,K
9256,-0.443397941574,0.676989997986,0.638588633657,-0.873794918749,A
9257,1.00534200238,0.682462254711,1.20027333585,0.193455111389,G
9258,1.37620985675,1.14804621775,-1.19493291425,-0.0246510549904,S
9259,0.745346522906,-0.886025029683,-0.437063213681,2.12474074181,3
9260,0.620059226462,-1.3714426877,0.722629755468,1.63796007884,K
9261,0.00630699376911,-1.33134152729,0.0649616494499,-0.572398251742,T
9262,-0.198477349779,0.684455814174,-0.147475221075,0.581648940506,4
9263,0.681178436604,0.283488752572,-0.20125716997,-0.837272455076,O
9264,-3.72686372556,2.15263217662,0.986711235344,-1.27395629167,Z
9265,1.23296534957,-0.872075211571,1.12573394106,-1.26969198429,S
9266,1.68071777569,-0.795061674656,0.429541561971,0.907959685749,6
9267,0.0126033461146,-0.559557999613,1.17009301533,-0.755084321136,Y
9268,0.478687852114,-0.923803097176,-1.62141331544,1.12210892346,S
9269,0.654912901411,0.0515714367429,2.0161479636,0.652618167303,I
9270,-0.840524554435,-0.155627932446,0.992245693988,0.818994762669,R
9271,0.167651456358,-0.126483159859,-0.2159230909,-0.551816953755,7
9272,-1.69486905349,-0.251793821628,0.643791694262,1.05148438879,X
9273,1.15891064075,1.19204131316,-0.474725241124,-1.1885329973,P
9274,-0.359609404441,-0.742869703536,-1.43423198616,-0.412530336918,2
9275,0.527893710782,0.0840680255476,2.36852964741,-0.00302369910935,S
9276,0.388307345228,0.969655421373,-0.16239111452,-0.256349189716,5
9277,-0.270080229648,-1.25575148996,-0.356178529128,1.23140641525,H
9278,0.0820128039793,-0.523347238177,-0.29892608064,-2.25924648718,K
9279,-1.40152899868,0.293567238208,0.915068680577,-0.697823682964,P
9280,-0.34203915437,0.204837022753,0.965391319534,0.21957721666,S
9281,1.58845583063,-0.269371964148,-0.298398891617,-0.0173215631696,W
9282,0.367102716772,-0.208086567685,-0.251701415964,-0.522192758844,L
9283,0.197511460601,-0.502179218169,-1.73685418123,1.23451645845,M
9284,1.55252757473,-1.33235367105,-0.227917886077,-0.817040668057,Y
9285,0.304381622491,1.40660303091,0.373171731372,0.446836979475,X
9286,-1.40555861862,-0.701879470135,1.7938014939,-0.370494730707,T
9287,-0.290145817461,0.466116593833,1.01992419248,-0.0913182440873,M
9288,-0.0461043106532,0.873557369774,0.660301204101,0.463093389561,I
9289,-1.57701158808,-2.11928449832,1.8056211286,-0.283501178844,F
9290,0.34037236652,0.382560935847,0.000310750462007,0.452416589048,7
9291,1.61748513305,0.325101331381,-0.56004210719,0.944086448958,A
9292,0.268348057071,-0.373019728317,0.433140418073,-0.868285773218,S
9293,0.599410556722,-1.05300636777,-0.0612465004706,0.890921720842,3
9294,-1.76732355314,0.564682563134,-0.274611661673,-0.174666490025,8
9295,0.00758863980265,1.50644674792,1.90347761211,0.416104168602,3
9296,-0.109962464506,-0.92011662808,1.82319172674,-1.42793478629,7
9297,0.645940278964,0.441283164828,0.724278886156,0.72679455762,K
9298,1.18991277757,-0.453600708269,1.20712924318,-0.241784995613,A
9299,1.20958260767,0.65135204117,0.384909738967,0.560129899922,J
9300,-0.835033146253,0.186814148387,0.0994207791387,-0.540764053646,F
9301,0.923118167978,-1.34952513551,1.98628884937,1.09994393543,W
9302,-0.169421148516,1.09333515534,-0.0476520705247,-0.0857051252725,M
9303,-0.367094822957,-0.764236642365,0.525876450542,0.358030321448,E
9304,-1.1500069318,0.824940600187,-0.871590899842,0.058123757859,T
9305,1.49739986205,-0.819334159838,0.0173922939101,-0.0373138831218,C
9306,-0.317808432798,1.23565305224,0.129119462254,-0.750614454962,M
9307,0.89532447686,1.73828940595,-0.789496165367,1.56141462002,3
9308,-2.32337594373,-0.0864840810099,-0.937811232637,0.975500070851,Y
9309,0.749856964401,-1.46987067396,2.67443377359,-0.835017756629,5
9310,-0.631610955098,-0.828862135897,-0.120593931393,-1.00073677846,F
9311,-0.722216454,-0.507615853758,0.252700306067,-0.196934531941,P
9312,-1.12139973048,-0.830073503932,-1.55615056655,1.3721124891,6
9313,1.25533425487,-0.09154850985,-1.09204964199,1.43161043377,P
9314,-2.088979558,-1.03384018998,-0.175709666863,-0.0449589141002,E
9315,-0.593835822312,-0.125592399728,-0.148472855001,0.824293452333,D
9316,-0.853371415484,-1.05039203696,-1.63655218727,-0.531499124856,P
9317,0.184960336992,0.724280895102,-1.30361378129,0.0427831967716,Q
9318,-0.234229356882,-2.15677620777,0.665154262535,0.652184895711,R
9319,-0.54299503992,0.391323100562,-0.623618972537,-0.638090845749,S
9320,1.03698614841,0.499677025358,1.1483637071,-0.467138973178,N
9321,0.76271339487,-0.337945754488,-0.2394130161,-0.662794634356,5
9322,0.749977252066,0.712538194104,1.00191689839,-0.996523167443,O
9323,0.171084490966,-0.255490209155,0.10204825688,-0.316482514731,D
9324,1.93252529985,0.246312840195,-0.141026811591,-0.530162228416,Q
9325,-1.05774509068,-0.974924406809,-0.138163668084,0.50749427439,H
9326,1.45092529268,-0.757698387582,-0.0953520457199,-0.783242478344,L
9327,-0.85149196031,0.531830081401,-0.000884832874349,1.09008844783,N
9328,-1.45522992648,-1.65130642134,0.176941162469,0.872048144356,Y
9329,1.61492737297,-1.21321204424,-0.481253085157,-0.417013545521,R
9330,-0.0844707071002,-0.277350251414,1.45142975013,0.084764073742,Q
9331,-0.5181126395,0.226027523031,-0.511796004744,-0.919189801343,I
9332,-0.972865815785,1.00420510815,0.120233141304,0.0420245997512,M
9333,2.83389146282,-2.10126036599,-0.429481838014,-0.463515049932,7
9334,-0.128270349801,-0.543379557898,-0.221872914332,-1.02900699991,D
9335,1.2479672656,0.12885030993,-1.5591854335,0.0442225359338,8
9336,0.273832207653,0.522074012213,-0.308342079956,2.69927626674,H
9337,0.702012139939,0.711724433547,1.16333553945,0.296342565636,4
9338,-1.01616433854,-0.354133698994,0.344964062178,-0.991717145794,B
9339,1.06324882728,-1.60978016501,1.58545234186,0.266229477001,J
9340,-0.345091855756,-1.7837325519,0.99536338098,-0.133127352441,H
9341,0.58027291123,0.858169734642,-0.411593834311,0.237032769553,Q
9342,0.242251380141,-0.0145725002239,-0.546432249808,0.329856322069,J
9343,0.399690118727,1.88321678065,-0.567522295935,0.406623115363,I
9344,-0.388245285516,1.91955177908,-0.905066936826,0.678331150429,I
9345,0.533743889572,1.90674601442,0.543798074993,-1.30882802925,B
9346,-0.978300644853,-0.936582646346,0.0904091533885,-0.218279913589,Z
9347,0.339442344569,-0.280249621951,-1.00701185586,-2.80808361019,X
9348,-1.67040365215,0.0766646690072,1.29803020109,-0.763384229448,F
9349,0.673709173872,1.49274874214,0.54797402281,-0.21453004323,K
9350,-0.860414392152,-1.05417317622,-0.213906071213,2.00459404389,5
9351,-0.697103088091,0.482458727851,-0.618269289508,0.46832546042,M
9352,-1.595699258,0.747178514991,0.439321734363,0.375915183795,C
9353,0.640864163329,-0.928822634893,0.139355578476,-0.740331951841,G
9354,0.504642371483,0.0813011615781,-0.524630774609,0.122069394944,Q
9355,-1.56057635517,-1.40874130154,0.544640810174,0.939580399542,P
9356,0.876947072215,0.969391778742,-1.06937456045,0.173287156582,W
9357,-0.99574766653,-0.962385194582,1.25743132987,-0.631645560594,R
9358,0.500235549767,-0.891189447424,0.463303711582,-0.39450123141,H
9359,-2.68733452364,-0.240996973166,-0.588066956412,-0.355681965761,A
9360,1.11229192519,-0.0268625158011,-0.144076658429,0.364360511234,V
9361,0.236182901499,0.113043321335,-1.38045374982,0.0287923325092,Z
9362,-1.09349419073,-0.94656249728,0.149382352342,-0.190454424156,Y
9363,0.676450248634,0.904576346819,0.854621267822,0.323596422009,J
9364,1.84171173892,0.439631156345,-1.26512150935,-0.7130287437,L
9365,-1.12860527791,-0.498973014223,-0.0799628298771,0.176692485018,O
9366,0.767857131539,-0.511653489057,-2.18141435994,-0.225151027299,S
9367,2.21922339462,-1.50715786572,0.901498948231,0.474151148398,L
9368,-0.0304388705899,0.912498133079,1.78049729509,0.437121618886,A
9369,1.03866081951,-0.390588986449,1.52163398484,1.43129877901,0
9370,-0.562847699886,0.630243211028,-0.055076707411,-2.03174199858,6
9371,-0.838190893841,1.91050059234,1.78492448135,-0.128931948702,5
9372,0.289629648945,1.53067290722,-1.67807010088,1.18281868986,V
9373,-0.458333386443,1.22967156917,-0.038086863698,0.961370489165,B
9374,0.607270919702,-1.16172766879,1.128580891,0.477947174106,Z
9375,1.13675096117,-0.617244498209,-0.103224928341,1.27397470921,6
9376,-0.499357001246,0.0824176514851,0.886325430417,-0.889349932532,K
9377,-0.0530786331086,-0.431909164702,-0.819709901449,-0.184382551556,X
9378,0.554388857689,-3.41544808181,-1.00800794735,0.0956364361786,J
9379,-0.437517905883,1.41621800826,-1.22369560488,-0.983090516508,C
9380,-0.562207056126,0.26643240258,0.282217485754,-0.572416652579,T
9381,0.282379064814,0.261255125512,0.38970012658,-1.35030545437,I
9382,1.03683079029,0.417989492642,-0.203445978253,0.483798676157,T
9383,-0.468093396047,0.346607093628,-1.77374773202,0.778592939632,X
9384,0.439716272699,-0.543873067464,0.113143588946,-0.889963518532,L
9385,-1.37494706434,1.85812561095,0.670141349612,1.64345039722,X
9386,-0.854070607979,0.0151225979044,0.606645377924,-0.924788887394,M
9387,-1.06491417838,-0.75226427386,0.635654031495,-0.847768533913,B
9388,0.328037718826,-2.20103509075,-0.640834771785,-0.762974021399,J
9389,-0.454491340371,-1.29681690578,2.02138698688,0.740482200426,Y
9390,0.495932976806,-0.706393240953,0.515892204902,-1.66452889496,D
9391,1.01509811308,0.25448136615,0.284005106318,0.0846178898836,3
9392,1.11009050854,-1.07843735256,-0.415990547218,-2.49707209912,F
9393,-0.787877349072,0.0236297063864,0.7913470345,-0.153286527989,Y
9394,0.0741205418627,2.94673670796,0.432237323415,-1.32222208221,4
9395,0.35342855129,-0.247717312554,0.0270991093519,-0.8727517262,B
9396,1.22420513996,0.710345339979,0.406203541908,1.36239436326,M
9397,-0.350708061042,-2.26332804205,0.280187557964,0.996977921218,Z
9398,0.207885888902,1.21936259874,0.120394429028,1.4164817797,M
9399,0.321767430171,0.997814544627,-0.141008953383,-0.214223069583,H
9400,-1.34352840794,-0.396485091799,-1.63834733693,-1.00633153068,0
9401,0.0223192577748,-0.704375089347,0.789894079467,-1.78064925419,J
9402,-1.53943926339,0.535849749487,1.97650932326,1.14605246914,4
9403,1.72177032018,0.110357738361,-1.42699106961,0.302452803603,C
9404,-0.122782703232,1.0179528959,-0.485182089307,-0.757532732116,R
9405,1.43788156947,0.462308988083,0.645183803592,-0.488187632764,9
9406,0.252518543508,-0.893763986209,-1.45102014416,-0.0375714708079,8
9407,1.42814001855,-0.307382228111,0.83523623261,0.318658934567,Z
9408,-0.653512584303,-0.826898221622,0.365600388917,-0.343441776258,X
9409,0.648526065008,0.382165727931,0.837119818479,2.05771302981,F
9410,-0.294030957524,1.86694743373,-2.42464104529,-0.594399243629,R
9411,0.546135512764,-1.1652909911,-0.0694930860228,0.839442562258,W
9412,0.0555903173585,0.460796082116,1.48077737332,-1.17394972208,K
9413,0.911487343891,0.336340804591,-0.890389890144,-0.131222395415,D
9414,-0.907505123734,-0.773818498491,0.12346139694,1.7238138304,C
9415,0.118950459723,0.898642337493,1.35942348119,-0.0251395016419,3
9416,-0.878654567323,-1.64017262638,-1.32403367272,1.13121059108,N
9417,-0.0195090687534,0.876112935533,-1.54975781181,1.65096516971,Z
9418,-0.00394339077814,-0.100710552307,0.0893260410262,1.22039805412,7
9419,-0.047169296907,-0.834209871166,-1.41768037596,-0.992629006235,G
9420,1.40810880852,-1.29737317132,0.331663635673,0.227962745993,M
9421,-1.2548590158,0.379769430064,0.234047833903,-0.412161262918,K
9422,0.532226558002,-0.576430066769,0.43398252735,-1.03456633891,C
9423,-0.440185697792,-0.920559501068,-0.886908087445,-0.717393448213,4
9424,1.75584352847,0.583304752123,-0.0230017894854,-1.24022240905,V
9425,0.326275027406,1.11890023602,2.10019897659,-0.302665366483,E
9426,0.0248800828258,-0.717322432289,1.40819580332,0.961345834295,H
9427,-2.33818700445,1.44802661918,-1.88231862791,0.0909206150754,B
9428,-2.32939753655,0.226032598024,-0.359550306075,-0.5455516848,V
9429,-0.203604287816,-0.371016242329,-0.120284759296,-1.31681269188,N
9430,1.62664704134,0.296329948808,0.314340903553,-0.0317415498562,6
9431,1.91553837462,0.902880160713,0.408402965813,0.380035754502,F
9432,-1.09537790015,-1.43646233529,-0.136635738729,-0.0764722286529,Q
9433,-1.58854993692,-0.192420492975,-0.125518628071,-0.116337654564,E
9434,0.677292248175,0.0215356207764,-1.54365114036,-0.254481873178,K
9435,0.146032559378,0.956711496135,-0.116032917948,-1.11825909448,X
9436,0.162938608377,-0.176831264211,-0.517488651292,-0.0864830176844,M
9437,0.446003820737,1.42139105029,1.8642327115,-0.231943635664,T
9438,-0.766637482273,0.849321807088,-2.2714823531,0.0979413653458,K
9439,-2.21232557542,0.371240253681,0.0767079166135,0.579677915908,Y
9440,0.449887859227,-0.382981989997,0.535168018616,-0.139049020421,Z
9441,-0.22639148269,-0.360102264648,-0.256502694834,-0.591465556768,Y
9442,0.731659744695,-1.8953074595,-0.977830033843,0.609794571862,X
9443,0.0931606166309,-0.941322320321,0.948940099357,0.907185151192,1
9444,-0.473135155994,-0.1540750458,-1.01919773462,0.46338232721,G
9445,-0.360482350751,1.12928193,-0.520626158038,-0.583512350911,M
9446,0.398427752894,0.931626627109,0.126570487381,-0.359562151167,3
9447,0.0564556589296,0.94288979243,0.4874905816,-0.32511113966,K
9448,0.919765871956,1.27189320756,0.325628696606,1.43833768786,J
9449,0.826459617836,-0.25257759857,-0.935144634831,1.41416706578,B
9450,0.239816750433,0.200545908818,0.676697575328,0.3592047039,Y
9451,1.00425814123,0.137819747451,0.340929542235,-0.534090208875,0
9452,-0.0229073465848,-1.52309532595,0.641033356976,-0.104280827356,I
9453,2.4553294856,-0.190568706751,0.302308755128,-0.480748487426,T
9454,-1.152558702,-1.85773366532,0.187128405436,-1.99597450275,O
9455,-1.5768358269,-1.95803125115,-0.140601892229,0.632314680729,S
9456,0.426067806495,-0.167195260612,-1.07538196693,-1.09232824787,K
9457,-0.716211974377,1.01534940901,0.488514171093,-0.6992617504,X
9458,-1.1598671543,-0.775871164631,0.605492118368,-0.297011919996,N
9459,-0.0882782310477,-0.206925043349,0.104637765647,0.87542263029,I
9460,-0.610495420468,0.557744325186,0.931148741404,0.436779495531,Y
9461,0.379393939959,-1.31754650069,0.00140961496578,0.96985594288,N
9462,0.864210601103,1.51959270512,1.2602381929,0.654337294173,A
9463,1.35042386322,0.345149395659,-0.829000624479,0.185953000235,U
9464,0.956002398058,0.566695204857,1.15097765137,-0.360039348231,K
9465,-1.01271561372,-1.02089482455,0.650649332577,-1.21644042254,G
9466,-1.08723895963,-0.949828161359,-0.645357741883,-0.859970423632,V
9467,1.61426399023,0.488728492246,2.35284924877,0.268150788043,H
9468,0.662645364559,-0.887112505745,0.476253176239,0.0604539992241,F
9469,0.00581733342224,-2.76375520888,-1.30054320118,0.542560717341,H
9470,0.763452968026,0.438033043611,-1.23117308352,0.806291070585,R
9471,0.0248338278421,1.11800758559,1.7370337438,-0.374937943514,Q
9472,-0.355464724764,-1.07655406598,0.96589934481,0.659140527992,A
9473,-0.74518760691,-0.782876983092,-1.2584832296,-1.05593621566,F
9474,0.202093188944,-1.28208773942,-0.779934818834,1.44364991599,3
9475,0.760750512349,0.0220584686976,-0.351377425527,0.211099278376,H
9476,0.557157571393,-1.87664885531,-1.43015225415,-1.65496850295,W
9477,1.31963869033,-0.215069650367,-0.362025126756,0.518274727985,B
9478,-2.28647075909,0.411293577858,-1.53916240694,-0.0914176934627,P
9479,-0.573243668227,-0.422649981043,1.46408364419,0.542438619748,L
9480,-0.55759050633,-0.698957716726,-0.993514769196,0.0759295578585,S
9481,1.33450280232,0.51301671119,-0.587333955623,-0.251175850978,N
9482,-1.49677491659,0.744357087817,-0.482187240495,-1.30800591706,X
9483,-1.17452662221,0.387195589984,-1.71853862967,-1.28141022865,Z
9484,-0.675109833043,1.19326561206,0.997501924819,-0.521572741003,I
9485,0.157038349596,-1.61630838977,-0.903543566356,0.350487107514,E
9486,-0.130342012064,-0.80397169943,-0.113091442772,-0.381548987444,P
9487,-1.34876562152,0.714155966661,0.0434317396693,-0.05786274716,C
9488,0.760157458407,-0.318976319748,0.433242506698,-0.439731006754,P
9489,-0.526895796936,-1.08364487888,-0.161763453781,0.660052577321,Z
9490,-0.461581875405,-1.05073081656,-0.426426617924,0.887175023523,S
9491,-0.222515257586,0.753492078298,-0.409288872365,-0.295382020178,E
9492,0.721114129926,1.01171595253,-0.271546139347,1.21177601187,R
9493,1.12135600853,0.468571303309,-0.336326278748,0.0786054495786,D
9494,0.164942302327,-0.266020553863,-2.14393727282,-2.11347073409,W
9495,1.34582221279,2.363194536,-1.40556763539,2.59980012504,4
9496,0.173217293679,-0.116328659231,0.373465620635,0.381805231146,4
9497,-0.289274079692,1.43935233765,-0.799853033499,-1.20854339236,U
9498,1.09400792323,0.049683461924,-1.44582026124,0.54020866487,E
9499,0.290745099581,0.590175351162,0.895260240084,-0.0255184294724,B
9500,-0.264040070601,-1.20405142085,0.504198843251,0.602873258819,Z
9501,2.02758398889,-0.0975764987238,-0.44568920093,1.96501777344,D
9502,1.34257307405,1.23139980051,1.72325729019,1.33221620567,F
9503,1.53604235709,1.58526435383,0.904740054914,0.972696763647,N
9504,-0.494592694128,0.00841829950128,1.51264658499,-0.114530825559,2
9505,0.796604424508,0.242222970311,-0.381732463187,-0.0061868522974,6
9506,-0.103387973006,0.690856569055,-0.217870281818,-0.399363176723,Z
9507,-1.055039179,1.26349828146,-0.294832615343,-0.131289713245,M
9508,0.769964218459,-0.077620842945,-1.56905718062,1.75986614729,J
9509,-0.38048180046,-0.444606035908,-0.959612675019,0.375137657139,L
9510,0.343651826068,1.65349651861,0.361989871334,1.41352143336,5
9511,-1.03716945797,0.466150540788,-0.483780259262,1.75466268238,6
9512,-1.37065976358,-0.0666614534728,0.780668543488,-0.341960144064,B
9513,-1.21895291966,-1.18545421346,-0.313376693344,0.509476841755,8
9514,0.32065739782,-2.37113525461,1.32758927225,-1.32668776082,Z
9515,-0.0213784655609,-0.062101449849,0.573616579247,-0.603958067001,L
9516,0.703793274237,0.0942090900064,0.212398830103,-0.698489941514,M
9517,0.126526890866,-0.597758058424,0.772461830038,0.406615119685,0
9518,0.47291713682,-0.828901504522,-0.236531944139,1.13817993646,Q
9519,-0.903719219671,-1.37777727709,-1.8441900683,-0.472677417323,9
9520,1.02434428182,-0.450260593235,-0.683783461487,-0.661728619468,6
9521,0.127562373998,0.164954534788,0.302059134943,-0.774068740856,B
9522,1.11430950795,0.0405451436899,-1.94560480062,-0.051612735138,Y
9523,-1.10512139069,2.33019862975,-1.632063769,-0.64205644547,I
9524,-0.638923156693,2.08778360298,-0.664266873688,1.27975890117,R
9525,0.394658235781,-1.41518093447,0.909132595548,-1.03002663758,A
9526,0.229628659311,1.2214494688,0.267325253875,1.54696487169,O
9527,-0.754185676927,-1.42834340554,1.64293143918,1.2988582937,G
9528,0.276273761718,0.759065379096,-0.779599533024,0.224756024803,T
9529,0.701377406387,0.12016209526,1.43200656513,-0.151164008576,V
9530,-0.595784982731,-1.44838128717,-1.43480865047,-1.8786321848,B
9531,0.500948697905,0.0705001032279,-0.443116787062,0.457912429478,A
9532,0.859546396113,2.78597107686,-0.532928794639,-1.13682821581,K
9533,0.711861098639,0.00273640226251,-0.400844152141,0.551365228914,R
9534,-1.44506248283,-0.611055479629,-0.322966946617,0.54738361468,6
9535,0.954099726062,-1.25736008385,1.00890258372,-0.906557894159,U
9536,-0.833364012238,1.0406937031,1.19796801517,-1.3129231091,3
9537,-1.29261411516,0.276692468154,-1.05074080457,1.53401268267,K
9538,-1.01376004699,-0.0665722579385,-0.620853922909,0.730213584512,M
9539,-0.97616887528,-0.974598183313,-2.19737016739,1.8523709141,J
9540,-1.32972968472,1.08533137785,1.98057404207,1.17684100975,S
9541,-0.218698468277,0.0846662862322,-0.173542400081,-0.651511227568,3
9542,-1.98299142137,1.64359853045,1.46859789992,1.51674179275,5
9543,1.16488438917,0.0207641547176,-0.533329246529,-1.14503459564,E
9544,-1.49179906211,0.00756441213769,0.616604667771,-1.03741379671,D
9545,-0.996030372591,0.137300541492,1.73178153808,0.175898039776,U
9546,0.30386104738,-1.05266161509,-0.970054546841,-0.785081314528,Y
9547,-1.0013319354,0.0171807790538,1.78241016157,-1.19056781967,O
9548,-0.336102391466,-0.821629065309,-0.62618517135,0.571428907549,Y
9549,0.422549798973,0.500042040825,0.513455808678,0.488155853567,I
9550,1.86787067037,1.4845820321,-1.35744289817,-2.62663711933,K
9551,2.00516672617,-0.685621936559,-1.56103048138,0.182441223881,L
9552,0.597000248932,0.22270846446,0.305167804049,-0.0805328901916,M
9553,-0.508773249441,1.02173424726,1.10864419183,0.943291270943,N
9554,-1.17902006177,0.0363309270846,1.04283678364,1.0882222048,Z
9555,0.951402041644,-0.307577808863,-0.368335406758,0.251812938517,3
9556,1.21833862783,0.713224474064,-1.29350675867,-0.760256789836,J
9557,-0.637574912267,0.26430508117,-1.31830080924,-0.356750794756,T
9558,-0.27995191575,-0.48078795117,0.570095362591,0.0642803216313,Z
9559,0.0701601952182,1.67139199387,-0.799068307941,1.15237521915,7
9560,0.765127419982,1.03266114891,0.20223758582,-0.111697075821,C
9561,-0.164872077134,-0.20505213879,-1.35280785366,1.07098723558,P
9562,-0.921248785596,0.130183091856,-0.494699786632,1.20031965974,W
9563,-0.772597691428,0.971765757827,-1.17280715891,-0.629113714662,N
9564,-1.1680476192,-0.763391523445,-1.10101726786,-1.2252818223,X
9565,-0.487140834685,-1.57001419911,2.02370105914,0.942097604306,Q
9566,-0.960109537535,-0.599788708126,-0.420131232746,-1.06030457269,R
9567,1.14577395971,0.271638101868,0.158536461126,-0.138008496423,E
9568,-0.193084172498,0.966615598408,-1.28847490105,-0.604217202991,F
9569,-0.32850330582,0.848667855713,-0.0465495757159,-0.34978376267,A
9570,-0.350641166323,0.682651801838,1.21311000355,-0.422607458982,4
9571,1.62355806957,-0.389625926884,2.02048547686,-0.204084789532,V
9572,-0.281836288141,0.799263959008,-0.0336468325356,0.0417077579466,2
9573,-1.37962724985,-1.12480709842,0.0765727947042,-0.908952629489,T
9574,-0.481684847988,1.31709990956,-0.913979033311,-0.677304004251,W
9575,0.574355859415,-0.732227953104,-0.158524395444,-1.79488993722,H
9576,-0.556245520489,-0.972948130828,-0.358833604218,-0.229476947367,W
9577,-0.66214197248,-0.182813043716,0.328314602924,2.25219423183,D
9578,-0.209264365144,1.11609716094,-0.839968459552,0.4917501115,Y
9579,0.412336945722,-0.46401227835,0.112052135657,0.829024115073,8
9580,-0.292731179187,0.152551896658,0.17142074717,-1.67651412448,A
9581,-0.810217142812,1.70764467309,-0.29562259442,0.205511313282,C
9582,0.443111229087,0.546865887965,-0.815407176367,-0.814718294187,8
9583,0.421462014369,-0.836823207563,1.42580423759,0.0523787733167,O
9584,-0.761552831379,-2.15348119654,-1.24191736203,-1.00006613764,Z
9585,-1.74084323204,-1.61840533097,-0.206716811748,0.0885236732286,8
9586,0.862218665973,-1.02809105415,0.132115501033,0.920400144314,N
9587,1.15134711632,0.109755691825,-0.987296792559,0.763409498777,7
9588,-0.910334540236,-0.982107231739,0.4902264385,0.643449468038,K
9589,0.761674334864,-0.617405895191,-1.65258477842,1.8755176619,X
9590,-0.994851042536,-0.10349657939,-1.57733488725,-0.537262764861,F
9591,0.41050036481,2.35197116378,-0.97447979132,0.163615325464,H
9592,0.36384323618,-0.331078602072,0.00841093443977,-1.8089522996,U
9593,-0.726562578488,-0.26114074372,0.243103290471,0.142010741304,H
9594,-1.01093123725,1.01473905996,-0.925784490381,-0.869490578157,N
9595,0.938798717736,0.421109969898,-0.105712068891,-0.563259551723,K
9596,-0.639066820623,-1.28946905741,1.12461840654,0.608780169403,3
9597,0.853379697811,-0.51483754096,0.0973156399369,-0.29752252718,U
9598,0.94774937481,0.259260159951,0.549507330206,-2.63681423282,L
9599,1.90534954455,-0.0120548434312,2.43179146247,1.23799691129,E
9600,-0.516668359351,-1.80923618898,0.416144059504,-2.28058797373,P
9601,1.02777951126,-0.0274045926422,-0.564503030393,-0.119946714041,A
9602,1.55120387297,0.466685124976,-0.641259955201,-0.18174401076,M
9603,0.926318464366,0.927290601245,0.117345511973,0.68985159387,S
9604,-0.632273080236,0.324688408795,0.298192933386,-1.0172733559,E
9605,-0.0158740950265,0.788400793745,0.638824670639,0.372047899762,1
9606,-0.010017321895,-0.32695451286,-0.31823590213,1.04604419541,8
9607,-0.634580292563,-0.522507979102,0.0685666156492,-0.884559531219,H
9608,2.05065268465,-1.18154915066,-0.533822033696,-2.12531292737,A
9609,-0.908868231614,-0.793014142453,-0.335109038577,0.0374922559769,A
9610,1.2241099505,0.958274145663,1.32975751534,-0.253768391221,1
9611,1.71814352165,-0.648634472817,0.1424226142,-0.403444926023,0
9612,-0.533004856114,-0.214491349788,-0.235922689724,0.9149299398,E
9613,-1.39075910696,0.211406286469,0.590674181073,0.0832624575212,Y
9614,-0.928091152254,0.70195625048,1.03917784458,-0.762259190043,B
9615,0.72867183608,-0.383445985935,-0.562925808581,0.423290394881,C
9616,0.370023897628,0.0320204251703,-1.26304989909,-0.661189728673,6
9617,-0.174517541449,-0.253561303185,1.36344112483,-0.352336950599,7
9618,-1.46212349337,-1.02408033265,0.516048048624,-0.274181111882,J
9619,0.149626247552,-1.25849281879,-3.14701156647,0.64737731324,T
9620,0.718572411262,0.122686536106,-0.264683241279,-0.0124673163138,V
9621,-0.583261123227,1.86609585372,-1.29196176134,0.501720480034,V
9622,-0.215772191528,0.0962581533943,0.500505854044,1.26603239651,I
9623,-2.00888695665,-0.463262449711,0.235280097167,1.5763809331,M
9624,-0.389030855657,0.756333089626,-0.7271883968,-0.241930389347,U
9625,0.0947555661679,1.44339510027,0.421278686475,0.521303731115,I
9626,0.2113972845,-1.09106242295,-0.885884935981,-1.17421052926,T
9627,0.86797079808,0.0598448838376,2.11767405721,-0.275678335507,I
9628,-0.689219615703,-0.498567456429,-0.75448693175,0.249617849825,N
9629,-1.42231259979,-0.799299043152,-0.81816832882,0.175178717878,0
9630,0.12105782063,-1.39175755391,0.540613703281,0.610207516437,H
9631,0.320296932058,2.23958793722,-1.14674139894,-0.510207686705,8
9632,-0.690141911162,0.491000756184,1.05833166104,-0.00898897852961,K
9633,-0.521702563056,-2.2992284354,1.04297429809,0.0224880517746,J
9634,0.255020814038,0.547389566602,-0.590398411856,1.0408746278,Z
9635,1.17362315346,-1.47036633704,0.391081992179,2.61473306864,Q
9636,0.408012033378,0.666054476474,-1.33205131558,-1.77327000572,2
9637,-0.40466508765,-1.82679566163,0.0510815643387,-0.38915532463,R
9638,1.31123318219,1.07163583275,-0.691517208418,-0.197166005505,A
9639,1.32948333693,-0.314181397961,1.1552500717,-0.310137704948,B
9640,-1.33495964376,-1.37341691193,0.0212635301145,0.902418238064,V
9641,2.26828155848,-0.00732947160686,0.394682682766,-1.67980344276,1
9642,-0.304685066971,-1.35629610351,-1.62041924033,-0.569421791226,5
9643,-0.530817561108,0.800831462137,-2.27478067246,0.170541062213,W
9644,-0.00179986983782,-3.4653558453,-0.827826077789,1.43080821594,8
9645,-0.261444375509,1.48631429918,-1.03957864586,0.719062435257,Q
9646,0.62762234217,-0.46919389474,-0.101264239068,1.89167555183,P
9647,-0.329298496659,0.0717152253405,0.479169387265,-1.0790751319,Q
9648,-0.742764960953,0.759029529798,-1.11810900429,0.884686955416,H
9649,0.383763774827,1.11581944114,1.33311278763,0.371440405137,1
9650,0.137338425346,-0.662399039657,1.7571400095,-0.909404566909,3
9651,-1.53960538842,-0.895458217211,-0.233274750243,2.66655612119,J
9652,0.0353039138924,-1.94248713729,1.24211758155,-0.184326342353,H
9653,0.182066404508,0.434355323079,-0.583836351776,0.616159546221,G
9654,-1.25990105329,-1.11409988744,0.283941450122,0.797891659445,C
9655,0.988201686454,-1.16336690726,0.115797150455,-0.048534985658,7
9656,0.236979548584,-1.60238488736,1.11837989374,-0.554615854672,F
9657,0.900937660768,0.716453965152,1.81187532375,-1.33070373795,K
9658,0.727674783924,-0.938173916416,0.479873744399,0.347832185007,X
9659,0.287110072224,-0.346400077377,-1.15967566037,1.04924310759,D
9660,-1.09946636266,0.356532775254,-0.167410152699,-1.17486770267,H
9661,2.1283707566,0.678285501341,-1.13497406993,0.492645207942,T
9662,-0.839113824688,-0.00629898159072,0.822816731551,-1.68470741455,9
9663,0.883543016678,-1.08390836156,-0.0563487493394,0.571913010804,3
9664,0.394935659169,0.935667577549,0.401927372893,-0.0626312737887,P
9665,-1.23974059305,-1.06399123524,0.117355131206,0.529984300876,N
9666,-0.921698915115,2.01375842574,0.578415807888,-0.832472037503,F
9667,-0.438838985571,-1.68872582237,-0.772547963494,-1.13887365375,T
9668,0.367193623945,0.588573768007,0.63705434795,0.636911713473,A
9669,-1.39824091937,0.701901911749,-1.6039740305,-0.00191015659499,G
9670,-0.759556384559,-1.76728167174,1.90306987097,-0.191658537688,X
9671,-0.0325374154026,0.924378833659,-0.148703780094,0.321012177688,7
9672,0.209908624091,1.62333189849,-1.14475403621,0.412215898863,1
9673,-0.457389497523,-0.117801477433,-0.32397183724,0.87981619223,H
9674,0.126167352241,-0.170581518245,-0.086927529729,1.42652676089,H
9675,1.38530572842,-1.47087255798,0.59369209983,-1.33194260542,3
9676,0.411997030112,-0.792781344662,1.11709531707,3.37295110815,B
9677,-0.794808010698,0.294574039582,-1.23511365799,-1.03851383432,Y
9678,-0.400434824925,-0.0408743084732,-1.53988520595,1.30612484373,J
9679,0.0699993363635,0.856248596248,-0.599017277237,-0.766095044295,6
9680,0.480274367534,0.934570545918,-1.23317116217,-1.02728893157,R
9681,0.169191485435,-0.24147182354,-0.199200577419,-0.42158335915,A
9682,-0.274242841274,1.46520620864,0.0983658151306,-0.166066319638,P
9683,0.350213524144,0.375084339419,-1.31954575896,-0.105641098649,7
9684,0.238529004497,0.37315459461,0.75596221298,-1.68183628998,G
9685,-0.222048141486,2.13619965929,0.197332538369,-0.539230303526,R
9686,0.375308784071,1.16542736895,-1.35745312889,0.612016863226,X
9687,-0.463572516619,1.76608711618,0.455837038526,0.255511649762,A
9688,0.279987620365,0.420717170016,0.805524014081,-0.755125227341,Q
9689,0.930874248303,0.0606505882541,1.62367108664,0.0860153472264,B
9690,-0.292948973947,-0.880245087659,-0.58117838012,0.654814808604,F
9691,-0.204133216404,0.333148655006,0.406851809035,-1.16939138914,M
9692,-0.242473906162,0.331982023684,0.290742328485,-0.278749501439,G
9693,0.145993094168,1.9304475604,1.72013936155,1.37752246006,M
9694,-0.617593289332,-1.61459102215,0.016190729139,-0.604622352054,L
9695,0.922978305801,-1.29205533331,-1.35199744332,0.283805565248,F
9696,-0.928138328936,0.852961137271,0.0244439954446,2.34055255809,G
9697,-0.821975954987,0.817373988272,0.451824760042,-1.5700276798,Z
9698,1.32173710851,-0.400620518794,-0.807798064685,1.01563144261,2
9699,0.711289457197,0.923190427705,-0.455170176161,1.06781436898,U
9700,-0.0473042822119,1.39417991714,2.34460962441,-0.0023966537126,M
9701,-1.68833560877,-0.34635181462,0.425520384037,-0.224832006719,V
9702,0.160532758569,-0.687899003181,-1.42119553711,-0.272782612488,G
9703,-1.06680985591,1.25993735104,-0.206259375156,-0.970698643303,U
9704,0.745745145667,0.218009162287,-1.16438909867,0.998143664553,N
9705,-1.11369373771,1.71432477317,0.0812320103556,-0.774843957654,U
9706,0.836288834404,-0.640711544732,0.214117823982,0.672352803796,O
9707,-1.25373252201,1.75515388592,1.00968391267,0.813606878515,B
9708,0.688122013016,0.107562816071,1.26869029345,1.58572469791,3
9709,-1.0009468033,0.543779192221,1.70153691822,-0.824417749374,I
9710,0.259233095573,0.384970064867,0.623987326179,-2.26782692831,T
9711,0.681097356909,1.81924389122,0.669091092328,-1.13871377546,M
9712,0.0795039851048,-0.515797218581,0.0340167738489,0.533996611324,Q
9713,0.408100718791,0.314262768717,-2.7008336357,0.8859132187,H
9714,-1.04382757147,-0.659637977971,-0.383559155064,3.06084605348,G
9715,-0.559462647597,0.347588219136,-1.73081163024,0.51756309002,6
9716,0.980145396606,1.3943268393,-1.45622420078,0.791639097546,T
9717,-0.723501045729,2.55827129575,-0.850818278873,-0.475866884991,L
9718,0.100228489579,-0.570544048368,-0.00256505707677,-2.14829278736,R
9719,-2.00615363112,1.06267593795,0.56906021752,0.418153033207,0
9720,1.69852127828,-0.877714779877,2.72960265078,1.44346405127,G
9721,0.151382624623,-0.519385612794,0.389304096496,-0.481319320882,1
9722,0.945800588359,0.619985495344,2.09055348836,-0.437160156717,5
9723,-0.921652202904,0.748417609237,-1.99396792327,-0.438938179369,E
9724,1.93629465427,1.16277968735,-2.15459014518,0.718838726399,G
9725,1.55096996594,0.188206649625,-0.850501609279,-0.990649082908,R
9726,0.482061362676,-0.204229296934,-0.500644028219,0.319990573079,B
9727,0.223549309464,-0.195633062902,-1.18184207473,0.874798163863,Y
9728,0.152340481812,-1.23936177911,-0.572878483917,2.02312146268,X
9729,0.364105113863,0.911929576062,-0.0565181763893,-0.468410058252,1
9730,-0.76629382399,-0.268946105462,0.72287957043,-0.744594427195,B
9731,0.769704932653,-1.63963520121,0.49883531679,-0.237019181977,T
9732,-2.18986993218,0.334059256748,-0.248977380577,-0.303729944929,T
9733,-1.21916745213,-0.0941635031273,-0.759448590448,-0.373387208339,P
9734,-1.33130261999,0.159015019349,0.488239986316,-0.421206185344,J
9735,5.66223950651e-05,1.47588379362,-0.493882954239,-1.34734418967,B
9736,0.427966081718,-0.46214280229,2.54893104406,-0.643161909124,N
9737,0.326544941745,-0.360347945999,-1.71274713701,-1.03105326798,K
9738,-0.85799476887,0.301968676798,-1.46687613655,0.306274571171,6
9739,-1.09745814607,0.394401226267,-1.25529302567,-0.439218073891,4
9740,0.172591073062,-0.264389854116,-1.4983040704,-0.0724826418581,P
9741,-0.537247253004,0.98716575092,-0.415319198617,-0.91104583769,K
9742,0.736183451939,0.215746005899,-0.396431235406,-0.0117007054873,T
9743,-1.91678390826,-1.35673032742,0.109771433938,-1.22650908046,G
9744,-0.583047285811,1.13782871975,-0.592200591531,0.409020223143,X
9745,-0.377472167522,0.867823616265,0.14636073339,0.649429871836,0
9746,-0.669547665812,0.118215338219,-1.47648593903,0.535221716864,I
9747,0.94305029621,-2.48024260876,0.571788750306,-1.37133136033,L
9748,-0.556300424355,2.47179482559,0.387172042862,-0.374153804257,W
9749,1.12951868617,0.415313347837,-0.0370965086442,-0.150884904396,Y
9750,-1.60041251525,0.159826095085,0.150359408882,0.0880602196173,J
9751,-0.792301914625,-0.76524690822,-1.02191016877,-2.05883831483,Y
9752,0.492471995323,1.07503848839,0.85528879451,-0.0210789627351,A
9753,-1.0371043808,0.431853941696,2.73007053165,0.452413048807,C
9754,0.486590504702,0.122527086827,1.38833975452,0.014269667216,P
9755,0.0316208497834,0.222669440668,3.02527302239,0.412352352536,5
9756,-0.516121355321,0.433223672609,-1.82153673285,0.666071365629,O
9757,-0.127360692927,-1.41909321855,0.364285103981,0.709469209782,2
9758,1.28661958577,-1.32458630079,0.498088685367,0.00187521138031,K
9759,0.941217850379,0.937460704898,0.993775149075,-1.54101090001,M
9760,0.140539288686,-0.675597555628,-0.0505261131976,-0.392512773928,F
9761,1.10081124131,-0.0718888144294,0.748639496112,0.926795818871,0
9762,0.904096042076,-0.387636017016,-1.83255018555,-0.0250052448144,R
9763,-0.723900813821,0.389482891181,2.04158480652,-0.193698755926,X
9764,-1.55629369485,-0.358824351591,0.0940718408771,-1.16363196789,0
9765,0.257939508589,-1.34435565921,-1.61586307322,0.534847399684,E
9766,-0.955549393968,0.72161034695,0.544828820953,-0.773343863284,C
9767,0.0849826475437,0.643734355643,0.924384402933,0.820763855794,P
9768,0.339438074384,-0.512475033534,-0.140745455826,1.77211735938,T
9769,0.738018907393,-1.09093175979,0.936386888804,-0.0371964282075,D
9770,0.498951192333,-1.60979591379,0.202239168837,0.333631436537,M
9771,-1.42127543108,-0.892238364289,-1.07919052889,1.36187145509,R
9772,0.571228139723,1.10725894135,-0.489435902443,0.439029935288,G
9773,2.34310409946,-0.0528592816379,0.536494792421,-0.256877717049,T
9774,-1.64971917155,-0.588895770961,-0.542998010496,-1.42952856916,Z
9775,-1.23145473495,-0.141106337919,-0.0452990875334,-2.03329026729,9
9776,2.04617613644,0.00349119312846,-0.419639438874,0.338628978631,B
9777,0.455333559288,0.586218618595,-1.65973347887,0.745404258902,W
9778,1.08503958745,-0.416365170868,-2.09440497656,-0.291052618483,P
9779,0.223690415104,1.39966068901,-1.0526317556,-1.19815587788,U
9780,0.285272152024,0.16757342445,-0.111291986358,0.310478952482,L
9781,0.063792644617,-0.837654458103,-0.677238472193,-0.626083547637,U
9782,0.0872846336079,-0.517900176368,-1.18433247226,-1.08661011473,R
9783,0.131171319839,1.34071851793,-0.134506607695,-0.599765053446,1
9784,0.413138822462,0.297188164955,-0.674360984798,-0.868656779474,M
9785,-0.725957164077,-0.998949099333,0.592401903876,-0.818485681309,U
9786,2.01910601018,-0.870474209704,1.63956888769,-0.0186482972906,C
9787,1.52281658748,0.863990876198,-1.08472489824,0.995037186146,L
9788,1.59949539848,0.878765691631,-0.0318207476758,-1.5411366179,U
9789,0.0325844034946,-0.830247392859,0.0935280139959,-0.88542083393,I
9790,-0.218408198958,-0.479249697084,0.269820430019,0.587702567725,4
9791,-0.811632885386,0.880449044913,-0.355220991965,1.26746285098,S
9792,-0.331629285299,0.758538821203,-1.84899196322,-1.41798317763,2
9793,0.732672048983,-0.744897874133,0.512209365425,1.41749465308,O
9794,-1.28084916124,1.2000188395,-0.946479986539,-1.23655019214,G
9795,-0.154020827453,-0.413900354315,-0.475061072166,-0.452329618785,Q
9796,-0.232235333519,-0.36847173223,0.993501179895,-1.02101002345,P
9797,0.781139612664,1.34234562331,0.913417802472,1.77422225806,0
9798,1.68121039922,0.372873798085,1.31129817203,-1.13375682387,K
9799,-1.24054657395,-1.16822655788,-0.580810292768,1.07676416929,U
9800,-1.29491390531,0.331681667567,-0.085695222413,-0.380569203981,A
9801,-0.049305332823,-2.43881064713,-0.682628072115,-0.573967632167,P
9802,-0.650771376287,-0.881442495616,-1.6948258761,1.43701618875,K
9803,-0.3963280984,-0.0452369599772,-0.82059866906,0.975118263886,1
9804,1.39805690189,-0.416834817448,-0.527764816545,0.655062660925,I
9805,-0.491837526362,0.252637810754,-0.712339559884,-0.134047513446,Q
9806,-0.336568550864,-2.26989907835,-1.0710227466,0.943109716272,U
9807,0.756196944988,0.732624671297,-1.37274103159,2.87887107534,W
9808,-0.269079207469,0.639092505229,1.24410594108,-2.13611141214,C
9809,-0.308117543971,1.03423229452,-0.431444965322,0.994420033434,D
9810,-0.477304770346,0.350103060467,-0.825060983305,-1.61021866996,W
9811,-0.197311266495,1.49938437912,-0.450783103794,-0.543043564902,0
9812,-1.05625253562,1.32937402811,0.133393393512,-0.675953526835,M
9813,1.65880033704,1.2109383643,0.302966029029,-1.9723372194,B
9814,0.754500105805,-2.84593272352,1.25348652021,0.339283681809,2
9815,0.297284273164,0.420508090238,0.580422608514,0.909306175305,F
9816,-0.76321762939,-0.644610022908,0.200416889937,1.01539426888,N
9817,-0.193426879311,-0.461657552917,-0.340601033085,0.79847612844,E
9818,-0.0863577789857,0.278118692284,-0.796804928082,-0.224211991875,E
9819,-0.349744701235,0.754808662329,1.09616927863,-1.31170459798,5
9820,0.961266099257,-1.46778844208,-0.381348688075,3.41273351296,T
9821,0.673155528024,-0.895039545756,-0.887768316474,1.03686108804,8
9822,1.67472533372,1.31104788835,-2.12170769834,0.744071402699,3
9823,-0.855255037706,-1.54022504577,-0.44504266492,-0.937946606221,B
9824,1.67778291259,0.670607667605,1.07874713842,0.26864676133,T
9825,0.951291266659,-1.04088336394,1.45237389809,0.205420588348,5
9826,-0.683097887861,2.9216360691,-2.35528521138,-0.835637235212,E
9827,1.34426326251,-0.900980064491,0.568158456451,1.05577289501,G
9828,-1.10859803141,-0.652089420449,-0.564324183872,0.768528153968,V
9829,0.866475879819,1.01904456102,-1.3055447184,-0.511820733324,Y
9830,0.0336227249884,-0.521880676982,0.35910131472,-0.119273822888,X
9831,1.31906604769,-0.396321693019,-1.24960484384,0.121016911634,4
9832,-0.199601266224,1.00674727456,-1.41558472498,0.691379397029,Q
9833,-1.02301936727,1.19496379397,0.255706928476,-0.457100512662,O
9834,0.0652278045305,-0.575107373281,0.182695662891,-0.828034532989,W
9835,-2.82599726093,-1.29774434477,1.04919134315,1.84040399386,6
9836,-0.179054955592,1.17439327596,1.73468010559,-1.91880005489,D
9837,-0.729083204046,-1.31977350694,1.5283421117,-1.09292106377,W
9838,0.104814349187,-0.552227972234,1.35323818987,0.630351971381,6
9839,-0.255672483988,0.775342891726,0.387702137828,0.0418494551318,E
9840,-0.587911322785,0.873910372309,-0.304845920201,-1.05027521033,G
9841,-1.33426075553,0.244746876054,0.467975323645,-0.815458542903,E
9842,0.438789581994,0.395960469908,0.579843229114,-0.738805475948,J
9843,0.000146530085908,-0.713570904478,-0.727029685305,0.207665206445,S
9844,-0.693389161461,0.133031836655,-1.81038531981,-0.206715974803,T
9845,0.312562281614,0.702847315732,0.531875411792,-0.419881861122,R
9846,-0.72994891374,0.909011091713,-0.368559501292,0.712992749964,V
9847,0.0295548609596,-0.0529727450304,0.687465466262,-1.87728427811,S
9848,1.04361055558,-0.0838950974768,-0.563813578305,-0.637313722505,4
9849,1.33212030119,0.432326957381,-1.0716308531,-0.353301446466,F
9850,0.433454205741,0.493090342954,-0.430091219215,-1.24739175022,9
9851,-0.388183036252,0.717130413588,0.104644785048,-1.34474922968,A
9852,-0.309841435596,-0.0556518391709,-0.471842937587,0.286450798247,O
9853,-0.10828356148,-1.61065829236,0.452592196848,1.94223950052,3
9854,-0.124121110466,-0.454045802778,0.0193995787656,0.700822612342,F
9855,1.11394609825,-1.85683176362,0.81443068184,1.19548157654,4
9856,-0.685256694272,0.124450265983,-0.505895355436,0.642685156877,M
9857,-0.631721617603,-0.143666478319,1.08793628245,0.219917483414,9
9858,-0.187874760576,-1.48158409815,-1.0547680998,0.20038830298,I
9859,2.41239638962,-0.338503880638,-3.23439138156,-0.688067285952,4
9860,-1.9462312239,1.37207972876,-0.221379762679,-1.12699594624,W
9861,-0.226293445835,0.0401963494412,-2.77001770957,1.11509332768,F
9862,1.00806977374,-0.423869233278,1.8897126832,0.348197686869,D
9863,0.971149249318,-1.32616582025,-0.354045936994,-0.327411143482,C
9864,1.36353051114,0.135903703892,1.46731318356,-0.127779495965,5
9865,-0.19197145977,-0.123172297399,0.510274218386,0.399055290176,U
9866,-0.751564616688,1.86823193803,0.0886936677273,0.470142846466,0
9867,-0.699964735883,-1.76355121411,1.82848889807,-0.880434405584,U
9868,0.0260083276047,0.920829784862,0.371928190593,1.21384797207,3
9869,0.680894289163,0.578016409835,-1.21484038451,1.44762363744,N
9870,1.39327052397,0.0435632544791,-1.146234218,1.17880695603,6
9871,-2.19086950852,0.44790006442,0.982867191279,-0.103476657828,2
9872,0.849065019414,-0.657636267962,-1.70064256543,-1.23527182936,D
9873,0.356928303944,0.729238575934,-1.16525974664,0.0969562541038,I
9874,-0.615839157106,-1.02152825853,-0.775866788286,-0.585817912809,P
9875,0.0941280496711,-0.637392107258,2.35679915261,-0.716469860111,V
9876,1.38850825692,-0.0234837365833,0.376429178738,1.64489617536,F
9877,0.418292759723,-0.817763260527,0.0175127262705,-1.00715977501,T
9878,-1.02322878472,-1.66426790996,1.29433373219,0.333396239157,Z
9879,-0.357209186505,-0.812384920199,0.164543846545,0.395520652446,7
9880,0.243235091968,0.198340970477,0.146675326609,-0.912407950633,I
9881,0.100768448376,-0.111568568318,0.442554649842,0.655966490529,U
9882,0.202153755435,-0.403594279834,1.08693821044,0.0571988931779,Q
9883,0.682939474818,-1.25740887569,-1.03095120356,-0.695575887968,M
9884,0.224673650561,-1.28298191411,0.170885761371,-0.72666181024,K
9885,-0.81574968852,0.0416703835773,0.449463712687,-2.60614480621,U
9886,-0.670342332976,-0.181165069273,1.51316512869,0.241033275228,V
9887,-0.421222629323,-0.506196052729,0.667947006081,-0.252557001408,U
9888,0.0356510040138,-0.0349447892103,-0.354961292903,-1.00323924187,B
9889,-0.853609950686,-0.436814381594,-0.871246067907,-0.0162318805644,V
9890,0.720569698538,-0.12368692566,-1.70015409095,0.301859068104,G
9891,1.00600208149,-0.282086676389,2.90520202543,1.60357122905,J
9892,1.33078157887,1.25342207656,-0.876879953169,-0.939893841763,X
9893,-1.13908371589,0.521191884293,-0.693467894987,0.703674352254,M
9894,0.32237578151,0.314142765689,0.260488034437,-0.496940556074,C
9895,0.998554474257,-0.814302246659,1.04821975405,-0.0615903771574,S
9896,-0.00502519161042,-0.711575161614,-1.7320073944,-0.517527817753,U
9897,-1.57729022239,0.516398621773,1.19967266911,-0.512883724356,K
9898,-0.856402921327,0.0317180388109,-0.48867731018,-0.819806621925,L
9899,0.879164164607,-6.87039017353e-05,0.0851421932229,-0.737687908672,L
9900,-0.917820624958,0.0583672724068,-0.531512220961,-0.812805362046,N
9901,-0.759938801046,0.10565513117,0.0517595045228,1.12498746591,Z
9902,-0.179007752923,0.577350578,0.638650462054,1.51324343654,Q
9903,-0.792080993285,0.311284469838,-0.154407809749,-0.351270888659,X
9904,-1.33130391846,0.893180615133,-0.0818464184847,-0.294822978963,O
9905,-1.1975743343,0.568163820583,1.98516367888,0.583706200654,H
9906,-0.0910102711284,-0.72764821894,0.315931873022,-0.0314558889142,C
9907,-0.228641076424,0.00979227123029,0.409629522564,0.028353200635,2
9908,1.42908929255,-0.0297455723289,-0.140590061656,1.00768745361,L
9909,-0.851548444586,-0.260413376981,-0.407416098231,0.0683278470549,3
9910,0.451367134559,0.434449932361,0.70073558306,0.190064683453,9
9911,1.27320362836,1.48258566991,-2.01227159324,-1.37778539264,8
9912,0.665903957171,0.656232757675,0.304479707619,0.159378844096,W
9913,0.206585239638,-1.10114726087,-0.707540897003,-0.978277029763,3
9914,0.990034482357,0.111278235777,-0.503771947105,-0.895681219964,W
9915,-0.684401120074,0.509116920103,-0.957427019668,0.130915958699,P
9916,0.034603865237,0.769922070912,0.168947506298,-1.61044278835,A
9917,2.48734717001,-0.258828717066,-0.970272174128,-0.531656068783,C
9918,0.842772347254,2.66506017346,-0.0933887692822,-1.22298581578,T
9919,0.556821533814,2.10532106684,0.408342363677,-1.06952799595,S
9920,-0.566608487663,-1.80612311106,0.00723679397273,1.14246042313,9
9921,-0.347958047771,-1.70329780095,-1.27677896747,0.016063414931,G
9922,1.68928528604,-0.243741291762,-0.0328599153251,-0.699973544707,S
9923,0.512343746976,1.10588560379,0.996068399717,1.86630341595,M
9924,-0.695322671369,-1.13816410412,0.995712525369,-0.789439880785,E
9925,-0.494161886817,-2.27768988196,-0.0927977432127,-0.0412041183027,Y
9926,0.102128255696,-0.497692506439,-1.2404019268,-1.37668191774,O
9927,0.532616345844,-0.955477479034,0.825892603513,2.39044789991,R
9928,-1.27174117295,2.01804584008,0.124696038762,-1.1380608374,E
9929,1.16388529444,-2.19758759565,-1.19805498631,-0.422572367407,Q
9930,-0.679812513384,0.274314278446,-0.178447578753,-0.426898618812,H
9931,0.933633898912,0.350503634407,-0.468304135728,1.15617294229,G
9932,0.648978269635,-0.0959148686079,-0.0638389788879,0.0860773134828,D
9933,0.611148995312,-0.742646729166,-0.250950798954,1.6108752152,A
9934,-0.141520498289,-0.351262783086,1.96506991024,0.297953599083,R
9935,-0.684331972915,1.01187460935,0.70650636507,-0.181270681137,W
9936,0.268776734778,0.214678354876,0.42727178463,0.521098868458,M
9937,1.16729953082,-0.0180285216823,1.08684065028,-0.686287395778,U
9938,0.329986083788,0.299002867554,-1.50203698932,-1.86698381909,I
9939,1.02625695504,0.389163275741,-0.433496404284,0.159209973881,K
9940,1.47801112182,-0.29544722812,-0.276814207824,-0.3162505872,Q
9941,-0.343394172769,-0.0835139027575,3.05334492778,-0.57314918205,J
9942,-0.0304983004796,-0.380566259652,0.482507158938,0.00452875346031,Z
9943,1.00378858999,-0.688903430455,-0.627384063578,0.704902457771,Y
9944,-1.46697079336,-0.0862892733564,-1.82922699204,-0.21229006081,I
9945,-1.07101254008,-1.46101742425,1.33743575745,2.29750830376,C
9946,-1.59475998689,-1.0956867318,-0.941550586512,-1.54025750712,6
9947,-0.621688855453,0.613429557372,-0.756052306212,0.647458293632,J
9948,-0.891974106918,0.507887559927,-0.220682668061,0.0622325247424,0
9949,-1.18633164337,-0.45056234874,-0.546765766983,-1.05726599285,I
9950,-0.166791134618,-1.10568393926,-0.0788695450821,0.0521644667501,N
9951,-0.188106064548,-0.248578049448,0.490971120252,1.54771167874,Q
9952,-0.138187582345,1.18774063338,1.90246012098,0.953902720226,H
9953,0.104037779949,-0.113550963079,0.764308215447,-0.918112487536,T
9954,-0.0105891245446,1.30018068416,0.796238870636,0.982547428655,I
9955,-1.02515245618,0.896530652279,-2.33638014354,1.03323190369,9
9956,1.85135657271,-1.35936736304,2.39693285678,0.21464761982,R
9957,0.683998573878,0.638675296326,-0.27729610029,-0.996665031687,L
9958,0.0861463712494,-0.918117142863,-0.541719770848,0.536130968068,A
9959,0.84185677345,0.913906538505,-2.57507869955,0.794486917428,I
9960,-0.890223307632,0.58286442763,-0.999817944464,0.472839464612,L
9961,0.365284774282,1.43914146245,1.54964189908,-0.181554052833,S
9962,0.172716412222,0.202306824443,0.956202781979,-0.145276849671,Y
9963,-0.830696473284,2.15207551169,1.15964228021,1.23727862354,0
9964,1.07897929966,0.0313087868678,-0.134672010112,0.438420092912,S
9965,0.505521795956,0.563120003372,0.752423766826,1.25290897961,T
9966,0.120993682064,0.416448592196,-0.643344448819,0.585661214561,9
9967,-0.686920732051,0.439469047074,0.320119462122,0.84197659869,I
9968,1.54067741422,-0.824946411537,1.04644435733,-0.890283085945,Y
9969,-1.63069019177,0.467838170439,0.299393737409,-0.0865049052479,Q
9970,0.633494778804,-0.186524009218,0.927626965339,0.143163919205,4
9971,0.308635854456,-0.112857308281,0.762842218963,-1.07297708256,1
9972,-1.62705067432,-0.97815141263,0.154744635774,-1.22903670661,Z
9973,0.3148469838,0.0979888456607,0.199608299962,0.95519346772,P
9974,1.6669071275,0.992005251442,0.496127673055,-0.686391014806,S
9975,0.0106028383268,0.708539635302,-1.25871092114,0.226540952916,K
9976,0.11869281378,-0.714454714392,-0.50134244455,-0.254763929933,K
9977,0.302616230947,-2.01152735667,-0.628084547049,0.768826864455,H
9978,-0.0985721257172,1.76908645538,-0.215026976047,-0.053076199659,A
9979,-0.0190579326345,1.96499405621,0.738537929544,-0.883775928618,F
9980,-0.595349058225,0.00178120547993,-1.42335533545,-1.45847723898,M
9981,1.39217049077,-1.39655962763,-1.42530626093,-0.847535140771,H
9982,-0.896028542768,-0.152287244864,1.92448322383,0.365183971059,6
9983,-2.27464172743,-0.901873739278,1.50035163127,0.996540537761,N
9984,-0.30189755765,1.01990578818,1.10216033286,2.62452608968,I
9985,-2.54838896657,-0.585373738403,1.496201467,-0.718814745545,D
9986,-0.0645879626599,0.759291883006,-1.56841485777,-0.420933037922,E
9987,-0.143365411354,-1.11175954725,-1.81558086703,0.435273612751,2
9988,-0.070412399543,-1.05592096242,0.338016708521,-0.440762523974,X
9989,0.649148000252,0.994272913069,-1.38422724628,0.485120032364,Q
9990,-0.370768721563,0.404356340287,-1.05162846226,-1.05089891162,8
9991,-0.409980111625,0.155627076006,-0.81898965427,1.27735013287,W
9992,0.301213589188,-1.11120335047,0.668257684091,0.671921855703,A
9993,1.82111702878,0.416444799351,0.173874079053,0.505118430246,X
9994,0.0688036448846,1.32275858021,0.802346253327,0.223617809159,H
9995,2.31189587899,-0.41707032545,-1.40959852635,-0.515820726027,L
9996,-0.479892969973,-0.650418530998,0.745152119818,-0.646037876591,E
9997,0.523330748868,0.787112113221,0.486066142508,1.09315580825,K
9998,-0.362559431988,0.598893993038,-1.84320146381,0.887291508481,G
9999,-0.0963755510259,-1.01299883547,-0.657431480807,-0.573315211841,0
